{"이미지 정보":{"이미지 식별자":1026766,"이미지 높이":1049,"이미지 파일명":"jk1271c8a-jk1271c8a-s_7.jpg","이미지 너비":800},"데이터셋 정보":{"파일 생성일자":"2020-11-11 14:04:36","데이터셋 상세설명":{"렉트좌표":{"아우터":[{"X좌표":0.502605,"Y좌표":367.436,"가로":776,"세로":632}],"하의":[{}],"원피스":[{}],"상의":[{}]},"폴리곤좌표":{"아우터":[{"Y좌표40":376.931,"X좌표39":311.003,"X좌표38":354.003,"X좌표37":390.003,"X좌표36":408.003,"X좌표35":481.003,"X좌표34":558.003,"X좌표33":642.003,"X좌표32":703.003,"X좌표31":717.003,"X좌표30":766.003,"Y좌표37":367.936,"Y좌표36":404.913,"X좌표8":36.0026,"Y좌표39":394.919,"X좌표9":91.0026,"Y좌표38":389.922,"Y좌표33":536.829,"Y좌표32":563.812,"Y좌표35":441.889,"Y좌표34":489.859,"Y좌표31":619.777,"Y좌표30":637.765,"X좌표2":277.003,"X좌표3":200.003,"X좌표1":294.003,"X좌표40":296.003,"X좌표6":1.00261,"X좌표7":1.00261,"X좌표4":118.003,"X좌표5":71.0026,"Y좌표26":727.708,"Y좌표25":709.72,"Y좌표28":708.72,"Y좌표9":738.701,"Y좌표27":746.696,"Y좌표22":754.691,"Y좌표21":803.66,"Y좌표24":687.734,"Y좌표23":697.727,"Y좌표20":818.651,"X좌표19":556.003,"X좌표18":511.003,"X좌표17":416.003,"X좌표16":391.003,"X좌표15":306.003,"X좌표14":171.003,"X좌표13":153.003,"X좌표12":151.003,"X좌표11":137.003,"Y좌표4":526.669,"X좌표10":147.003,"Y좌표3":450.717,"Y좌표2":406.745,"Y좌표1":375.765,"Y좌표8":734.704,"Y좌표7":761.687,"Y좌표29":624.773,"Y좌표6":607.784,"Y좌표5":579.802,"Y좌표15":1000.54,"Y좌표14":982.547,"Y좌표17":995.539,"Y좌표16":986.544,"Y좌표11":817.651,"Y좌표10":704.723,"Y좌표13":970.555,"Y좌표12":828.644,"X좌표29":778.003,"X좌표28":776.003,"X좌표27":746.003,"X좌표26":700.003,"X좌표25":696.003,"X좌표24":579.003,"X좌표23":562.003,"X좌표22":568.003,"X좌표21":571.003,"X좌표20":566.003,"Y좌표19":963.559,"Y좌표18":984.546}],"하의":[{}],"원피스":[{}],"상의":[{}]},"라벨링":{"스타일":[{"스타일":"스트리트","서브스타일":"톰보이"}],"아우터":[{"기장":"하프","색상":"실버","카테고리":"패딩","디테일":["포켓"],"소매기장":"긴팔","소재":["패딩"],"프린트":["무지"],"넥라인":"후드","핏":"오버사이즈"}],"하의":[{}],"원피스":[{}],"상의":[{}]}},"파일 번호":1026766,"파일 이름":"jk1271c8a-jk1271c8a-s_7.jpg"}}