{"이미지 정보":{"이미지 식별자":1027966,"이미지 높이":1049,"이미지 파일명":"jk1407c8b-jk1407c8b-s_8.jpg","이미지 너비":800},"데이터셋 정보":{"파일 생성일자":"2020-11-11 14:11:57","데이터셋 상세설명":{"렉트좌표":{"아우터":[{"X좌표":-2.46875,"Y좌표":-0.5,"가로":764,"세로":1021}],"하의":[{}],"원피스":[{}],"상의":[{}]},"폴리곤좌표":{"아우터":[{"X좌표39":62.0312,"X좌표38":114.031,"X좌표37":136.031,"X좌표36":162.031,"X좌표35":162.031,"X좌표34":146.031,"X좌표33":210.031,"X좌표32":254.031,"X좌표31":314.031,"X좌표30":354.031,"X좌표49":286.031,"X좌표48":256.031,"X좌표47":214.031,"X좌표46":192.031,"X좌표45":154.031,"X좌표44":116.031,"X좌표43":72.0312,"X좌표42":32.0312,"X좌표41":-1.96875,"X좌표40":0.03125,"Y좌표26":673.357,"Y좌표25":559.466,"Y좌표28":783.253,"Y좌표27":725.308,"Y좌표22":19.9809,"Y좌표21":5.99428,"Y좌표24":347.668,"Y좌표23":163.844,"Y좌표20":59.9428,"X좌표53":382.031,"X좌표52":370.031,"X좌표51":344.031,"X좌표50":328.031,"Y좌표29":829.209,"Y좌표15":467.554,"Y좌표14":663.367,"Y좌표17":169.838,"Y좌표16":285.727,"Y좌표11":889.152,"Y좌표10":897.144,"Y좌표13":845.194,"Y좌표12":857.182,"Y좌표19":89.9142,"Y좌표18":123.882,"Y좌표48":7.99237,"Y좌표47":49.9523,"Y좌표49":0.0,"Y좌표44":137.868,"Y좌표43":359.657,"Y좌표46":59.9428,"Y좌표45":83.9199,"Y좌표40":977.068,"Y좌표42":619.409,"Y좌표41":855.184,"Y좌표37":971.073,"Y좌표36":899.142,"X좌표8":758.031,"Y좌표39":1021.03,"X좌표9":760.031,"Y좌표38":1019.03,"Y좌표33":855.184,"Y좌표32":861.178,"Y좌표35":859.18,"Y좌표34":813.224,"Y좌표31":859.18,"Y좌표30":845.194,"X좌표2":584.031,"X좌표3":664.031,"X좌표1":532.031,"X좌표6":738.031,"X좌표7":758.031,"X좌표4":756.031,"X좌표5":762.031,"Y좌표9":897.144,"X좌표19":526.031,"X좌표18":554.031,"X좌표17":554.031,"X좌표16":542.031,"X좌표15":554.031,"X좌표14":568.031,"X좌표13":596.031,"X좌표12":638.031,"X좌표11":640.031,"Y좌표4":99.9047,"X좌표10":710.031,"Y좌표3":57.9447,"Y좌표2":13.9867,"Y좌표1":3.99619,"Y좌표8":589.438,"Y좌표7":303.71,"Y좌표6":183.825,"Y좌표5":167.84,"Y좌표51":5.99428,"Y좌표50":0.0,"Y좌표53":19.9809,"Y좌표52":17.9828,"X좌표29":412.031,"X좌표28":436.031,"X좌표27":442.031,"X좌표26":458.031,"X좌표25":454.031,"X좌표24":426.031,"X좌표23":434.031,"X좌표22":382.031,"X좌표21":532.031,"X좌표20":516.031}],"하의":[{}],"원피스":[{}],"상의":[{}]},"라벨링":{"스타일":[{"스타일":"클래식","서브스타일":"페미닌"}],"아우터":[{"기장":"노말","색상":"블랙","카테고리":"점퍼","옷깃":"셔츠칼라","디테일":["지퍼"],"소매기장":"긴팔","소재":["퍼"],"프린트":["무지"],"핏":"루즈"}],"하의":[{}],"원피스":[{}],"상의":[{}]}},"파일 번호":1027966,"파일 이름":"jk1407c8b-jk1407c8b-s_8.jpg"}}