{"이미지 정보":{"이미지 식별자":1030842,"이미지 높이":1049,"이미지 파일명":"jk1753c98-jk1753c98-s_4.jpg","이미지 너비":800},"데이터셋 정보":{"파일 생성일자":"2020-11-11 14:27:42","데이터셋 상세설명":{"렉트좌표":{"아우터":[{"X좌표":4.20312,"Y좌표":1.5,"가로":770,"세로":1040}],"하의":[{}],"원피스":[{}],"상의":[{}]},"폴리곤좌표":{"아우터":[{"Y좌표40":408.0,"Y좌표41":448.0,"X좌표39":576.703,"X좌표38":576.703,"X좌표37":586.703,"X좌표36":649.703,"X좌표35":730.703,"X좌표34":743.703,"X좌표33":736.703,"X좌표32":732.703,"X좌표31":761.703,"X좌표30":774.703,"Y좌표37":12.0,"Y좌표36":6.0,"X좌표8":55.7031,"Y좌표39":296.0,"X좌표9":19.7031,"Y좌표38":118.0,"Y좌표33":259.0,"Y좌표32":322.0,"Y좌표35":58.0,"Y좌표34":136.0,"Y좌표31":414.0,"Y좌표30":506.0,"X좌표2":516.703,"X좌표3":452.703,"X좌표41":559.703,"X좌표1":554.703,"X좌표40":572.703,"X좌표6":138.703,"X좌표7":71.7031,"X좌표4":369.703,"X좌표5":193.703,"Y좌표26":911.0,"Y좌표25":975.0,"Y좌표28":609.0,"Y좌표9":690.0,"Y좌표27":813.0,"Y좌표22":875.0,"Y좌표21":773.0,"Y좌표24":1004.0,"Y좌표23":962.0,"Y좌표20":524.0,"X좌표19":569.703,"X좌표18":566.703,"X좌표17":548.703,"X좌표16":509.703,"X좌표15":292.703,"X좌표14":231.703,"X좌표13":180.703,"X좌표12":138.703,"X좌표11":66.7031,"Y좌표4":4.0,"X좌표10":4.70312,"Y좌표3":2.0,"Y좌표2":232.0,"Y좌표1":454.0,"Y좌표8":553.0,"Y좌표7":487.0,"Y좌표29":581.0,"Y좌표6":292.0,"Y좌표5":85.0,"Y좌표15":1038.0,"Y좌표14":1003.0,"Y좌표17":971.0,"Y좌표16":1042.0,"Y좌표11":904.0,"Y좌표10":892.0,"Y좌표13":978.0,"Y좌표12":903.0,"X좌표29":752.703,"X좌표28":739.703,"X좌표27":767.703,"X좌표26":768.703,"X좌표25":770.703,"X좌표24":739.703,"X좌표23":685.703,"X좌표22":621.703,"X좌표21":587.703,"X좌표20":558.703,"Y좌표19":643.0,"Y좌표18":824.0}],"하의":[{}],"원피스":[{}],"상의":[{}]},"라벨링":{"스타일":[{"스타일":"젠더리스","서브스타일":"레트로"}],"아우터":[{"색상":"블랙","서브색상":"화이트","카테고리":"재킷","옷깃":"테일러드칼라","디테일":["싱글브레스티드"],"소매기장":"긴팔","프린트":["체크"],"핏":"오버사이즈"}],"하의":[{}],"원피스":[{}],"상의":[{}]}},"파일 번호":1030842,"파일 이름":"jk1753c98-jk1753c98-s_4.jpg"}}