{"이미지 정보":{"이미지 식별자":1031783,"이미지 높이":1049,"이미지 파일명":"jk1879c9a-jk1879c9a-s_6.jpg","이미지 너비":800},"데이터셋 정보":{"파일 생성일자":"2020-11-11 14:33:13","데이터셋 상세설명":{"렉트좌표":{"아우터":[{"X좌표":-0.493067,"Y좌표":13.5056,"가로":778,"세로":781}],"하의":[{"X좌표":131.0,"Y좌표":842.5,"가로":547,"세로":200}],"원피스":[{}],"상의":[{}]},"폴리곤좌표":{"아우터":[{"Y좌표48":40.003,"Y좌표47":68.0002,"Y좌표44":136.993,"Y좌표43":131.994,"Y좌표46":88.9981,"Y좌표45":117.995,"Y좌표40":76.9993,"Y좌표42":177.989,"Y좌표41":120.995,"X좌표39":385.471,"X좌표38":336.539,"X좌표37":311.574,"X좌표36":275.624,"X좌표35":258.647,"X좌표34":242.669,"X좌표33":200.728,"X좌표32":156.789,"X좌표31":93.8764,"X좌표30":57.9264,"Y좌표37":36.0034,"Y좌표36":46.0024,"X좌표8":775.928,"Y좌표39":59.0011,"X좌표9":754.957,"Y좌표38":14.0056,"Y좌표33":80.9989,"Y좌표32":108.996,"Y좌표35":59.0011,"Y좌표34":61.0009,"Y좌표31":157.991,"Y좌표30":210.986,"X좌표48":503.307,"X좌표47":511.296,"X좌표46":525.276,"X좌표45":507.301,"X좌표44":480.339,"X좌표2":547.246,"X좌표43":463.362,"X좌표3":582.197,"X좌표42":416.428,"X좌표41":381.476,"X좌표1":505.304,"X좌표40":358.508,"X좌표6":695.04,"X좌표7":778.924,"X좌표4":609.16,"X좌표5":653.099,"Y좌표26":159.991,"Y좌표25":122.995,"Y좌표28":222.985,"Y좌표9":551.286,"Y좌표27":200.987,"Y좌표22":453.295,"Y좌표21":434.297,"Y좌표24":455.295,"Y좌표23":461.294,"Y좌표20":399.301,"X좌표19":156.789,"X좌표18":72.9055,"X좌표17":776.926,"X좌표16":776.926,"X좌표15":767.939,"X좌표14":766.94,"X좌표13":741.975,"X좌표12":723.001,"X좌표11":732.987,"Y좌표4":67.0003,"X좌표10":737.981,"Y좌표3":68.0002,"Y좌표2":57.0013,"Y좌표1":38.0032,"Y좌표8":564.284,"Y좌표7":221.985,"Y좌표29":209.986,"Y좌표6":147.992,"Y좌표5":108.996,"Y좌표15":606.28,"Y좌표14":631.278,"Y좌표17":793.261,"Y좌표16":592.281,"Y좌표11":569.284,"Y좌표10":516.289,"Y좌표13":632.277,"Y좌표12":641.277,"X좌표29":32.9611,"X좌표28":13.9875,"X좌표27":11.9903,"X좌표26":12.9889,"X좌표25":0.00693311,"X좌표24":0.00693311,"X좌표23":28.9667,"X좌표22":60.9222,"X좌표21":97.8708,"X좌표20":137.815,"Y좌표19":402.3,"Y좌표18":795.261}],"하의":[{"X좌표8":663.5,"X좌표2":678.5,"Y좌표4":843.0,"X좌표3":155.5,"Y좌표3":1043.0,"Y좌표2":1042.0,"X좌표1":662.5,"Y좌표1":905.0,"X좌표6":345.5,"Y좌표8":904.0,"X좌표7":507.5,"Y좌표7":930.0,"X좌표4":131.5,"Y좌표6":908.0,"X좌표5":214.5,"Y좌표5":886.0}],"원피스":[{}],"상의":[{}]},"라벨링":{"스타일":[{"스타일":"스트리트"}],"아우터":[{"기장":"노말","색상":"오렌지","카테고리":"짚업","소매기장":"긴팔","소재":["플리스"],"프린트":["그래픽"],"넥라인":"후드","핏":"루즈"}],"하의":[{"카테고리":"청바지","소재":["데님"],"프린트":["무지"],"핏":"노멀"}],"원피스":[{}],"상의":[{}]}},"파일 번호":1031783,"파일 이름":"jk1879c9a-jk1879c9a-s_6.jpg"}}