{"이미지 정보":{"이미지 식별자":1032081,"이미지 높이":1049,"이미지 파일명":"jk1923c9al-jk1923c9al-s_8.jpg","이미지 너비":800},"데이터셋 정보":{"파일 생성일자":"2020-11-11 14:34:59","데이터셋 상세설명":{"렉트좌표":{"아우터":[{"X좌표":49.4375,"Y좌표":-0.493058,"가로":727,"세로":822}],"하의":[{"X좌표":193.237,"Y좌표":844.979,"가로":393,"세로":195}],"원피스":[{}],"상의":[{"X좌표":206.219,"Y좌표":59.501,"가로":418,"세로":853}]},"폴리곤좌표":{"아우터":[{"X좌표39":151.796,"X좌표38":123.835,"X좌표37":83.8903,"X좌표36":49.9375,"X좌표35":49.9375,"X좌표34":81.893,"X좌표33":92.8778,"X좌표32":119.84,"X좌표31":129.826,"X좌표30":153.793,"X좌표49":477.343,"X좌표48":430.408,"X좌표47":381.476,"X좌표46":377.482,"X좌표45":405.443,"X좌표44":419.424,"X좌표43":271.629,"X좌표42":245.665,"X좌표41":231.685,"X좌표40":236.678,"Y좌표26":822.814,"Y좌표25":814.815,"Y좌표28":807.816,"Y좌표27":815.815,"Y좌표22":711.159,"Y좌표21":716.158,"Y좌표24":798.15,"Y좌표23":709.159,"Y좌표20":719.158,"X좌표59":559.229,"X좌표58":549.243,"X좌표57":523.279,"X좌표56":540.255,"X좌표55":555.235,"X좌표54":565.221,"X좌표53":549.243,"X좌표52":517.287,"X좌표51":509.299,"X좌표50":498.314,"Y좌표29":775.819,"Y좌표15":512.178,"Y좌표14":449.185,"Y좌표17":551.174,"Y좌표16":550.174,"Y좌표11":297.977,"Y좌표10":268.98,"Y좌표13":369.97,"Y좌표12":322.975,"X좌표62":526.275,"Y좌표19":590.171,"X좌표61":521.282,"Y좌표18":559.174,"X좌표60":540.255,"Y좌표48":149.992,"Y좌표47":86.9983,"Y좌표49":255.982,"Y좌표44":1.00684,"Y좌표43":0.00694206,"Y좌표46":49.0021,"Y좌표45":38.0032,"Y좌표40":79.999,"Y좌표42":27.0043,"Y좌표41":58.0012,"Y좌표37":336.862,"Y좌표36":432.853,"X좌표8":700.033,"Y좌표39":169.99,"X좌표9":724.999,"Y좌표38":238.983,"Y좌표33":616.835,"Y좌표32":634.833,"Y좌표35":479.848,"Y좌표34":546.841,"Y좌표31":699.826,"Y좌표30":740.822,"X좌표2":577.204,"X좌표3":621.143,"X좌표1":529.271,"X좌표6":682.058,"X좌표7":665.082,"X좌표4":668.078,"X좌표5":700.033,"Y좌표9":227.984,"Y좌표62":43.0027,"Y좌표61":52.0018,"Y좌표60":69.0001,"X좌표19":658.092,"X좌표18":660.089,"X좌표17":696.039,"X좌표16":737.981,"X좌표15":755.956,"X좌표14":777.925,"X좌표13":776.926,"X좌표12":765.942,"X좌표11":757.953,"Y좌표4":80.9989,"X좌표10":724.999,"Y좌표3":53.0017,"Y좌표2":37.0033,"Y좌표1":40.003,"Y좌표8":175.989,"Y좌표7":129.994,"Y좌표6":136.993,"Y좌표5":118.995,"Y좌표59":73.9996,"Y좌표58":161.991,"Y좌표55":430.186,"Y좌표54":472.182,"Y좌표57":273.202,"Y좌표56":345.195,"Y좌표51":477.959,"Y좌표50":359.971,"Y좌표53":496.18,"Y좌표52":549.175,"X좌표29":202.725,"X좌표28":256.65,"X좌표27":325.554,"X좌표26":413.432,"X좌표25":498.314,"X좌표24":547.246,"X좌표23":539.257,"X좌표22":565.221,"X좌표21":591.185,"X좌표20":646.108}],"하의":[{"Y좌표9":1018.46,"X좌표17":210.714,"X좌표16":193.737,"X좌표15":196.733,"X좌표14":389.465,"X좌표13":397.454,"X좌표12":399.451,"X좌표11":402.447,"Y좌표4":874.476,"X좌표10":395.457,"Y좌표3":895.474,"Y좌표2":903.473,"Y좌표1":863.477,"Y좌표8":1039.46,"Y좌표7":1041.46,"Y좌표6":982.465,"Y좌표5":845.479,"Y좌표15":1039.46,"Y좌표14":1039.46,"X좌표8":391.462,"Y좌표17":867.476,"X좌표9":391.462,"Y좌표16":999.463,"Y좌표11":909.472,"Y좌표10":988.464,"Y좌표13":997.463,"Y좌표12":911.472,"X좌표2":302.586,"X좌표3":405.443,"X좌표1":212.711,"X좌표6":579.201,"X좌표7":571.212,"X좌표4":509.299,"X좌표5":587.19}],"원피스":[{}],"상의":[{"Y좌표40":392.301,"Y좌표42":263.981,"Y좌표41":323.975,"X좌표39":508.3,"X좌표38":508.3,"X좌표37":532.267,"X좌표36":535.262,"X좌표35":487.329,"X좌표34":430.408,"X좌표33":362.503,"X좌표32":279.618,"X좌표31":220.7,"X좌표30":206.719,"Y좌표37":713.158,"Y좌표36":788.151,"X좌표8":527.274,"Y좌표39":563.173,"X좌표9":549.243,"Y좌표38":603.169,"Y좌표33":801.15,"Y좌표32":785.151,"Y좌표35":796.15,"Y좌표34":803.149,"Y좌표31":761.154,"Y좌표30":870.143,"X좌표2":432.406,"X좌표3":396.456,"X좌표42":459.368,"X좌표41":478.342,"X좌표1":461.365,"X좌표40":488.328,"X좌표6":428.411,"X좌표7":488.328,"X좌표4":366.497,"X좌표5":372.489,"Y좌표26":892.141,"Y좌표25":881.142,"Y좌표28":913.138,"Y좌표9":89.998,"Y좌표27":913.138,"Y좌표22":688.827,"Y좌표21":694.827,"Y좌표24":859.144,"Y좌표23":777.819,"Y좌표20":694.827,"X좌표19":513.293,"X좌표18":538.258,"X좌표17":571.212,"X좌표16":551.24,"X좌표15":570.214,"X좌표14":542.253,"X좌표13":555.235,"X좌표12":572.211,"X좌표11":581.199,"Y좌표4":75.9994,"X좌표10":546.247,"Y좌표3":119.995,"Y좌표2":193.988,"Y좌표1":265.98,"Y좌표8":106.996,"Y좌표7":109.996,"Y좌표29":895.14,"Y좌표6":102.997,"Y좌표5":60.001,"Y좌표15":381.969,"Y좌표14":286.978,"Y좌표17":481.959,"Y좌표16":436.964,"Y좌표11":81.9988,"Y좌표10":60.001,"Y좌표13":248.982,"Y좌표12":159.991,"X좌표29":228.689,"X좌표28":282.614,"X좌표27":362.503,"X좌표26":452.378,"X좌표25":537.26,"X좌표24":596.178,"X좌표23":625.137,"X좌표22":603.168,"X좌표21":573.21,"X좌표20":539.257,"Y좌표19":579.838,"Y좌표18":545.953}]},"라벨링":{"스타일":[{"스타일":"스트리트"}],"아우터":[{"기장":"노말","색상":"레드","카테고리":"패딩","옷깃":"밴드칼라","소매기장":"긴팔","소재":["패딩"],"프린트":["무지"],"핏":"루즈"}],"하의":[{"카테고리":"청바지","소재":["데님"],"프린트":["무지"],"핏":"노멀"}],"원피스":[{}],"상의":[{"카테고리":"탑","소재":["저지"],"프린트":["무지"],"넥라인":"라운드넥","핏":"노멀"}]}},"파일 번호":1032081,"파일 이름":"jk1923c9al-jk1923c9al-s_8.jpg"}}