{"이미지 정보":{"이미지 식별자":1033007,"이미지 높이":1049,"이미지 파일명":"jk2070c9c-jk2070c9c-s_4.jpg","이미지 너비":800},"데이터셋 정보":{"파일 생성일자":"2020-11-11 14:40:19","데이터셋 상세설명":{"렉트좌표":{"아우터":[{"X좌표":24.2273,"Y좌표":2.59011,"가로":754,"세로":842}],"하의":[{}],"원피스":[{}],"상의":[{}]},"폴리곤좌표":{"아우터":[{"X좌표39":112.727,"X좌표38":92.3636,"X좌표37":93.0909,"X좌표36":101.091,"X좌표35":140.364,"X좌표34":175.273,"X좌표33":197.091,"X좌표32":220.364,"X좌표31":267.636,"X좌표30":265.455,"X좌표49":238.545,"X좌표48":148.364,"X좌표47":130.909,"X좌표46":95.2727,"X좌표45":91.6364,"X좌표44":53.8182,"X좌표43":40.0,"X좌표42":32.0,"X좌표41":26.1818,"X좌표40":24.7273,"Y좌표26":807.972,"Y좌표25":822.513,"Y좌표28":682.913,"Y좌표27":739.626,"Y좌표22":836.328,"Y좌표21":842.872,"Y좌표24":837.782,"Y좌표23":845.78,"Y좌표20":827.603,"X좌표58":395.636,"X좌표57":341.818,"X좌표56":275.636,"X좌표55":234.182,"X좌표54":208.0,"X좌표53":186.909,"X좌표52":154.909,"X좌표51":195.636,"X좌표50":239.273,"Y좌표29":616.022,"Y좌표15":431.342,"Y좌표14":386.263,"Y좌표17":568.034,"Y좌표16":476.422,"Y좌표11":242.301,"Y좌표10":123.786,"Y좌표13":305.557,"Y좌표12":275.746,"Y좌표19":806.518,"Y좌표18":782.524,"Y좌표48":378.265,"Y좌표47":395.715,"Y좌표49":386.263,"Y좌표44":353.544,"Y좌표43":326.642,"Y좌표46":352.09,"Y좌표45":394.988,"Y좌표40":464.788,"Y좌표42":364.451,"Y좌표41":415.347,"Y좌표37":352.817,"Y좌표36":343.365,"X좌표8":721.455,"Y좌표39":442.976,"X좌표9":754.909,"Y좌표38":389.899,"Y좌표33":474.24,"Y좌표32":489.509,"Y좌표35":409.53,"Y좌표34":448.792,"Y좌표31":501.142,"Y좌표30":539.678,"X좌표2":392.0,"X좌표3":440.0,"X좌표1":399.273,"X좌표6":529.455,"X좌표7":526.546,"X좌표4":495.273,"X좌표5":542.545,"Y좌표9":69.2547,"X좌표19":770.909,"X좌표18":773.818,"X좌표17":725.091,"X좌표16":709.818,"X좌표15":717.091,"X좌표14":714.182,"X좌표13":716.364,"X좌표12":747.636,"X좌표11":776.727,"Y좌표4":128.148,"X좌표10":779.636,"Y좌표3":125.967,"Y좌표2":113.607,"Y좌표1":86.7048,"Y좌표8":3.09011,"Y좌표7":8.1797,"Y좌표6":37.263,"Y좌표5":96.8839,"Y좌표58":111.426,"Y좌표55":137.601,"Y좌표54":170.319,"Y좌표57":119.423,"Y좌표56":122.332,"Y좌표51":334.64,"Y좌표50":371.722,"Y좌표53":229.213,"Y좌표52":295.378,"X좌표29":258.909,"X좌표28":237.091,"X좌표27":193.455,"X좌표26":202.182,"X좌표25":218.182,"X좌표24":270.545,"X좌표23":386.909,"X좌표22":432.727,"X좌표21":544.0,"X좌표20":680.727}],"하의":[{}],"원피스":[{}],"상의":[{}]},"라벨링":{"스타일":[{"스타일":"스트리트"}],"아우터":[{"기장":"노말","색상":"베이지","카테고리":"점퍼","디테일":["퀄팅","단추"],"소매기장":"긴팔","소재":["퍼"],"프린트":["무지"],"넥라인":"노카라","핏":"루즈"}],"하의":[{}],"원피스":[{}],"상의":[{}]}},"파일 번호":1033007,"파일 이름":"jk2070c9c-jk2070c9c-s_4.jpg"}}