{"이미지 정보":{"이미지 식별자":1047844,"이미지 높이":1049,"이미지 파일명":"nt801-nt801-s_4.jpg","이미지 너비":800},"데이터셋 정보":{"파일 생성일자":"2020-11-11 16:02:33","데이터셋 상세설명":{"렉트좌표":{"아우터":[{}],"하의":[{"X좌표":194.933,"Y좌표":318.958,"가로":326,"세로":562}],"원피스":[{}],"상의":[{"X좌표":302.933,"Y좌표":-0.899824,"가로":241,"세로":494}]},"폴리곤좌표":{"아우터":[{}],"하의":[{"Y좌표9":882.141,"X좌표14":332.433,"X좌표13":354.433,"X좌표12":325.433,"X좌표11":195.433,"Y좌표4":794.247,"X좌표10":232.433,"Y좌표3":634.318,"Y좌표2":319.458,"Y좌표1":321.457,"Y좌표8":706.219,"Y좌표7":842.159,"Y좌표6":866.148,"Y좌표5":864.149,"Y좌표14":319.858,"X좌표8":398.433,"X좌표9":287.433,"Y좌표11":808.174,"Y좌표10":839.16,"Y좌표13":482.319,"Y좌표12":632.252,"X좌표2":522.433,"X좌표3":515.433,"X좌표1":332.433,"X좌표6":410.433,"X좌표7":377.433,"X좌표4":495.433,"X좌표5":489.433}],"원피스":[{}],"상의":[{"Y좌표9":494.38,"X좌표16":393.433,"X좌표15":350.433,"X좌표14":332.433,"X좌표13":307.433,"X좌표12":303.433,"X좌표11":327.433,"Y좌표4":113.549,"X좌표10":350.433,"Y좌표3":40.5819,"Y좌표2":12.5944,"Y좌표1":-0.399824,"Y좌표8":493.38,"Y좌표7":462.394,"Y좌표6":389.427,"Y좌표5":241.493,"Y좌표15":-0.399824,"Y좌표14":6.59706,"X좌표8":472.433,"X좌표9":391.433,"Y좌표16":-0.399824,"Y좌표11":325.455,"Y좌표10":490.382,"Y좌표13":33.5851,"Y좌표12":179.52,"X좌표2":427.433,"X좌표3":428.433,"X좌표1":393.433,"X좌표6":531.433,"X좌표7":545.433,"X좌표4":506.433,"X좌표5":525.433}]},"라벨링":{"스타일":[{"스타일":"소피스트케이티드","서브스타일":"리조트"}],"아우터":[{}],"하의":[{"기장":"발목","색상":"화이트","카테고리":"팬츠","소재":["우븐"],"프린트":["무지"],"핏":"노멀"}],"원피스":[{}],"상의":[{"기장":"롱","색상":"핑크","카테고리":"니트웨어","소매기장":"긴팔","소재":["니트"],"프린트":["믹스"],"넥라인":"터틀넥","핏":"노멀"}]}},"파일 번호":1047844,"파일 이름":"nt801-nt801-s_4.jpg"}}