{"이미지 정보":{"이미지 식별자":1049283,"이미지 높이":1049,"이미지 파일명":"nt1047c89-nt1047c89-s_6.jpg","이미지 너비":800},"데이터셋 정보":{"파일 생성일자":"2020-11-11 16:09:52","데이터셋 상세설명":{"렉트좌표":{"아우터":[{}],"하의":[{"X좌표":221.375,"Y좌표":397.177,"가로":380,"세로":521}],"원피스":[{}],"상의":[{"X좌표":186.375,"Y좌표":5.51428,"가로":466,"세로":580}]},"폴리곤좌표":{"아우터":[{}],"하의":[{"Y좌표9":890.567,"Y좌표20":402.676,"X좌표19":569.875,"X좌표18":587.875,"X좌표17":602.875,"X좌표16":566.875,"X좌표15":521.875,"X좌표14":486.875,"X좌표13":479.875,"X좌표12":462.875,"X좌표11":386.875,"Y좌표4":406.675,"X좌표10":314.875,"Y좌표3":407.674,"Y좌표2":407.674,"Y좌표1":397.677,"Y좌표8":871.571,"Y좌표7":712.606,"Y좌표6":554.642,"Y좌표5":405.675,"Y좌표15":887.567,"Y좌표14":892.566,"X좌표8":221.875,"Y좌표17":847.576,"X좌표9":249.875,"Y좌표16":869.571,"Y좌표11":917.561,"Y좌표10":919.56,"Y좌표13":851.575,"Y좌표12":905.563,"X좌표2":474.875,"X좌표3":368.875,"X좌표20":557.875,"X좌표1":548.875,"X좌표6":249.875,"Y좌표19":480.658,"X좌표7":224.875,"Y좌표18":690.611,"X좌표4":311.875,"X좌표5":276.875}],"원피스":[{}],"상의":[{"X좌표35":497.875,"X좌표34":516.875,"X좌표33":511.875,"X좌표32":569.875,"X좌표31":623.875,"X좌표30":599.875,"X좌표8":189.875,"X좌표9":186.875,"Y좌표33":48.0049,"Y좌표32":75.9986,"Y좌표35":26.0098,"Y좌표34":29.0091,"Y좌표31":141.984,"Y좌표30":228.964,"X좌표2":466.875,"X좌표3":442.875,"X좌표1":494.875,"X좌표6":231.875,"X좌표7":211.875,"X좌표4":419.875,"X좌표5":356.875,"Y좌표26":456.914,"Y좌표25":457.913,"Y좌표28":415.923,"Y좌표9":411.924,"Y좌표27":427.92,"Y좌표22":416.922,"Y좌표21":416.922,"Y좌표24":480.908,"Y좌표23":467.911,"Y좌표20":407.924,"X좌표19":421.875,"X좌표18":512.875,"X좌표17":572.875,"X좌표16":564.875,"X좌표15":533.875,"X좌표14":478.875,"X좌표13":401.875,"X좌표12":329.875,"X좌표11":262.875,"Y좌표4":6.01428,"X좌표10":197.875,"Y좌표3":12.0129,"Y좌표2":18.0116,"Y좌표1":21.0109,"Y좌표8":273.954,"Y좌표7":87.996,"Y좌표29":373.932,"Y좌표6":11.0132,"Y좌표5":8.01383,"Y좌표15":586.884,"Y좌표14":543.894,"Y좌표17":487.907,"Y좌표16":537.895,"Y좌표11":490.906,"Y좌표10":452.914,"Y좌표13":537.895,"Y좌표12":516.9,"X좌표29":548.875,"X좌표28":568.875,"X좌표27":601.875,"X좌표26":653.875,"X좌표25":627.875,"X좌표24":587.875,"X좌표23":562.875,"X좌표22":532.875,"X좌표21":481.875,"X좌표20":358.875,"Y좌표19":428.92,"Y좌표18":466.911}]},"라벨링":{"스타일":[{"스타일":"클래식"}],"아우터":[{}],"하의":[{"기장":"미니","색상":"베이지","카테고리":"스커트","디테일":["지퍼","포켓"],"소재":["가죽"],"프린트":["무지"],"핏":"노멀"}],"원피스":[{}],"상의":[{"색상":"블랙","카테고리":"니트웨어","디테일":["프릴"],"소매기장":"긴팔","소재":["니트"],"프린트":["무지"],"넥라인":"터틀넥","핏":"노멀"}]}},"파일 번호":1049283,"파일 이름":"nt1047c89-nt1047c89-s_6.jpg"}}