{"이미지 정보":{"이미지 식별자":1057206,"이미지 높이":533,"이미지 파일명":"20191108-pt4229k9b(1)-세븐스타(대행,1083)11.08-★재촬영★얼굴컷 사진 셀렉 신경써주시고 제품컷 색상 맞춰서 작업해주세여~-DHP03466.JPG","이미지 너비":800},"데이터셋 정보":{"파일 생성일자":"2020-11-12 15:13:49","데이터셋 상세설명":{"렉트좌표":{"아우터":[{}],"하의":[{"X좌표":276.909,"Y좌표":149.292,"가로":146,"세로":321}],"원피스":[{}],"상의":[{"X좌표":242.957,"Y좌표":-1.49163,"가로":220,"세로":226}]},"폴리곤좌표":{"아우터":[{}],"하의":[{"X좌표37":286.397,"X좌표36":277.409,"X좌표35":280.405,"X좌표34":289.393,"X좌표33":300.377,"X좌표32":312.361,"X좌표31":322.347,"X좌표30":344.316,"Y좌표37":153.786,"Y좌표36":190.733,"X좌표8":414.219,"X좌표9":416.216,"Y좌표33":380.461,"Y좌표32":450.361,"Y좌표35":226.682,"Y좌표34":300.576,"Y좌표31":465.339,"Y좌표30":471.33,"X좌표2":313.359,"X좌표3":352.305,"X좌표1":286.397,"X좌표6":424.205,"X좌표7":417.215,"X좌표4":395.245,"X좌표5":413.22,"Y좌표26":325.54,"Y좌표25":276.61,"Y좌표28":401.431,"Y좌표9":315.554,"Y좌표27":359.491,"Y좌표22":269.62,"Y좌표21":295.583,"Y좌표24":232.673,"Y좌표23":259.634,"Y좌표20":306.567,"X좌표19":358.297,"X좌표18":364.288,"X좌표17":364.288,"X좌표16":360.294,"X좌표15":355.301,"X좌표14":358.297,"X좌표13":372.277,"X좌표12":402.236,"X좌표11":404.233,"Y좌표4":167.766,"X좌표10":409.226,"Y좌표3":157.78,"Y좌표2":149.792,"Y좌표1":158.779,"Y좌표8":301.574,"Y좌표7":249.649,"Y좌표29":452.358,"Y좌표6":203.715,"Y좌표5":173.758,"Y좌표15":442.372,"Y좌표14":462.343,"Y좌표17":375.468,"Y좌표16":410.418,"Y좌표11":421.402,"Y좌표10":356.495,"Y좌표13":462.343,"Y좌표12":462.343,"X좌표29":358.297,"X좌표28":359.295,"X좌표27":352.305,"X좌표26":349.309,"X좌표25":350.308,"X좌표24":348.311,"X좌표23":359.295,"X좌표22":356.3,"X좌표21":354.302,"X좌표20":349.309,"Y좌표19":317.551,"Y좌표18":345.511}],"원피스":[{}],"상의":[{"Y좌표9":190.733,"Y좌표22":62.9166,"Y좌표21":147.795,"Y좌표24":-0.991634,"Y좌표23":27.9668,"Y좌표20":193.729,"X좌표19":450.169,"X좌표18":450.169,"X좌표17":434.191,"X좌표16":416.216,"X좌표15":409.226,"X좌표14":406.23,"X좌표13":386.258,"X좌표12":333.332,"X좌표11":307.368,"Y좌표4":139.806,"X좌표10":289.393,"Y좌표3":79.8923,"Y좌표2":38.951,"Y좌표1":-0.991634,"Y좌표8":220.69,"Y좌표7":218.693,"Y좌표6":207.709,"Y좌표5":172.759,"Y좌표15":201.717,"Y좌표14":180.748,"X좌표8":279.407,"Y좌표17":225.683,"X좌표9":284.4,"Y좌표16":225.683,"Y좌표11":160.776,"Y좌표10":169.763,"Y좌표13":176.753,"Y좌표12":162.773,"X좌표24":437.187,"X좌표23":444.177,"X좌표22":453.165,"X좌표2":248.45,"X좌표21":464.15,"X좌표3":247.451,"X좌표20":460.155,"X좌표1":258.436,"X좌표6":253.443,"Y좌표19":206.71,"X좌표7":257.437,"Y좌표18":221.689,"X좌표4":245.454,"X좌표5":243.457}]},"라벨링":{"스타일":[{"스타일":"스트리트"}],"아우터":[{}],"하의":[{"기장":"발목","색상":"블랙","카테고리":"청바지","소재":["데님"],"핏":"노멀"}],"원피스":[{}],"상의":[{"기장":"노멀","색상":"퍼플","카테고리":"티셔츠","소매기장":"긴팔","소재":["니트"],"넥라인":"라운드넥","핏":"노멀"}]}},"파일 번호":1057206,"파일 이름":"20191108-pt4229k9b(1)-세븐스타(대행,1083)11.08-★재촬영★얼굴컷 사진 셀렉 신경써주시고 제품컷 색상 맞춰서 작업해주세여~-DHP03466.JPG"}}