{"이미지 정보":{"이미지 식별자":1077867,"이미지 높이":1049,"이미지 파일명":"pt2302-pt2302-s_4.jpg","이미지 너비":800},"데이터셋 정보":{"파일 생성일자":"2020-11-12 17:20:40","데이터셋 상세설명":{"렉트좌표":{"아우터":[{}],"하의":[{"X좌표":195.5,"Y좌표":399.224,"가로":275,"세로":496}],"원피스":[{}],"상의":[{"X좌표":188.5,"Y좌표":-0.5,"가로":248,"세로":475}]},"폴리곤좌표":{"아우터":[{}],"하의":[{"Y좌표9":602.685,"X좌표15":196.0,"X좌표14":223.0,"X좌표13":216.0,"X좌표12":240.0,"X좌표11":262.0,"Y좌표4":588.688,"X좌표10":322.0,"Y좌표3":399.724,"Y좌표2":408.722,"Y좌표1":403.723,"Y좌표8":714.664,"Y좌표7":879.632,"Y좌표6":896.629,"Y좌표5":883.631,"Y좌표15":403.723,"Y좌표14":654.675,"X좌표8":350.0,"X좌표9":336.0,"Y좌표11":886.631,"Y좌표10":881.632,"Y좌표13":840.64,"Y좌표12":885.631,"X좌표2":388.0,"X좌표3":431.0,"X좌표1":197.0,"X좌표6":397.0,"X좌표7":377.0,"X좌표4":449.0,"X좌표5":471.0}],"원피스":[{}],"상의":[{"Y좌표9":475.909,"X좌표13":244.0,"X좌표12":189.0,"X좌표11":200.0,"Y좌표4":3.99924,"X좌표10":311.0,"Y좌표3":0.0,"Y좌표2":14.9971,"Y좌표1":7.99847,"Y좌표8":462.912,"Y좌표7":419.92,"Y좌표6":203.961,"Y좌표5":34.9933,"X좌표8":417.0,"X좌표9":324.0,"Y좌표11":444.915,"Y좌표10":444.915,"Y좌표13":7.99847,"Y좌표12":85.9836,"X좌표2":276.0,"X좌표3":316.0,"X좌표1":245.0,"X좌표6":408.0,"X좌표7":437.0,"X좌표4":396.0,"X좌표5":412.0}]},"라벨링":{"스타일":[{"스타일":"스트리트"}],"아우터":[{}],"하의":[{"기장":"발목","색상":"화이트","카테고리":"팬츠","소재":["우븐"],"프린트":["무지"],"핏":"루즈"}],"원피스":[{}],"상의":[{"기장":"노멀","색상":"블루","카테고리":"티셔츠","디테일":["드롭숄더"],"소매기장":"긴팔","소재":["저지"],"프린트":["무지"],"넥라인":"라운드넥","핏":"루즈"}]}},"파일 번호":1077867,"파일 이름":"pt2302-pt2302-s_4.jpg"}}