{"이미지 정보":{"이미지 식별자":1088840,"이미지 높이":1049,"이미지 파일명":"pt5509k07-pt5509k07-s_2.jpg","이미지 너비":800},"데이터셋 정보":{"파일 생성일자":"2020-11-12 18:26:24","데이터셋 상세설명":{"렉트좌표":{"아우터":[{}],"하의":[{"X좌표":272.5,"Y좌표":315.24,"가로":301,"세로":588}],"원피스":[{}],"상의":[{"X좌표":205.5,"Y좌표":1.49962,"가로":404,"세로":457}]},"폴리곤좌표":{"아우터":[{}],"하의":[{"Y좌표40":436.717,"Y좌표42":315.94,"Y좌표41":390.725,"X좌표39":456.0,"X좌표38":373.0,"X좌표37":276.0,"X좌표36":279.0,"X좌표35":279.0,"X좌표34":276.0,"X좌표33":273.0,"X좌표32":279.0,"X좌표31":288.0,"X좌표30":313.0,"Y좌표37":437.717,"Y좌표36":504.704,"X좌표8":574.0,"Y좌표39":449.714,"X좌표9":540.0,"Y좌표38":436.717,"Y좌표33":858.636,"Y좌표32":890.63,"Y좌표35":552.695,"Y좌표34":689.668,"Y좌표31":899.628,"Y좌표30":904.628,"X좌표2":569.0,"X좌표3":563.0,"X좌표42":564.0,"X좌표41":512.0,"X좌표1":564.0,"X좌표40":485.0,"X좌표6":574.0,"X좌표7":573.0,"X좌표4":564.0,"X좌표5":574.0,"Y좌표26":763.654,"Y좌표25":685.669,"Y좌표28":884.631,"Y좌표9":891.63,"Y좌표27":841.64,"Y좌표22":565.692,"Y좌표21":542.697,"Y좌표24":633.679,"Y좌표23":590.687,"Y좌표20":504.704,"X좌표19":400.0,"X좌표18":435.0,"X좌표17":437.0,"X좌표16":433.0,"X좌표15":447.0,"X좌표14":455.0,"X좌표13":474.0,"X좌표12":478.0,"X좌표11":479.0,"Y좌표4":615.683,"X좌표10":516.0,"Y좌표3":508.703,"Y좌표2":371.729,"Y좌표1":315.74,"Y좌표8":876.633,"Y좌표7":832.641,"Y좌표29":898.629,"Y좌표6":807.646,"Y좌표5":692.668,"Y좌표15":515.702,"Y좌표14":572.691,"Y좌표17":468.711,"Y좌표16":494.706,"Y좌표11":870.634,"Y좌표10":891.63,"Y좌표13":678.671,"Y좌표12":831.641,"X좌표29":355.0,"X좌표28":382.0,"X좌표27":381.0,"X좌표26":378.0,"X좌표25":380.0,"X좌표24":370.0,"X좌표23":375.0,"X좌표22":388.0,"X좌표21":395.0,"X좌표20":392.0,"Y좌표19":443.715,"Y좌표18":451.714}],"원피스":[{}],"상의":[{"Y좌표9":243.953,"Y좌표22":175.966,"Y좌표21":279.947,"Y좌표23":1.99962,"Y좌표20":332.937,"X좌표19":206.0,"X좌표18":224.0,"X좌표17":245.0,"X좌표16":311.0,"X좌표15":376.0,"X좌표14":452.0,"X좌표13":488.0,"X좌표12":536.0,"X좌표11":577.0,"Y좌표4":58.9888,"X좌표10":589.0,"Y좌표3":52.9899,"Y좌표2":3.99924,"Y좌표1":1.99962,"Y좌표8":191.963,"Y좌표7":139.973,"Y좌표6":128.975,"Y좌표5":99.9809,"Y좌표15":450.914,"Y좌표14":459.912,"X좌표8":602.0,"Y좌표17":447.915,"X좌표9":610.0,"Y좌표16":445.915,"Y좌표11":308.941,"Y좌표10":251.952,"Y좌표13":441.916,"Y좌표12":378.928,"X좌표23":243.0,"X좌표22":216.0,"X좌표2":607.0,"X좌표21":208.0,"X좌표3":605.0,"X좌표20":216.0,"X좌표1":243.0,"X좌표6":591.0,"Y좌표19":383.927,"X좌표7":582.0,"Y좌표18":425.919,"X좌표4":598.0,"X좌표5":589.0}]},"라벨링":{"스타일":[{"스타일":"스트리트"}],"아우터":[{}],"하의":[{"기장":"발목","색상":"스카이블루","카테고리":"청바지","디테일":["롤업","디스트로이드"],"소재":["데님"],"프린트":["무지"],"핏":"노멀"}],"원피스":[{}],"상의":[{"기장":"롱","카테고리":"티셔츠","소재":["저지"],"프린트":["무지"],"핏":"오버사이즈"}]}},"파일 번호":1088840,"파일 이름":"pt5509k07-pt5509k07-s_2.jpg"}}