{"이미지 정보":{"이미지 식별자":1089932,"이미지 높이":1049,"이미지 파일명":"pt5621k08-pt5621k08-s_12.jpg","이미지 너비":800},"데이터셋 정보":{"파일 생성일자":"2020-11-12 18:34:04","데이터셋 상세설명":{"렉트좌표":{"아우터":[{"X좌표":245.5,"Y좌표":-1.49905,"가로":414,"세로":359}],"하의":[{"X좌표":201.5,"Y좌표":75.4276,"가로":440,"세로":815}],"원피스":[{}],"상의":[{}]},"폴리곤좌표":{"아우터":[{"Y좌표9":338.677,"X좌표17":316.0,"X좌표16":325.0,"X좌표15":366.0,"X좌표14":497.0,"X좌표13":542.0,"X좌표12":564.0,"X좌표11":557.0,"Y좌표4":39.9619,"X좌표10":638.0,"Y좌표3":73.9295,"Y좌표2":93.9104,"Y좌표1":162.845,"Y좌표8":274.738,"Y좌표7":102.902,"Y좌표6":-0.999047,"Y좌표5":1.99809,"Y좌표15":178.829,"Y좌표14":125.88,"X좌표8":657.0,"Y좌표17":163.844,"X좌표9":660.0,"Y좌표16":167.84,"Y좌표11":355.661,"Y좌표10":358.658,"Y좌표13":257.754,"Y좌표12":313.701,"X좌표2":297.0,"X좌표3":268.0,"X좌표1":312.0,"X좌표6":629.0,"X좌표7":646.0,"X좌표4":246.0,"X좌표5":258.0}],"하의":[{"Y좌표9":863.509,"X좌표17":307.0,"X좌표16":326.0,"X좌표15":202.0,"X좌표14":275.0,"X좌표13":340.0,"X좌표12":418.0,"X좌표11":427.0,"Y좌표4":85.918,"X좌표10":488.0,"Y좌표3":75.9276,"Y좌표2":86.9171,"Y좌표1":135.87,"Y좌표8":526.498,"Y좌표7":333.682,"Y좌표6":255.756,"Y좌표5":167.84,"Y좌표15":762.606,"Y좌표14":828.543,"X좌표8":591.0,"Y좌표17":135.87,"X좌표9":568.0,"Y좌표16":500.855,"Y좌표11":890.484,"Y좌표10":891.483,"Y좌표13":838.533,"Y좌표12":627.734,"X좌표2":395.0,"X좌표3":494.0,"X좌표1":312.0,"X좌표6":639.0,"X좌표7":642.0,"X좌표4":566.0,"X좌표5":603.0}],"원피스":[{}],"상의":[{}]},"라벨링":{"스타일":[{"스타일":"스트리트"}],"아우터":[{"기장":"노말","카테고리":"가디건","소재":["니트"],"프린트":["무지"],"핏":"루즈"}],"하의":[{"기장":"발목","색상":"블랙","카테고리":"팬츠","소재":["우븐"],"프린트":["무지"],"핏":"노멀"}],"원피스":[{}],"상의":[{"색상":"퍼플","소매기장":"긴팔"}]}},"파일 번호":1089932,"파일 이름":"pt5621k08-pt5621k08-s_12.jpg"}}