{"이미지 정보":{"이미지 식별자":1094529,"이미지 높이":1049,"이미지 파일명":"t3530c9b-t3530c9b-s_3.jpg","이미지 너비":800},"데이터셋 정보":{"파일 생성일자":"2020-11-12 19:06:59","데이터셋 상세설명":{"렉트좌표":{"아우터":[{}],"하의":[{"X좌표":276.057,"Y좌표":530.393,"가로":233,"세로":264}],"원피스":[{}],"상의":[{"X좌표":158.056,"Y좌표":3.5147,"가로":471,"세로":551}]},"폴리곤좌표":{"아우터":[{}],"하의":[{"Y좌표9":631.87,"X좌표15":322.558,"X좌표14":382.558,"X좌표13":436.559,"X좌표12":486.559,"X좌표11":484.559,"Y좌표4":553.888,"X좌표10":509.56,"Y좌표3":624.871,"Y좌표2":712.851,"Y좌표1":790.833,"Y좌표8":530.893,"Y좌표7":541.891,"Y좌표6":544.89,"Y좌표5":550.888,"Y좌표15":788.833,"Y좌표14":795.832,"X좌표8":503.56,"X좌표9":497.56,"Y좌표11":760.84,"Y좌표10":710.851,"Y좌표13":787.834,"Y좌표12":788.833,"X좌표2":302.558,"X좌표3":286.557,"X좌표1":320.558,"X좌표6":391.559,"X좌표7":445.559,"X좌표4":276.557,"X좌표5":342.558}],"원피스":[{}],"상의":[{"X좌표32":231.557,"X좌표31":252.557,"X좌표30":308.558,"X좌표8":200.557,"X좌표9":252.557,"Y좌표32":21.0108,"Y좌표31":4.0147,"Y좌표30":6.01424,"X좌표2":191.557,"X좌표3":164.556,"X좌표1":236.557,"X좌표6":161.556,"X좌표7":169.556,"X좌표4":164.556,"X좌표5":158.556,"Y좌표26":119.988,"Y좌표25":169.976,"Y좌표28":29.0089,"Y좌표9":501.9,"Y좌표27":71.999,"Y좌표22":239.96,"Y좌표21":281.951,"Y좌표24":163.978,"Y좌표23":205.968,"Y좌표20":296.947,"X좌표19":521.56,"X좌표18":536.56,"X좌표17":542.56,"X좌표16":521.56,"X좌표15":527.56,"X좌표14":479.559,"X좌표13":419.559,"X좌표12":370.558,"X좌표11":323.558,"Y좌표4":267.954,"X좌표10":257.557,"Y좌표3":175.975,"Y좌표2":109.99,"Y좌표1":25.0098,"Y좌표8":498.9,"Y좌표7":465.908,"Y좌표29":5.01447,"Y좌표6":410.921,"Y좌표5":337.938,"Y좌표15":516.896,"Y좌표14":525.894,"Y좌표17":395.924,"Y좌표16":457.91,"Y좌표11":555.887,"Y좌표10":545.89,"Y좌표13":546.889,"Y좌표12":541.891,"X좌표29":479.559,"X좌표28":507.56,"X좌표27":530.56,"X좌표26":527.56,"X좌표25":541.56,"X좌표24":602.561,"X좌표23":629.561,"X좌표22":610.561,"X좌표21":622.561,"X좌표20":567.56,"Y좌표19":310.944,"Y좌표18":352.934}]},"라벨링":{"스타일":[{"스타일":"스트리트"}],"아우터":[{}],"하의":[{"기장":"발목","색상":"블랙","카테고리":"래깅스","소재":["우븐"],"프린트":["무지"],"핏":"스키니"}],"원피스":[{}],"상의":[{"색상":"그레이","서브색상":"오렌지","카테고리":"후드티","디테일":["포켓","스트링"],"소매기장":"긴팔","소재":["저지"],"프린트":["레터링"],"넥라인":"후드","핏":"루즈"}]}},"파일 번호":1094529,"파일 이름":"t3530c9b-t3530c9b-s_3.jpg"}}