{"이미지 정보":{"이미지 식별자":1131744,"이미지 높이":1049,"이미지 파일명":"pt3307k91-pt3307k91-s_10.jpg","이미지 너비":800},"데이터셋 정보":{"파일 생성일자":"2020-11-13 17:48:47","데이터셋 상세설명":{"렉트좌표":{"아우터":[{}],"하의":[{"X좌표":278.375,"Y좌표":272.455,"가로":283,"세로":624}],"원피스":[{}],"상의":[{"X좌표":231.375,"Y좌표":2.51495,"가로":252,"세로":423}]},"폴리곤좌표":{"아우터":[{}],"하의":[{"X좌표35":473.875,"X좌표34":483.875,"X좌표33":483.875,"X좌표32":483.875,"X좌표31":508.875,"X좌표30":532.875,"X좌표8":299.875,"X좌표9":301.875,"Y좌표33":291.95,"Y좌표32":291.95,"Y좌표35":273.954,"Y좌표34":291.95,"Y좌표31":421.921,"Y좌표30":662.867,"X좌표2":466.875,"X좌표3":414.875,"X좌표1":466.875,"X좌표6":302.875,"X좌표7":301.875,"X좌표4":412.875,"X좌표5":317.875,"Y좌표26":886.817,"Y좌표25":886.817,"Y좌표28":872.821,"Y좌표9":448.915,"Y좌표27":872.821,"Y좌표22":555.891,"Y좌표21":555.891,"Y좌표24":886.817,"Y좌표23":700.859,"Y좌표20":591.883,"X좌표19":356.875,"X좌표18":356.875,"X좌표17":327.875,"X좌표16":327.875,"X좌표15":287.875,"X좌표14":278.875,"X좌표13":278.875,"X좌표12":281.875,"X좌표11":294.875,"Y좌표4":285.952,"X좌표10":301.875,"Y좌표3":285.952,"Y좌표2":276.954,"Y좌표1":277.953,"Y좌표8":446.916,"Y좌표7":376.931,"Y좌표29":857.824,"Y좌표6":355.936,"Y좌표5":272.955,"Y좌표15":881.819,"Y좌표14":885.818,"Y좌표17":897.815,"Y좌표16":897.815,"Y좌표11":527.898,"Y좌표10":462.912,"Y좌표13":885.818,"Y좌표12":676.614,"X좌표29":562.875,"X좌표28":519.875,"X좌표27":519.875,"X좌표26":516.875,"X좌표25":484.875,"X좌표24":484.875,"X좌표23":443.875,"X좌표22":407.875,"X좌표21":407.875,"X좌표20":398.875,"Y좌표19":868.821,"Y좌표18":868.821}],"원피스":[{}],"상의":[{"X좌표30":414.875,"X좌표8":246.875,"X좌표9":238.875,"Y좌표30":52.004,"X좌표2":412.875,"X좌표3":412.875,"X좌표1":412.875,"X좌표6":347.875,"X좌표7":267.875,"X좌표4":369.875,"X좌표5":369.875,"Y좌표26":57.0029,"Y좌표25":64.0013,"Y좌표28":8.01383,"Y좌표9":158.98,"Y좌표27":13.0127,"Y좌표22":196.972,"Y좌표21":211.968,"Y좌표24":67.0006,"Y좌표23":131.986,"Y좌표20":291.95,"X좌표19":373.875,"X좌표18":317.875,"X좌표17":313.875,"X좌표16":313.875,"X좌표15":248.875,"X좌표14":248.875,"X좌표13":247.875,"X좌표12":231.875,"X좌표11":238.875,"Y좌표4":19.0114,"X좌표10":238.875,"Y좌표3":56.0031,"Y좌표2":56.0031,"Y좌표1":56.0031,"Y좌표8":33.0082,"Y좌표7":11.0132,"Y좌표29":13.0127,"Y좌표6":3.01495,"Y좌표5":19.0114,"Y좌표15":426.92,"Y좌표14":400.926,"Y좌표17":418.922,"Y좌표16":418.922,"Y좌표11":320.944,"Y좌표10":316.945,"Y좌표13":393.928,"Y좌표12":382.93,"X좌표29":412.875,"X좌표28":412.875,"X좌표27":427.875,"X좌표26":458.875,"X좌표25":459.875,"X좌표24":447.875,"X좌표23":478.875,"X좌표22":483.875,"X좌표21":484.875,"X좌표20":467.875,"Y좌표19":287.951,"Y좌표18":288.951}]},"라벨링":{"스타일":[{"스타일":"모던","서브스타일":"소피스트케이티드"}],"아우터":[{}],"하의":[{"기장":"발목","색상":"스카이블루","카테고리":"팬츠","디테일":["띠","슬릿"],"소재":["우븐"],"프린트":["무지"],"핏":"노멀"}],"원피스":[{}],"상의":[{"색상":"화이트","카테고리":"블라우스","옷깃":"세일러칼라","디테일":["단추"],"소매기장":"긴팔","소재":["우븐"],"프린트":["무지"],"핏":"노멀"}]}},"파일 번호":1131744,"파일 이름":"pt3307k91-pt3307k91-s_10.jpg"}}