{"이미지 정보":{"이미지 식별자":1143998,"이미지 높이":533,"이미지 파일명":"20190510(대행)-할당-pt3649k95(2)에오스(대행,타임롱통바지)5.10-1-DSC09513.jpg","이미지 너비":800},"데이터셋 정보":{"파일 생성일자":"2020-11-16 13:44:30","데이터셋 상세설명":{"렉트좌표":{"아우터":[{}],"하의":[{"X좌표":281.167,"Y좌표":127.26,"가로":183,"세로":315}],"원피스":[{}],"상의":[{"X좌표":246.167,"Y좌표":2.49437,"가로":178,"세로":206}]},"폴리곤좌표":{"아우터":[{}],"하의":[{"Y좌표9":435.182,"X좌표16":281.667,"X좌표15":312.667,"X좌표14":374.667,"X좌표13":386.667,"X좌표12":400.667,"X좌표11":437.667,"Y좌표4":439.174,"X좌표10":464.667,"Y좌표3":346.349,"Y좌표2":205.614,"Y좌표1":143.73,"Y좌표8":322.394,"Y좌표7":387.272,"Y좌표6":437.178,"Y좌표5":443.167,"Y좌표15":138.739,"Y좌표14":127.76,"X좌표8":361.667,"X좌표9":386.667,"Y좌표16":141.734,"Y좌표11":278.477,"Y좌표10":418.214,"Y좌표13":130.754,"Y좌표12":186.649,"X좌표2":281.667,"X좌표3":304.667,"X좌표1":281.667,"X좌표6":361.667,"X좌표7":365.667,"X좌표4":305.667,"X좌표5":337.667}],"원피스":[{}],"상의":[{"Y좌표9":147.722,"X좌표14":294.667,"X좌표13":366.667,"X좌표12":396.667,"X좌표11":405.667,"Y좌표4":137.741,"X좌표10":424.667,"Y좌표3":75.8574,"Y좌표2":30.9418,"Y좌표1":2.99437,"Y좌표8":141.734,"Y좌표7":153.711,"Y좌표6":209.606,"Y좌표5":154.709,"Y좌표14":5.98874,"X좌표8":362.667,"X좌표9":386.667,"Y좌표11":75.8574,"Y좌표10":127.76,"Y좌표13":2.99437,"Y좌표12":51.9024,"X좌표2":265.667,"X좌표3":265.667,"X좌표1":293.667,"X좌표6":285.667,"X좌표7":310.667,"X좌표4":246.667,"X좌표5":270.667}]},"라벨링":{"스타일":[{"스타일":"스트리트"}],"아우터":[{}],"하의":[{"기장":"발목","색상":"블랙","카테고리":"팬츠","소재":["우븐"],"프린트":["무지"],"핏":"와이드"}],"원피스":[{}],"상의":[{"기장":"롱","색상":"핑크","카테고리":"티셔츠","소매기장":"7부소매","소재":["린넨"],"프린트":["무지"],"넥라인":"라운드넥","핏":"루즈"}]}},"파일 번호":1143998,"파일 이름":"20190510(대행)-할당-pt3649k95(2)에오스(대행,타임롱통바지)5.10-1-DSC09513.jpg"}}