{"이미지 정보":{"이미지 식별자":1158785,"이미지 높이":1049,"이미지 파일명":"ops3501c94-ops3501c94-s_9.jpg","이미지 너비":800},"데이터셋 정보":{"파일 생성일자":"2020-11-16 15:31:32","데이터셋 상세설명":{"렉트좌표":{"아우터":[{}],"하의":[{}],"원피스":[{"X좌표":194.5,"Y좌표":26.4914,"가로":343,"세로":926}],"상의":[{"X좌표":241.5,"Y좌표":1.49936,"가로":313,"세로":249}]},"폴리곤좌표":{"아우터":[{}],"하의":[{}],"원피스":[{"X좌표35":247.0,"X좌표34":214.0,"X좌표33":206.0,"X좌표32":205.0,"X좌표31":196.0,"X좌표30":195.0,"X좌표8":386.0,"X좌표9":412.0,"Y좌표33":513.17,"Y좌표32":619.137,"Y좌표35":287.908,"Y좌표34":415.201,"Y좌표31":713.107,"Y좌표30":819.073,"X좌표2":256.0,"X좌표3":276.0,"X좌표1":244.0,"X좌표6":289.0,"X좌표7":317.0,"X좌표4":292.0,"X좌표5":278.0,"Y좌표26":835.068,"Y좌표25":941.034,"Y좌표28":854.062,"Y좌표9":110.965,"Y좌표27":833.069,"Y좌표22":914.043,"Y좌표21":878.054,"Y좌표24":953.03,"Y좌표23":949.032,"Y좌표20":848.064,"X좌표19":538.0,"X좌표18":525.0,"X좌표17":499.0,"X좌표16":484.0,"X좌표15":471.0,"X좌표14":475.0,"X좌표13":459.0,"X좌표12":428.0,"X좌표11":418.0,"Y좌표4":29.9905,"X좌표10":466.0,"Y좌표3":107.966,"Y좌표2":167.947,"Y좌표1":287.908,"Y좌표8":143.954,"Y좌표7":175.944,"Y좌표29":838.067,"Y좌표6":147.953,"Y좌표5":102.967,"Y좌표15":282.91,"Y좌표14":226.928,"Y좌표17":576.817,"Y좌표16":439.86,"Y좌표11":106.966,"Y좌표10":26.9914,"Y좌표13":217.931,"Y좌표12":169.946,"X좌표29":221.0,"X좌표28":270.0,"X좌표27":291.0,"X좌표26":305.0,"X좌표25":304.0,"X좌표24":356.0,"X좌표23":422.0,"X좌표22":466.0,"X좌표21":482.0,"X좌표20":523.0,"Y좌표19":826.071,"Y좌표18":719.105}],"상의":[{"X좌표8":409.0,"X좌표9":433.0,"X좌표2":242.0,"X좌표3":250.0,"X좌표1":252.0,"X좌표6":325.0,"X좌표7":351.0,"X좌표4":290.0,"X좌표5":332.0,"Y좌표26":107.966,"Y좌표25":153.951,"Y좌표28":185.941,"Y좌표9":5.99809,"Y좌표27":139.956,"Y좌표22":139.956,"Y좌표21":121.961,"Y좌표24":177.943,"Y좌표23":160.949,"Y좌표20":143.954,"X좌표19":438.0,"X좌표18":472.0,"X좌표17":484.0,"X좌표16":547.0,"X좌표15":555.0,"X좌표14":543.0,"X좌표13":551.0,"X좌표12":540.0,"X좌표11":504.0,"Y좌표4":23.9924,"X좌표10":470.0,"Y좌표3":47.9847,"Y좌표2":113.964,"Y좌표1":185.941,"Y좌표8":21.993,"Y좌표7":43.986,"Y좌표6":23.9924,"Y좌표5":1.99936,"Y좌표15":206.934,"Y좌표14":171.945,"Y좌표17":251.92,"Y좌표16":235.925,"Y좌표11":26.9914,"Y좌표10":15.9949,"Y좌표13":143.954,"Y좌표12":79.9746,"X좌표28":256.0,"X좌표27":266.0,"X좌표26":282.0,"X좌표25":291.0,"X좌표24":322.0,"X좌표23":356.0,"X좌표22":388.0,"X좌표21":421.0,"X좌표20":422.0,"Y좌표19":198.937,"Y좌표18":226.928}]},"라벨링":{"스타일":[{"스타일":"컨트리"}],"아우터":[{}],"하의":[{}],"원피스":[{"기장":"발목","색상":"브라운","카테고리":"드레스","디테일":["플레어"],"소매기장":"민소매","소재":["우븐"],"프린트":["무지"],"넥라인":"브이넥","핏":"루즈"}],"상의":[{"색상":"베이지","카테고리":"블라우스","옷깃":"피터팬칼라","디테일":["단추","퍼프"],"소매기장":"반팔","소재":["린넨"],"프린트":["무지"],"핏":"노멀"}]}},"파일 번호":1158785,"파일 이름":"ops3501c94-ops3501c94-s_9.jpg"}}