{"이미지 정보":{"이미지 식별자":1177518,"이미지 높이":1049,"이미지 파일명":"k86sk1938-1 (8080).jpg","이미지 너비":800},"데이터셋 정보":{"파일 생성일자":"2020-11-17 17:16:47","데이터셋 상세설명":{"렉트좌표":{"아우터":[{"X좌표":171.5,"Y좌표":4.49905,"가로":608,"세로":911}],"하의":[{}],"원피스":[{}],"상의":[{"X좌표":347.5,"Y좌표":125.476,"가로":190,"세로":433}]},"폴리곤좌표":{"아우터":[{"X좌표39":745.0,"X좌표38":747.0,"X좌표37":676.0,"X좌표36":647.0,"X좌표35":637.0,"X좌표34":605.0,"X좌표33":564.0,"X좌표32":562.0,"X좌표31":549.0,"X좌표30":526.0,"X좌표49":646.0,"X좌표48":752.0,"X좌표47":764.0,"X좌표46":771.0,"X좌표45":763.0,"X좌표44":780.0,"X좌표43":780.0,"X좌표42":766.0,"X좌표41":769.0,"X좌표40":768.0,"Y좌표26":628.68,"Y좌표25":429.918,"Y좌표28":705.665,"Y좌표27":658.674,"Y좌표22":5.99886,"Y좌표21":27.9947,"Y좌표24":236.955,"Y좌표23":62.988,"Y좌표20":72.9861,"X좌표52":548.0,"X좌표51":580.0,"X좌표50":601.0,"Y좌표29":749.657,"Y좌표15":579.689,"Y좌표14":745.658,"Y좌표17":421.72,"Y좌표16":510.703,"Y좌표11":545.896,"Y좌표10":445.915,"Y좌표13":883.632,"Y좌표12":781.651,"Y좌표19":138.973,"Y좌표18":287.945,"Y좌표48":120.977,"Y좌표47":143.973,"Y좌표49":84.9838,"Y좌표44":346.734,"Y좌표43":391.725,"Y좌표46":202.961,"Y좌표45":261.95,"Y좌표40":489.707,"Y좌표42":437.717,"Y좌표41":454.713,"Y좌표37":645.677,"Y좌표36":689.669,"X좌표8":207.0,"Y좌표39":505.704,"X좌표9":222.0,"Y좌표38":536.698,"Y좌표33":916.625,"Y좌표32":837.64,"Y좌표35":860.636,"Y좌표34":915.625,"Y좌표31":845.639,"Y좌표30":889.63,"X좌표2":392.0,"X좌표3":266.0,"X좌표1":421.0,"X좌표6":239.0,"X좌표7":235.0,"X좌표4":256.0,"X좌표5":240.0,"Y좌표9":419.92,"X좌표19":398.0,"X좌표18":351.0,"X좌표17":365.0,"X좌표16":372.0,"X좌표15":355.0,"X좌표14":310.0,"X좌표13":277.0,"X좌표12":172.0,"X좌표11":245.0,"Y좌표4":183.965,"X좌표10":218.0,"Y좌표3":108.979,"Y좌표2":66.9872,"Y좌표1":28.9945,"Y좌표8":402.923,"Y좌표7":355.932,"Y좌표6":330.937,"Y좌표5":260.95,"Y좌표51":13.9973,"Y좌표50":36.9929,"Y좌표52":4.99905,"X좌표29":542.0,"X좌표28":497.0,"X좌표27":479.0,"X좌표26":523.0,"X좌표25":528.0,"X좌표24":507.0,"X좌표23":551.0,"X좌표22":544.0,"X좌표21":424.0,"X좌표20":423.0}],"하의":[{}],"원피스":[{}],"상의":[{"Y좌표9":555.694,"X좌표16":538.0,"X좌표15":529.0,"X좌표14":516.0,"X좌표13":523.0,"X좌표12":532.0,"X좌표11":533.0,"Y좌표4":139.973,"X좌표10":498.0,"Y좌표3":156.97,"Y좌표2":156.97,"Y좌표1":128.975,"Y좌표8":541.697,"Y좌표7":370.929,"Y좌표6":308.941,"Y좌표5":223.957,"Y좌표15":168.968,"Y좌표14":248.953,"X좌표8":364.0,"X좌표9":452.0,"Y좌표16":125.976,"Y좌표11":553.694,"Y좌표10":559.693,"Y좌표13":355.732,"Y좌표12":461.712,"X좌표2":478.0,"X좌표3":432.0,"X좌표1":538.0,"X좌표6":348.0,"X좌표7":354.0,"X좌표4":392.0,"X좌표5":365.0}]},"라벨링":{"스타일":[{"스타일":"모던"}],"아우터":[{"기장":"하프","색상":"블랙","카테고리":"재킷","옷깃":"테일러드칼라","디테일":["싱글브레스티드"],"소매기장":"긴팔","소재":["우븐"],"핏":"루즈"}],"하의":[{}],"원피스":[{}],"상의":[{"색상":"화이트","카테고리":"티셔츠","소매기장":"긴팔","소재":["저지"],"넥라인":"라운드넥","핏":"노멀"}]}},"파일 번호":1177518,"파일 이름":"k86sk1938-1 (8080).jpg"}}