{"이미지 정보":{"이미지 식별자":1178483,"이미지 높이":1049,"이미지 파일명":"k86sk1938-1 (10374).jpg","이미지 너비":800},"데이터셋 정보":{"파일 생성일자":"2020-11-17 17:22:28","데이터셋 상세설명":{"렉트좌표":{"아우터":[{"X좌표":98.4391,"Y좌표":1.53811,"가로":579,"세로":485}],"하의":[{}],"원피스":[{}],"상의":[{"X좌표":249.346,"Y좌표":227.432,"가로":248,"세로":247}]},"폴리곤좌표":{"아우터":[{"Y좌표40":30.025,"Y좌표41":17.0311,"X좌표39":254.843,"X좌표38":228.859,"X좌표37":194.88,"X좌표36":167.897,"X좌표35":150.907,"X좌표34":129.92,"X좌표33":98.9391,"X좌표32":194.88,"X좌표31":237.854,"X좌표30":258.841,"Y좌표37":86.9982,"Y좌표36":125.98,"X좌표8":647.601,"Y좌표39":48.0165,"X좌표9":627.614,"Y좌표38":65.0085,"Y좌표33":430.837,"Y좌표32":469.819,"Y좌표35":185.952,"Y좌표34":296.9,"Y좌표31":475.816,"Y좌표30":470.818,"X좌표2":509.686,"X좌표3":576.645,"X좌표41":329.797,"X좌표1":483.702,"X좌표40":293.819,"X좌표6":671.587,"X좌표7":678.582,"X좌표4":645.603,"X좌표5":660.593,"Y좌표26":403.849,"Y좌표25":352.873,"Y좌표28":461.822,"Y좌표9":421.841,"Y좌표27":452.826,"Y좌표22":112.986,"Y좌표21":21.0292,"Y좌표24":250.921,"Y좌표23":187.951,"Y좌표20":2.03811,"X좌표19":450.723,"X좌표18":423.739,"X좌표17":386.762,"X좌표16":407.749,"X좌표15":423.739,"X좌표14":468.711,"X좌표13":533.671,"X좌표12":548.662,"X좌표11":566.651,"Y좌표4":57.0123,"X좌표10":597.632,"Y좌표3":26.0268,"Y좌표2":11.0339,"Y좌표1":2.03811,"Y좌표8":404.849,"Y좌표7":379.861,"Y좌표29":463.821,"Y좌표6":298.899,"Y좌표5":106.989,"Y좌표15":487.81,"Y좌표14":476.815,"Y좌표17":196.947,"Y좌표16":481.813,"Y좌표11":433.835,"Y좌표10":433.835,"Y좌표13":455.825,"Y좌표12":416.843,"X좌표29":297.817,"X좌표28":342.789,"X좌표27":351.783,"X좌표26":345.787,"X좌표25":345.787,"X좌표24":351.783,"X좌표23":344.788,"X좌표22":345.787,"X좌표21":327.798,"X좌표20":482.703,"Y좌표19":57.0123,"Y좌표18":122.981}],"하의":[{}],"원피스":[{}],"상의":[{"Y좌표9":449.828,"Y좌표20":227.932,"X좌표19":414.745,"X좌표18":417.743,"X좌표17":417.743,"X좌표16":428.736,"X좌표15":458.718,"X좌표14":498.693,"X좌표13":497.694,"X좌표12":426.737,"X좌표11":332.795,"Y좌표4":275.91,"X좌표10":287.823,"Y좌표3":239.926,"Y좌표2":247.923,"Y좌표1":227.932,"Y좌표8":448.828,"Y좌표7":442.831,"Y좌표6":385.858,"Y좌표5":340.879,"Y좌표15":466.82,"Y좌표14":452.826,"X좌표8":282.826,"Y좌표17":434.835,"X좌표9":249.846,"Y좌표16":466.82,"Y좌표11":475.816,"Y좌표10":466.82,"Y좌표13":475.816,"Y좌표12":475.816,"X좌표2":374.769,"X좌표3":350.784,"X좌표20":410.747,"X좌표1":399.754,"X좌표6":339.791,"Y좌표19":262.916,"X좌표7":339.791,"Y좌표18":338.88,"X좌표4":336.793,"X좌표5":338.791}]},"라벨링":{"스타일":[{"스타일":"페미닌","서브스타일":"스트리트"}],"아우터":[{"기장":"크롭","색상":"베이지","카테고리":"재킷","옷깃":"셔츠칼라","디테일":["포켓","단추"],"소매기장":"반팔","소재":["린넨"],"프린트":["무지"],"핏":"루즈"}],"하의":[{}],"원피스":[{}],"상의":[{"기장":"노멀","색상":"화이트","카테고리":"탑","소매기장":"없음","소재":["저지"],"프린트":["무지"],"넥라인":"브이넥","핏":"타이트"}]}},"파일 번호":1178483,"파일 이름":"k86sk1938-1 (10374).jpg"}}