{"이미지 정보":{"이미지 식별자":1183290,"이미지 높이":1049,"이미지 파일명":"pt1804-pt1804-s_12.jpg","이미지 너비":800},"데이터셋 정보":{"파일 생성일자":"2020-11-17 17:51:02","데이터셋 상세설명":{"렉트좌표":{"아우터":[{}],"하의":[{"X좌표":353.167,"Y좌표":276.569,"가로":279,"세로":655}],"원피스":[{}],"상의":[{"X좌표":282.167,"Y좌표":6.49333,"가로":352,"세로":284}]},"폴리곤좌표":{"아우터":[{}],"하의":[{"X좌표39":585.667,"X좌표38":568.667,"X좌표37":534.667,"X좌표36":540.667,"X좌표35":546.667,"X좌표34":554.667,"X좌표33":549.667,"X좌표32":548.667,"X좌표31":542.667,"X좌표30":536.667,"X좌표49":590.667,"X좌표48":598.667,"X좌표47":598.667,"X좌표46":616.667,"X좌표45":628.667,"X좌표44":632.667,"X좌표43":626.667,"X좌표42":618.667,"X좌표41":609.667,"X좌표40":596.667,"Y좌표26":473.548,"Y좌표25":514.509,"Y좌표28":561.464,"Y좌표27":515.508,"Y좌표22":611.75,"Y좌표21":648.714,"Y좌표24":568.791,"Y좌표23":584.775,"Y좌표20":684.68,"X좌표53":378.667,"X좌표52":560.667,"X좌표51":569.667,"X좌표50":584.667,"Y좌표29":599.428,"Y좌표15":928.447,"Y좌표14":932.444,"Y좌표17":911.464,"Y좌표16":922.453,"Y좌표11":756.611,"Y좌표10":726.64,"Y좌표13":922.453,"Y좌표12":856.516,"Y좌표19":726.64,"Y좌표18":784.585,"Y좌표48":394.956,"Y좌표47":444.909,"Y좌표49":351.997,"Y좌표44":668.695,"Y좌표43":718.648,"Y좌표46":526.831,"Y좌표45":614.747,"Y좌표40":884.489,"Y좌표42":750.617,"Y좌표41":786.583,"Y좌표37":874.499,"Y좌표36":762.606,"X좌표8":418.667,"Y좌표39":898.476,"X좌표9":428.667,"Y좌표38":895.479,"Y좌표33":666.364,"Y좌표32":643.386,"Y좌표35":729.304,"Y좌표34":693.338,"Y좌표31":637.392,"Y좌표30":619.409,"X좌표2":368.667,"X좌표3":353.667,"X좌표1":382.667,"X좌표6":398.667,"X좌표7":400.667,"X좌표4":368.667,"X좌표5":397.667,"Y좌표9":699.666,"X좌표19":493.667,"X좌표18":504.667,"X좌표17":513.667,"X좌표16":508.667,"X좌표15":488.667,"X좌표14":474.667,"X좌표13":450.667,"X좌표12":445.667,"X좌표11":425.667,"Y좌표4":482.873,"X좌표10":428.667,"Y좌표3":400.951,"Y좌표2":316.032,"Y좌표1":281.065,"Y좌표8":660.703,"Y좌표7":630.732,"Y좌표6":591.769,"Y좌표5":580.779,"Y좌표51":305.042,"Y좌표50":321.027,"Y좌표53":280.066,"Y좌표52":277.069,"X좌표29":537.667,"X좌표28":520.667,"X좌표27":498.667,"X좌표26":481.667,"X좌표25":476.667,"X좌표24":481.667,"X좌표23":489.667,"X좌표22":485.667,"X좌표21":496.667,"X좌표20":497.667}],"원피스":[{}],"상의":[{"X좌표8":341.667,"X좌표9":364.667,"X좌표2":397.667,"X좌표3":350.667,"X좌표1":520.667,"X좌표6":282.667,"X좌표7":314.667,"X좌표4":332.667,"X좌표5":317.667,"Y좌표25":11.9886,"Y좌표9":202.806,"Y좌표22":73.9295,"Y좌표21":174.833,"Y좌표24":17.9828,"Y좌표23":38.9628,"Y좌표20":207.802,"X좌표19":601.667,"X좌표18":574.667,"X좌표17":594.667,"X좌표16":568.667,"X좌표15":532.667,"X좌표14":480.667,"X좌표13":412.667,"X좌표12":374.667,"X좌표11":370.667,"Y좌표4":34.9666,"X좌표10":364.667,"Y좌표3":21.979,"Y좌표2":6.99333,"Y좌표1":14.9857,"Y좌표8":199.809,"Y좌표7":198.81,"Y좌표6":197.811,"Y좌표5":67.9352,"Y좌표15":285.727,"Y좌표14":290.723,"Y좌표17":251.76,"Y좌표16":282.73,"Y좌표11":273.739,"Y좌표10":255.756,"Y좌표13":291.722,"Y좌표12":285.727,"X좌표25":517.667,"X좌표24":578.667,"X좌표23":594.667,"X좌표22":612.667,"X좌표21":634.667,"X좌표20":633.667,"Y좌표19":193.815,"Y좌표18":203.806}]},"라벨링":{"스타일":[{"스타일":"소피스트케이티드","서브스타일":"클래식"}],"아우터":[{}],"하의":[{"기장":"발목","색상":"베이지","카테고리":"팬츠","디테일":["포켓"],"소재":["우븐"],"프린트":["무지"],"핏":"노멀"}],"원피스":[{}],"상의":[{"색상":"화이트","카테고리":"티셔츠","소매기장":"반팔","소재":["저지"],"프린트":["무지"],"넥라인":"브이넥","핏":"루즈"}]}},"파일 번호":1183290,"파일 이름":"pt1804-pt1804-s_12.jpg"}}