{"이미지 정보":{"이미지 식별자":1185842,"이미지 높이":1049,"이미지 파일명":"set380-set380-s_5.jpg","이미지 너비":800},"데이터셋 정보":{"파일 생성일자":"2020-11-17 18:02:47","데이터셋 상세설명":{"렉트좌표":{"아우터":[{}],"하의":[{"X좌표":230.5,"Y좌표":255.451,"가로":285,"세로":286}],"원피스":[{}],"상의":[{"X좌표":200.5,"Y좌표":1.49962,"가로":327,"세로":333}]},"폴리곤좌표":{"아우터":[{}],"하의":[{"X좌표8":288.0,"X좌표2":246.0,"Y좌표4":515.902,"X좌표3":231.0,"Y좌표3":521.9,"Y좌표2":407.922,"X좌표1":288.0,"Y좌표1":255.951,"X좌표6":516.0,"Y좌표8":255.951,"X좌표7":468.0,"Y좌표7":270.948,"X좌표4":351.0,"Y좌표6":533.898,"X좌표5":356.0,"Y좌표5":542.896}],"원피스":[{}],"상의":[{"Y좌표9":288.945,"Y좌표22":43.9916,"Y좌표21":69.9867,"Y좌표23":1.99962,"Y좌표20":46.991,"X좌표19":440.0,"X좌표18":472.0,"X좌표17":511.0,"X좌표16":522.0,"X좌표15":528.0,"X좌표14":527.0,"X좌표13":510.0,"X좌표12":471.0,"X좌표11":411.0,"Y좌표4":135.974,"X좌표10":372.0,"Y좌표3":37.9928,"Y좌표2":15.9969,"Y좌표1":5.99886,"Y좌표8":335.936,"Y좌표7":308.941,"Y좌표6":291.944,"Y좌표5":246.953,"Y좌표15":134.974,"Y좌표14":218.958,"X좌표8":352.0,"Y좌표17":46.991,"X좌표9":360.0,"Y좌표16":69.9867,"Y좌표11":280.946,"Y좌표10":274.948,"Y좌표13":269.949,"Y좌표12":279.947,"X좌표23":368.0,"X좌표22":373.0,"X좌표2":336.0,"X좌표21":394.0,"X좌표3":280.0,"X좌표20":420.0,"X좌표1":360.0,"X좌표6":267.0,"Y좌표19":8.99828,"X좌표7":306.0,"Y좌표18":30.9941,"X좌표4":231.0,"X좌표5":201.0}]},"라벨링":{"스타일":[{"스타일":"프레피"}],"아우터":[{}],"하의":[{"기장":"미니","색상":"블랙","서브색상":"화이트","카테고리":"스커트","디테일":["플리츠","단추"],"프린트":["스트라이프","무지"],"핏":"노멀"}],"원피스":[{}],"상의":[{"색상":"화이트","카테고리":"셔츠","옷깃":"셔츠칼라","소매기장":"긴팔","소재":["우븐"],"프린트":["무지"],"핏":"노멀"}]}},"파일 번호":1185842,"파일 이름":"set380-set380-s_5.jpg"}}