{"이미지 정보":{"이미지 식별자":1199284,"이미지 높이":1049,"이미지 파일명":"t5060k09-t5060k09-s_12.jpg","이미지 너비":800},"데이터셋 정보":{"파일 생성일자":"2020-11-17 19:29:04","데이터셋 상세설명":{"렉트좌표":{"아우터":[{"X좌표":301.9,"Y좌표":7.29851,"가로":432,"세로":479}],"하의":[{"X좌표":282.9,"Y좌표":420.02,"가로":318,"세로":486}],"원피스":[{}],"상의":[{}]},"폴리곤좌표":{"아우터":[{"X좌표39":734.4,"X좌표38":720.4,"X좌표37":711.4,"X좌표36":703.4,"X좌표35":691.4,"X좌표34":685.4,"X좌표33":667.4,"X좌표32":649.4,"X좌표31":638.4,"X좌표30":639.4,"X좌표49":524.4,"X좌표48":542.4,"X좌표47":578.4,"X좌표46":605.4,"X좌표45":631.4,"X좌표44":652.4,"X좌표43":680.4,"X좌표42":699.4,"X좌표41":710.4,"X좌표40":720.4,"Y좌표26":487.507,"Y좌표25":475.509,"Y좌표28":439.516,"Y좌표27":467.511,"Y좌표22":444.515,"Y좌표21":450.514,"Y좌표24":460.512,"Y좌표23":444.515,"Y좌표20":450.714,"X좌표50":501.4,"Y좌표29":403.523,"Y좌표15":313.74,"Y좌표14":290.745,"Y좌표17":383.727,"Y좌표16":346.734,"Y좌표11":202.761,"Y좌표10":178.766,"Y좌표13":254.751,"Y좌표12":238.754,"Y좌표19":440.716,"Y좌표18":413.721,"Y좌표48":101.981,"Y좌표47":59.9886,"Y좌표49":121.977,"Y좌표44":57.9889,"Y좌표43":75.9855,"Y좌표46":30.9941,"Y좌표45":43.9916,"Y좌표40":187.564,"Y좌표42":103.98,"Y좌표41":146.572,"Y좌표37":245.553,"Y좌표36":261.55,"X좌표8":317.4,"Y좌표39":215.559,"X좌표9":302.4,"Y좌표38":233.555,"Y좌표33":271.548,"Y좌표32":297.543,"Y좌표35":260.55,"Y좌표34":251.552,"Y좌표31":327.538,"Y좌표30":365.53,"X좌표2":488.4,"X좌표3":467.4,"X좌표1":501.4,"X좌표6":351.4,"X좌표7":336.4,"X좌표4":452.4,"X좌표5":394.4,"Y좌표9":147.772,"X좌표19":422.4,"X좌표18":407.4,"X좌표17":374.4,"X좌표16":360.4,"X좌표15":362.4,"X좌표14":376.4,"X좌표13":374.4,"X좌표12":360.4,"X좌표11":338.4,"Y좌표4":7.79851,"X좌표10":317.4,"Y좌표3":58.7888,"Y좌표2":94.7819,"Y좌표1":120.777,"Y좌표8":121.777,"Y좌표7":73.7859,"Y좌표6":39.7924,"Y좌표5":26.7949,"Y좌표50":122.977,"X좌표29":641.4,"X좌표28":632.4,"X좌표27":617.4,"X좌표26":603.4,"X좌표25":595.4,"X좌표24":570.4,"X좌표23":542.4,"X좌표22":514.4,"X좌표21":478.4,"X좌표20":442.4}],"하의":[{"X좌표39":545.4,"X좌표38":526.4,"X좌표37":516.4,"X좌표36":510.4,"X좌표35":500.4,"X좌표34":483.4,"X좌표33":465.4,"X좌표32":447.4,"X좌표31":457.4,"X좌표30":464.4,"X좌표49":601.4,"X좌표48":601.4,"X좌표47":596.4,"X좌표46":594.4,"X좌표45":570.4,"X좌표44":550.4,"X좌표43":550.4,"X좌표42":546.4,"X좌표41":547.4,"X좌표40":546.4,"Y좌표26":703.466,"Y좌표25":654.475,"Y좌표28":735.46,"Y좌표27":716.463,"Y좌표22":572.691,"Y좌표21":627.68,"Y좌표24":597.486,"Y좌표23":540.697,"Y좌표20":699.667,"X좌표59":374.4,"X좌표58":410.4,"X좌표57":426.4,"X좌표56":454.4,"X좌표55":478.4,"X좌표54":514.4,"X좌표53":527.4,"X좌표52":545.4,"X좌표51":565.4,"X좌표50":590.4,"Y좌표29":743.458,"Y좌표15":784.65,"Y좌표14":811.645,"Y좌표17":740.659,"Y좌표16":751.657,"Y좌표11":870.634,"Y좌표10":879.632,"Y좌표13":834.641,"Y좌표12":852.637,"X좌표65":330.4,"X좌표64":334.4,"X좌표63":339.4,"X좌표62":342.4,"Y좌표19":710.664,"X좌표61":354.4,"Y좌표18":723.662,"X좌표60":362.4,"Y좌표48":496.505,"Y좌표47":517.501,"Y좌표49":472.51,"Y좌표44":676.471,"Y좌표43":690.468,"Y좌표46":547.496,"Y좌표45":603.485,"Y좌표40":734.46,"Y좌표42":703.466,"Y좌표41":712.464,"Y좌표37":853.437,"Y좌표36":897.429,"X좌표8":355.4,"Y좌표39":790.449,"X좌표9":371.4,"Y좌표38":828.442,"Y좌표33":905.427,"Y좌표32":895.429,"Y좌표35":903.428,"Y좌표34":907.427,"Y좌표31":857.437,"Y좌표30":795.448,"X좌표2":283.4,"X좌표3":289.4,"X좌표1":331.4,"X좌표6":342.4,"X좌표7":351.4,"X좌표4":300.4,"X좌표5":317.4,"Y좌표9":878.632,"Y좌표65":511.502,"Y좌표62":453.514,"Y좌표61":431.518,"Y좌표64":486.507,"Y좌표63":475.509,"Y좌표60":423.519,"X좌표19":390.4,"X좌표18":381.4,"X좌표17":380.4,"X좌표16":387.4,"X좌표15":400.4,"X좌표14":410.4,"X좌표13":426.4,"X좌표12":422.4,"X좌표11":412.4,"Y좌표4":779.651,"X좌표10":394.4,"Y좌표3":760.655,"Y좌표2":743.658,"Y좌표1":508.703,"Y좌표8":871.634,"Y좌표7":857.636,"Y좌표6":838.64,"Y좌표5":815.644,"Y좌표59":424.519,"Y좌표58":420.52,"Y좌표55":433.517,"Y좌표54":425.519,"Y좌표57":420.52,"Y좌표56":435.517,"Y좌표51":447.515,"Y좌표50":448.514,"Y좌표53":425.519,"Y좌표52":448.514,"X좌표29":473.4,"X좌표28":465.4,"X좌표27":470.4,"X좌표26":471.4,"X좌표25":466.4,"X좌표24":471.4,"X좌표23":464.4,"X좌표22":436.4,"X좌표21":413.4,"X좌표20":389.4}],"원피스":[{}],"상의":[{}]},"라벨링":{"스타일":[{"스타일":"스트리트"}],"아우터":[{"기장":"크롭","색상":"베이지","카테고리":"베스트","디테일":["니트꽈베기"],"소매기장":"캡","소재":["니트"],"프린트":["무지"],"넥라인":"브이넥","핏":"루즈"}],"하의":[{"기장":"발목","색상":"네이비","카테고리":"청바지","소재":["데님"],"프린트":["무지"],"핏":"노멀"}],"원피스":[{}],"상의":[{}]}},"파일 번호":1199284,"파일 이름":"t5060k09-t5060k09-s_12.jpg"}}