{"이미지 정보":{"이미지 식별자":1217991,"이미지 높이":1049,"이미지 파일명":"sk3024k09-sk3024k09-s_12.jpg","이미지 너비":800},"데이터셋 정보":{"파일 생성일자":"2020-11-18 14:33:45","데이터셋 상세설명":{"렉트좌표":{"아우터":[{}],"하의":[{"X좌표":296.094,"Y좌표":281.368,"가로":303,"세로":505}],"원피스":[{}],"상의":[{"X좌표":289.104,"Y좌표":7.50615,"가로":225,"세로":497}]},"폴리곤좌표":{"아우터":[{}],"하의":[{"X좌표31":326.553,"X좌표30":322.558,"X좌표8":466.358,"X좌표9":507.301,"Y좌표31":292.867,"Y좌표30":326.863,"X좌표2":336.539,"X좌표3":381.476,"X좌표1":327.551,"X좌표6":449.382,"X좌표7":461.365,"X좌표4":441.393,"X좌표5":448.383,"Y좌표26":699.826,"Y좌표25":737.823,"Y좌표28":435.853,"Y좌표9":541.842,"Y좌표27":540.842,"Y좌표22":779.818,"Y좌표21":778.818,"Y좌표24":738.822,"Y좌표23":775.819,"Y좌표20":787.818,"X좌표19":459.368,"X좌표18":472.35,"X좌표17":507.301,"X좌표16":511.296,"X좌표15":535.262,"X좌표14":555.235,"X좌표13":528.272,"X좌표12":563.224,"X좌표11":588.189,"Y좌표4":282.868,"X좌표10":600.172,"Y좌표3":291.867,"Y좌표2":300.866,"Y좌표1":290.867,"Y좌표8":412.855,"Y좌표7":349.861,"Y좌표29":349.861,"Y좌표6":315.864,"Y좌표5":281.868,"Y좌표15":768.819,"Y좌표14":752.821,"Y좌표17":751.821,"Y좌표16":774.819,"Y좌표11":717.824,"Y좌표10":678.828,"Y좌표13":720.824,"Y좌표12":729.823,"X좌표29":311.574,"X좌표28":296.594,"X좌표27":320.561,"X좌표26":316.567,"X좌표25":312.572,"X좌표24":328.55,"X좌표23":370.492,"X좌표22":405.443,"X좌표21":425.415,"X좌표20":435.401,"Y좌표19":769.819,"Y좌표18":748.821}],"원피스":[{}],"상의":[{"X좌표33":316.567,"X좌표32":320.561,"X좌표31":292.6,"X좌표30":301.587,"X좌표8":405.443,"X좌표9":406.442,"Y좌표33":47.0023,"Y좌표32":56.0014,"Y좌표31":119.995,"Y좌표30":192.988,"X좌표2":323.557,"X좌표3":322.558,"X좌표1":317.565,"X좌표6":418.425,"X좌표7":406.442,"X좌표4":352.517,"X좌표5":418.425,"Y좌표26":306.976,"Y좌표25":300.977,"Y좌표28":312.976,"Y좌표9":77.9992,"Y좌표27":301.977,"Y좌표22":462.961,"Y좌표21":505.957,"Y좌표24":322.975,"Y좌표23":391.968,"Y좌표20":500.957,"X좌표19":515.29,"X좌표18":468.356,"X좌표17":421.421,"X좌표16":423.418,"X좌표15":456.372,"X좌표14":450.381,"X좌표13":449.382,"X좌표12":456.372,"X좌표11":439.396,"Y좌표4":8.00615,"X좌표10":420.422,"Y좌표3":22.0048,"Y좌표2":39.0031,"Y좌표1":44.0026,"Y좌표8":69.0001,"Y좌표7":62.0008,"Y좌표29":270.98,"Y좌표6":58.0012,"Y좌표5":36.0034,"Y좌표15":282.979,"Y좌표14":261.981,"Y좌표17":320.975,"Y좌표16":289.978,"Y좌표11":145.992,"Y좌표10":106.996,"Y좌표13":220.985,"Y좌표12":180.989,"X좌표29":289.604,"X좌표28":327.551,"X좌표27":327.551,"X좌표26":331.546,"X좌표25":357.51,"X좌표24":359.507,"X좌표23":392.461,"X좌표22":439.396,"X좌표21":459.368,"X좌표20":490.325,"Y좌표19":483.959,"Y좌표18":411.966}]},"라벨링":{"스타일":[{"스타일":"페미닌"}],"아우터":[{}],"하의":[{"기장":"니렝스","색상":"베이지","카테고리":"스커트","디테일":["비대칭","러플"],"소재":["우븐","실크"],"프린트":["무지"],"핏":"루즈"}],"원피스":[{}],"상의":[{"기장":"노멀","색상":"그레이","카테고리":"탑","소매기장":"긴팔","소재":["우븐","울\/캐시미어"],"프린트":["무지"],"넥라인":"터틀넥","핏":"타이트"}]}},"파일 번호":1217991,"파일 이름":"sk3024k09-sk3024k09-s_12.jpg"}}