{"이미지 정보":{"이미지 식별자":1218130,"이미지 높이":1049,"이미지 파일명":"sk3038k09-sk3038k09-s_5.jpg","이미지 너비":800},"데이터셋 정보":{"파일 생성일자":"2020-11-18 14:34:50","데이터셋 상세설명":{"렉트좌표":{"아우터":[{"X좌표":75.5,"Y좌표":2.49714,"가로":689,"세로":791}],"하의":[{"X좌표":224.5,"Y좌표":495.36,"가로":407,"세로":510}],"원피스":[{}],"상의":[{}]},"폴리곤좌표":{"아우터":[{"X좌표37":369.0,"X좌표36":390.0,"X좌표35":409.0,"X좌표34":437.0,"X좌표33":465.0,"X좌표32":514.0,"X좌표31":574.0,"X좌표30":616.0,"Y좌표37":66.9361,"Y좌표36":37.9638,"X좌표8":86.0,"X좌표9":109.0,"Y좌표33":57.9447,"Y좌표32":73.9295,"Y좌표35":11.9886,"Y좌표34":29.9714,"Y좌표31":99.9047,"Y좌표30":83.9199,"X좌표2":245.0,"X좌표3":217.0,"X좌표1":362.0,"X좌표6":93.0,"X좌표7":76.0,"X좌표4":169.0,"X좌표5":125.0,"Y좌표26":119.886,"Y좌표25":311.037,"Y좌표28":63.939,"Y좌표9":514.509,"Y좌표27":98.9056,"Y좌표22":319.029,"Y좌표21":476.878,"Y좌표24":319.029,"Y좌표23":324.024,"Y좌표20":488.867,"X좌표19":522.0,"X좌표18":429.0,"X좌표17":336.0,"X좌표16":254.0,"X좌표15":248.0,"X좌표14":254.0,"X좌표13":170.0,"X좌표12":148.0,"X좌표11":102.0,"Y좌표4":42.959,"X좌표10":81.0,"Y좌표3":14.9857,"Y좌표2":2.99714,"Y좌표1":67.9352,"Y좌표8":475.546,"Y좌표7":271.741,"Y좌표29":42.959,"Y좌표6":139.867,"Y좌표5":59.9428,"Y좌표15":728.638,"Y좌표14":783.586,"Y좌표17":544.813,"Y좌표16":571.788,"Y좌표11":728.638,"Y좌표10":622.406,"Y좌표13":794.575,"Y좌표12":783.586,"X좌표29":630.0,"X좌표28":705.0,"X좌표27":733.0,"X좌표26":765.0,"X좌표25":764.0,"X좌표24":728.0,"X좌표23":668.0,"X좌표22":610.0,"X좌표21":637.0,"X좌표20":596.0,"Y좌표19":514.842,"Y좌표18":531.826}],"하의":[{"Y좌표9":916.459,"X좌표17":232.0,"X좌표16":296.0,"X좌표15":384.0,"X좌표14":476.0,"X좌표13":557.0,"X좌표12":606.0,"X좌표11":632.0,"Y좌표4":912.463,"X좌표10":608.0,"Y좌표3":772.596,"Y좌표2":642.72,"Y좌표1":531.826,"Y좌표8":971.406,"Y좌표7":996.383,"Y좌표6":1006.37,"Y좌표5":986.392,"Y좌표15":510.846,"Y좌표14":495.86,"X좌표8":448.0,"Y좌표17":520.836,"X좌표9":537.0,"Y좌표16":523.833,"Y좌표11":826.545,"Y좌표10":882.491,"Y좌표13":496.859,"Y좌표12":615.746,"X좌표2":236.0,"X좌표3":233.0,"X좌표1":232.0,"X좌표6":257.0,"X좌표7":354.0,"X좌표4":225.0,"X좌표5":230.0}],"원피스":[{}],"상의":[{}]},"라벨링":{"스타일":[{"스타일":"스트리트"}],"아우터":[{"기장":"크롭","색상":"베이지","카테고리":"점퍼","옷깃":"셔츠칼라","디테일":["퍼프","드롭숄더"],"소매기장":"긴팔","소재":["코듀로이"],"프린트":["무지"],"핏":"노멀"}],"하의":[{"기장":"미니","색상":"베이지","카테고리":"스커트","디테일":["포켓"],"소재":["코듀로이"],"프린트":["무지"],"핏":"노멀"}],"원피스":[{}],"상의":[{}]}},"파일 번호":1218130,"파일 이름":"sk3038k09-sk3038k09-s_5.jpg"}}