{"이미지 정보":{"이미지 식별자":1222446,"이미지 높이":1049,"이미지 파일명":"vt264k99-vt264k99-s_8.jpg","이미지 너비":800},"데이터셋 정보":{"파일 생성일자":"2020-11-18 15:00:54","데이터셋 상세설명":{"렉트좌표":{"아우터":[{"X좌표":300.955,"Y좌표":7.53529,"가로":234,"세로":368}],"하의":[{"X좌표":223.003,"Y좌표":320.388,"가로":323,"세로":499}],"원피스":[{}],"상의":[{}]},"폴리곤좌표":{"아우터":[{"Y좌표9":362.869,"X좌표17":431.375,"X좌표16":440.37,"X좌표15":478.346,"X좌표14":511.326,"X좌표13":536.31,"X좌표12":502.331,"X좌표11":487.341,"Y좌표4":36.0222,"X좌표10":464.355,"Y좌표3":8.03529,"Y좌표2":12.0334,"Y좌표1":57.0123,"Y좌표8":376.862,"Y좌표7":365.867,"Y좌표6":298.899,"Y좌표5":142.972,"Y좌표15":35.0226,"Y좌표14":110.987,"X좌표8":365.416,"Y좌표17":60.0109,"X좌표9":421.381,"Y좌표16":33.0236,"Y좌표11":331.883,"Y좌표10":331.883,"Y좌표13":175.956,"Y좌표12":331.883,"X좌표2":377.408,"X좌표3":308.451,"X좌표1":428.377,"X좌표6":322.442,"X좌표7":334.435,"X좌표4":301.455,"X좌표5":307.451}],"하의":[{"Y좌표9":428.838,"Y좌표21":322.887,"Y좌표20":400.851,"X좌표19":547.304,"X좌표18":500.333,"X좌표17":431.375,"X좌표16":347.427,"X좌표15":241.492,"X좌표14":223.503,"X좌표13":227.501,"X좌표12":272.473,"X좌표11":310.449,"Y좌표4":349.875,"X좌표10":340.431,"Y좌표3":326.886,"Y좌표2":322.887,"Y좌표1":320.888,"Y좌표8":388.857,"Y좌표7":380.86,"Y좌표6":373.864,"Y좌표5":367.866,"Y좌표15":802.662,"Y좌표14":794.666,"X좌표8":337.433,"Y좌표17":820.654,"X좌표9":329.438,"Y좌표16":814.657,"Y좌표11":662.728,"Y좌표10":619.748,"Y좌표13":772.676,"Y좌표12":712.704,"X좌표2":479.346,"X좌표21":496.335,"X좌표3":458.358,"X좌표20":524.318,"X좌표1":496.335,"X좌표6":353.423,"Y좌표19":803.662,"X좌표7":341.43,"Y좌표18":812.658,"X좌표4":404.392,"X좌표5":370.413}],"원피스":[{}],"상의":[{}]},"라벨링":{"스타일":[{"스타일":"페미닌"}],"아우터":[{"색상":"베이지","카테고리":"베스트","소매기장":"민소매","소재":["니트"],"프린트":["무지"],"넥라인":"브이넥","핏":"루즈"}],"하의":[{"기장":"미디","색상":"베이지","카테고리":"스커트","디테일":["플리츠"],"소재":["우븐"],"프린트":["무지"],"핏":"노멀"}],"원피스":[{}],"상의":[{}]}},"파일 번호":1222446,"파일 이름":"vt264k99-vt264k99-s_8.jpg"}}