{"이미지 정보":{"이미지 식별자":1223989,"이미지 높이":800,"이미지 파일명":"1-(9)-002-269-862-1,167-TROI_004_09.jpg","이미지 너비":800},"데이터셋 정보":{"파일 생성일자":"2020-11-19 15:37:13","데이터셋 상세설명":{"렉트좌표":{"아우터":[{"X좌표":279.444,"Y좌표":17.4819,"가로":314,"세로":710}],"하의":[{}],"원피스":[{}],"상의":[{"X좌표":252.481,"Y좌표":-0.493067,"가로":267,"세로":496}]},"폴리곤좌표":{"아우터":[{"X좌표34":332.87,"X좌표33":323.883,"X좌표32":300.915,"X좌표31":279.944,"X좌표30":279.944,"X좌표8":594.506,"X좌표9":580.526,"Y좌표33":73.9042,"Y좌표32":118.842,"Y좌표34":79.8958,"Y좌표31":196.733,"Y좌표30":270.631,"X좌표2":356.837,"X좌표3":393.786,"X좌표1":340.859,"X좌표6":530.595,"X좌표7":563.549,"X좌표4":427.738,"X좌표5":473.674,"Y좌표26":188.744,"Y좌표25":121.837,"Y좌표28":273.626,"Y좌표9":685.054,"Y좌표27":236.678,"Y좌표22":79.8958,"Y좌표21":105.86,"Y좌표24":101.865,"Y좌표23":75.9014,"Y좌표20":177.76,"X좌표19":316.893,"X좌표18":354.84,"X좌표17":390.79,"X좌표16":405.769,"X좌표15":463.688,"X좌표14":499.638,"X좌표13":516.615,"X좌표12":526.601,"X좌표11":526.601,"Y좌표4":17.9819,"X좌표10":537.586,"Y좌표3":39.9514,"Y좌표2":77.8986,"Y좌표1":76.9,"Y좌표8":676.067,"Y좌표7":490.325,"Y좌표29":290.603,"Y좌표6":266.636,"Y좌표5":86.8861,"Y좌표15":727.994,"Y좌표14":721.004,"Y좌표17":537.26,"Y좌표16":718.008,"Y좌표11":646.108,"Y좌표10":693.043,"Y좌표13":709.021,"Y좌표12":699.035,"X좌표29":286.934,"X좌표28":294.923,"X좌표27":300.915,"X좌표26":302.912,"X좌표25":325.88,"X좌표24":323.883,"X좌표23":332.87,"X좌표22":344.854,"X좌표21":335.866,"X좌표20":308.904,"Y좌표19":237.676,"Y좌표18":380.478}],"하의":[{}],"원피스":[{}],"상의":[{"Y좌표48":65.9153,"Y좌표47":83.8903,"Y좌표44":237.676,"Y좌표43":280.617,"Y좌표46":130.825,"Y좌표45":191.74,"Y좌표40":471.351,"Y좌표42":417.426,"Y좌표41":467.357,"X좌표39":284.937,"X좌표38":286.934,"X좌표37":297.919,"X좌표36":317.891,"X좌표35":366.823,"X좌표34":347.849,"X좌표33":315.894,"X좌표32":346.851,"X좌표31":364.826,"X좌표30":402.773,"Y좌표37":496.317,"Y좌표36":479.34,"X좌표8":472.676,"Y좌표39":435.401,"X좌표9":488.654,"Y좌표38":476.344,"Y좌표33":186.747,"Y좌표32":91.8792,"Y좌표35":400.45,"Y좌표34":331.546,"Y좌표31":80.8944,"Y좌표30":39.9514,"X좌표48":319.888,"X좌표47":317.891,"X좌표46":317.891,"X좌표45":289.93,"X좌표44":288.931,"X좌표2":366.823,"X좌표43":282.94,"X좌표3":413.758,"X좌표42":270.956,"X좌표41":252.981,"X좌표1":322.884,"X좌표40":263.966,"X좌표6":410.762,"X좌표7":434.729,"X좌표4":424.743,"X좌표5":399.777,"Y좌표26":193.737,"Y좌표25":262.642,"Y좌표28":91.8792,"Y좌표9":189.743,"Y좌표27":143.807,"Y좌표22":335.54,"Y좌표21":342.531,"Y좌표24":289.604,"Y좌표23":319.562,"Y좌표20":359.507,"X좌표19":382.801,"X좌표18":395.783,"X좌표17":433.73,"X좌표16":466.684,"X좌표15":468.681,"X좌표14":464.687,"X좌표13":506.629,"X좌표12":520.609,"X좌표11":512.62,"Y좌표4":15.9847,"X좌표10":503.633,"Y좌표3":0.00693311,"Y좌표2":28.9667,"Y좌표1":63.918,"Y좌표8":111.851,"Y좌표7":66.9139,"Y좌표29":63.918,"Y좌표6":65.9153,"Y좌표5":39.9514,"Y좌표15":377.482,"Y좌표14":357.51,"Y좌표17":408.439,"Y좌표16":405.443,"Y좌표11":279.618,"Y좌표10":232.683,"Y좌표13":340.533,"Y좌표12":306.581,"X좌표29":409.763,"X좌표28":388.793,"X좌표27":387.794,"X좌표26":390.79,"X좌표25":397.78,"X좌표24":387.794,"X좌표23":389.791,"X좌표22":387.794,"X좌표21":368.82,"X좌표20":368.82,"Y좌표19":376.483,"Y좌표18":375.485}]},"라벨링":{"스타일":[{"스타일":"소피스트케이티드"}],"아우터":[{"기장":"롱","색상":"브라운","카테고리":"베스트","디테일":["포켓","슬릿"],"소매기장":"민소매","소재":["울\/캐시미어"],"프린트":["무지"],"핏":"노멀"}],"하의":[{}],"원피스":[{}],"상의":[{"색상":"화이트","카테고리":"셔츠","옷깃":"셔츠칼라","디테일":["단추","퍼프"],"소매기장":"7부소매","소재":["우븐"],"프린트":["무지"],"핏":"루즈"}]}},"파일 번호":1223989,"파일 이름":"1-(9)-002-269-862-1,167-TROI_004_09.jpg"}}