{"이미지 정보":{"이미지 식별자":1223926,"이미지 높이":800,"이미지 파일명":"1-(9)-002-269-862-1,167-TROI_001_05.jpg","이미지 너비":800},"데이터셋 정보":{"파일 생성일자":"2020-11-19 15:36:59","데이터셋 상세설명":{"렉트좌표":{"아우터":[{"X좌표":273.452,"Y좌표":0.505544,"가로":449,"세로":574}],"하의":[{}],"원피스":[{}],"상의":[{"X좌표":294.423,"Y좌표":1.50416,"가로":402,"세로":647}]},"폴리곤좌표":{"아우터":[{"Y좌표48":30.9639,"Y좌표47":19.9792,"Y좌표44":77.8986,"Y좌표43":125.832,"Y좌표46":37.9542,"Y좌표45":55.9292,"Y좌표40":406.442,"Y좌표42":249.66,"Y좌표41":375.485,"X좌표39":296.92,"X좌표38":273.952,"X좌표37":342.856,"X좌표36":350.845,"X좌표35":362.829,"X좌표34":372.815,"X좌표33":382.801,"X좌표32":404.77,"X좌표31":423.744,"X좌표30":455.699,"Y좌표37":567.218,"Y좌표36":515.29,"X좌표8":672.398,"Y좌표39":450.381,"X좌표9":677.391,"Y좌표38":529.271,"Y좌표33":196.733,"Y좌표32":100.867,"Y좌표35":355.512,"Y좌표34":261.643,"Y좌표31":27.968,"Y좌표30":23.9736,"X좌표48":425.741,"X좌표47":412.759,"X좌표46":396.781,"X좌표45":382.801,"X좌표44":362.829,"X좌표2":490.651,"X좌표43":336.865,"X좌표3":542.579,"X좌표42":317.891,"X좌표41":325.88,"X좌표1":457.697,"X좌표40":314.895,"X좌표6":657.419,"X좌표7":684.381,"X좌표4":549.569,"X좌표5":635.449,"Y좌표26":215.707,"Y좌표25":246.664,"Y좌표28":81.893,"Y좌표9":343.529,"Y좌표27":118.842,"Y좌표22":569.215,"Y좌표21":573.21,"Y좌표24":392.461,"Y좌표23":547.246,"Y좌표20":575.207,"X좌표19":586.518,"X좌표18":587.516,"X좌표17":585.519,"X좌표16":614.479,"X좌표15":653.424,"X좌표14":667.405,"X좌표13":668.404,"X좌표12":669.402,"X좌표11":723.327,"Y좌표4":16.9833,"X좌표10":714.34,"Y좌표3":3.00277,"Y좌표2":1.00554,"Y좌표1":21.9764,"Y좌표8":165.776,"Y좌표7":110.853,"Y좌표29":55.9292,"Y좌표6":70.9083,"Y좌표5":47.9403,"Y좌표15":122.836,"Y좌표14":177.76,"Y좌표17":280.617,"Y좌표16":212.711,"Y좌표11":520.283,"Y좌표10":482.336,"Y좌표13":353.515,"Y좌표12":549.243,"X좌표29":449.708,"X좌표28":436.726,"X좌표27":429.736,"X좌표26":408.765,"X좌표25":406.768,"X좌표24":407.766,"X좌표23":404.77,"X좌표22":393.786,"X좌표21":433.73,"X좌표20":522.606,"Y좌표19":567.218,"Y좌표18":367.496}],"하의":[{}],"원피스":[{}],"상의":[{"X좌표32":403.772,"X좌표31":404.77,"X좌표30":423.744,"X좌표8":409.763,"X좌표9":412.759,"Y좌표32":8.99443,"Y좌표31":25.9708,"Y좌표30":37.9542,"X좌표2":424.743,"X좌표3":437.724,"X좌표1":402.773,"X좌표6":468.681,"X좌표7":450.706,"X좌표4":462.69,"X좌표5":492.648,"Y좌표26":231.685,"Y좌표25":462.364,"Y좌표28":67.9125,"Y좌표9":553.237,"Y좌표27":140.811,"Y좌표22":571.212,"Y좌표21":619.146,"Y좌표24":551.24,"Y좌표23":538.258,"Y좌표20":638.119,"X좌표19":648.431,"X좌표18":666.406,"X좌표17":697.363,"X좌표16":694.368,"X좌표15":680.387,"X좌표14":679.388,"X좌표13":673.397,"X좌표12":653.424,"X좌표11":579.527,"Y좌표4":2.00416,"X좌표10":572.537,"Y좌표3":7.99582,"Y좌표2":13.9875,"Y좌표1":8.99443,"Y좌표8":237.676,"Y좌표7":80.8944,"Y좌표29":50.9361,"Y좌표6":23.9736,"Y좌표5":3.00277,"Y좌표15":529.271,"Y좌표14":401.449,"Y좌표17":598.175,"Y좌표16":535.262,"Y좌표11":270.631,"Y좌표10":555.235,"Y좌표13":160.783,"Y좌표12":118.842,"X좌표29":422.745,"X좌표28":416.754,"X좌표27":390.79,"X좌표26":367.822,"X좌표25":347.849,"X좌표24":325.88,"X좌표23":294.923,"X좌표22":294.923,"X좌표21":560.554,"X좌표20":563.549,"Y좌표19":649.104,"Y좌표18":595.179}]},"라벨링":{"스타일":[{"스타일":"스트리트"}],"아우터":[{"기장":"노말","색상":"그레이","카테고리":"짚업","디테일":["지퍼"],"소매기장":"캡","소재":["울\/캐시미어"],"프린트":["무지"],"핏":"노멀"}],"하의":[{}],"원피스":[{}],"상의":[{"기장":"롱","색상":"화이트","카테고리":"니트웨어","소매기장":"긴팔","소재":["니트"],"프린트":["무지"],"넥라인":"터틀넥","핏":"노멀"}]}},"파일 번호":1223926,"파일 이름":"1-(9)-002-269-862-1,167-TROI_001_05.jpg"}}