{"이미지 정보":{"이미지 식별자":1237955,"이미지 높이":800,"이미지 파일명":"017-284-6,736-31,608---여기까지-PinkSpoon_175_18.jpg","이미지 너비":800},"데이터셋 정보":{"파일 생성일자":"2020-11-19 16:36:28","데이터셋 상세설명":{"렉트좌표":{"아우터":[{}],"하의":[{"X좌표":332.408,"Y좌표":375.5,"가로":189,"세로":326}],"원피스":[{}],"상의":[{"X좌표":277.66,"Y좌표":-1.92154,"가로":279,"세로":411}]},"폴리곤좌표":{"아우터":[{}],"하의":[{"X좌표8":510.677,"X좌표9":514.433,"X좌표2":414.281,"X좌표3":451.212,"X좌표1":332.908,"X좌표6":493.151,"X좌표7":508.174,"X좌표4":485.014,"X좌표5":492.525,"Y좌표26":404.78,"Y좌표25":437.94,"Y좌표9":648.161,"Y좌표27":377.877,"Y좌표22":533.04,"Y좌표21":566.825,"Y좌표24":481.11,"Y좌표23":523.029,"Y좌표20":587.472,"X좌표19":404.892,"X좌표18":409.274,"X좌표17":412.403,"X좌표16":419.289,"X좌표15":426.8,"X좌표14":445.579,"X좌표13":462.479,"X좌표12":473.746,"X좌표11":510.052,"Y좌표4":379.128,"X좌표10":521.945,"Y좌표3":393.518,"Y좌표2":399.775,"Y좌표1":376.0,"Y좌표8":603.114,"Y좌표7":551.184,"Y좌표6":479.859,"Y좌표5":396.647,"Y좌표15":465.469,"Y좌표14":579.339,"Y좌표17":454.207,"Y좌표16":432.309,"Y좌표11":702.593,"Y좌표10":685.075,"Y좌표13":680.069,"Y좌표12":701.342,"X좌표27":334.16,"X좌표26":334.16,"X좌표25":339.167,"X좌표24":344.175,"X좌표23":351.686,"X좌표22":367.961,"X좌표21":388.617,"X좌표20":412.403,"Y좌표19":560.569,"Y좌표18":528.035}],"원피스":[{}],"상의":[{"X좌표8":291.305,"X좌표9":278.16,"X좌표2":405.227,"X좌표3":365.793,"X좌표1":425.258,"X좌표6":310.083,"X좌표7":302.572,"X좌표4":345.136,"X좌표5":324.48,"Y좌표25":1.08108,"Y좌표9":333.794,"Y좌표22":34.2409,"Y좌표21":89.9244,"Y좌표24":2.0,"Y좌표23":-1.42154,"Y좌표20":123.084,"X좌표19":552.326,"X좌표18":551.074,"X좌표17":557.959,"X좌표16":521.028,"X좌표15":478.464,"X좌표14":435.273,"X좌표13":358.281,"X좌표12":320.724,"X좌표11":325.732,"Y좌표4":57.3151,"X좌표10":302.572,"Y좌표3":19.7757,"Y좌표2":4.13428,"Y좌표1":-0.870964,"Y좌표8":302.511,"Y좌표7":268.726,"Y좌표6":184.949,"Y좌표5":133.02,"Y좌표15":401.991,"Y좌표14":410.124,"Y좌표17":368.205,"Y좌표16":388.852,"Y좌표11":361.323,"Y좌표10":353.189,"Y좌표13":405.119,"Y좌표12":391.98,"X좌표25":428.388,"X좌표24":541.0,"X좌표23":541.059,"X좌표22":544.188,"X좌표21":533.547,"X좌표20":549.196,"Y좌표19":211.165,"Y좌표18":266.849}]},"라벨링":{"스타일":[{"스타일":"스트리트","서브스타일":"스포티"}],"아우터":[{}],"하의":[{"기장":"발목","색상":"화이트","카테고리":"팬츠","프린트":["무지"],"핏":"스키니"}],"원피스":[{}],"상의":[{"기장":"롱","색상":"블랙","카테고리":"후드티","디테일":["자수"],"소매기장":"긴팔","프린트":["레터링"],"넥라인":"후드","핏":"루즈"}]}},"파일 번호":1237955,"파일 이름":"017-284-6,736-31,608---여기까지-PinkSpoon_175_18.jpg"}}