{"이미지 정보":{"이미지 식별자":1246372,"이미지 높이":1066,"이미지 파일명":"1603076-0001 (3938).jpg","이미지 너비":800},"데이터셋 정보":{"파일 생성일자":"2020-11-19 17:23:47","데이터셋 상세설명":{"렉트좌표":{"아우터":[{}],"하의":[{"X좌표":165.5,"Y좌표":919.591,"가로":492,"세로":141}],"원피스":[{}],"상의":[{"X좌표":8.5,"Y좌표":-0.5,"가로":767,"세로":1062}]},"폴리곤좌표":{"아우터":[{}],"하의":[{"X좌표8":172.0,"X좌표2":166.0,"Y좌표4":920.091,"X좌표3":272.0,"Y좌표3":940.078,"Y좌표2":966.062,"X좌표1":170.0,"Y좌표1":1060.0,"X좌표6":653.0,"Y좌표8":1062.0,"X좌표7":658.0,"Y좌표7":1062.0,"X좌표4":454.0,"Y좌표6":945.075,"X좌표5":553.0,"Y좌표5":920.091}],"원피스":[{}],"상의":[{"X좌표8":704.0,"X좌표9":742.0,"X좌표2":46.0,"X좌표3":194.0,"X좌표1":32.0,"X좌표6":498.0,"X좌표7":636.0,"X좌표4":298.0,"X좌표5":388.0,"Y좌표26":849.135,"Y좌표25":922.09,"Y좌표9":278.826,"Y좌표27":393.42,"Y좌표22":1057.01,"Y좌표21":1054.01,"Y좌표24":1009.04,"Y좌표23":1062.0,"Y좌표20":1062.0,"X좌표19":665.0,"X좌표18":680.0,"X좌표17":686.0,"X좌표16":653.0,"X좌표15":720.0,"X좌표14":753.0,"X좌표13":776.0,"X좌표12":773.0,"X좌표11":761.0,"Y좌표4":0.0,"X좌표10":752.0,"Y좌표3":23.985,"Y좌표2":91.9425,"Y좌표1":389.756,"Y좌표8":125.921,"Y좌표7":46.9706,"Y좌표6":1.99875,"Y좌표5":2.99812,"Y좌표15":922.09,"Y좌표14":892.108,"Y좌표17":1000.04,"Y좌표16":937.08,"Y좌표11":502.685,"Y좌표10":410.743,"Y좌표13":834.145,"Y좌표12":748.198,"X좌표27":32.0,"X좌표26":9.0,"X좌표25":29.0,"X좌표24":76.0,"X좌표23":125.0,"X좌표22":342.0,"X좌표21":486.0,"X좌표20":620.0,"Y좌표19":1052.01,"Y좌표18":1029.02}]},"라벨링":{"스타일":[{"스타일":"스트리트","서브스타일":"로맨틱"}],"아우터":[{}],"하의":[{"색상":"블랙","카테고리":"팬츠","소재":["우븐"],"프린트":["무지"],"핏":"노멀"}],"원피스":[{}],"상의":[{"기장":"노멀","색상":"핑크","서브색상":"화이트","카테고리":"후드티","디테일":["드롭숄더"],"소매기장":"긴팔","소재":["우븐"],"프린트":["무지"],"넥라인":"후드","핏":"루즈"}]}},"파일 번호":1246372,"파일 이름":"1603076-0001 (3938).jpg"}}