{"이미지 정보":{"이미지 식별자":1248263,"이미지 높이":1066,"이미지 파일명":"16030757-1 (2979).jpg","이미지 너비":800},"데이터셋 정보":{"파일 생성일자":"2020-11-19 17:39:43","데이터셋 상세설명":{"렉트좌표":{"아우터":[{"X좌표":163.068,"Y좌표":-0.49306,"가로":458,"세로":835}],"하의":[{"X좌표":293.886,"Y좌표":818.729,"가로":190,"세로":111}],"원피스":[{}],"상의":[{}]},"폴리곤좌표":{"아우터":[{"Y좌표48":3.00572,"Y좌표47":3.00572,"Y좌표44":75.976,"Y좌표43":102.965,"Y좌표46":19.9988,"Y좌표45":42.9894,"Y좌표40":333.093,"Y좌표42":166.939,"Y좌표41":290.111,"X좌표39":621.93,"X좌표38":613.941,"X좌표37":614.94,"X좌표36":601.958,"X좌표35":589.975,"X좌표34":553.026,"X좌표33":560.016,"X좌표32":550.03,"X좌표31":553.026,"X좌표30":555.023,"Y좌표37":469.038,"Y좌표36":524.016,"X좌표8":338.325,"Y좌표39":385.072,"X좌표9":330.336,"Y좌표38":413.061,"Y좌표33":556.003,"Y좌표32":645.966,"Y좌표35":533.012,"Y좌표34":505.023,"Y좌표31":718.936,"Y좌표30":777.912,"X좌표48":419.212,"X좌표47":430.197,"X좌표46":449.17,"X좌표45":479.129,"X좌표44":524.066,"X좌표2":424.205,"X좌표43":547.034,"X좌표3":416.216,"X좌표42":572.0,"X좌표41":604.954,"X좌표1":416.216,"X좌표40":608.948,"X좌표6":349.309,"X좌표7":356.3,"X좌표4":392.25,"X좌표5":365.287,"Y좌표26":835.889,"Y좌표25":831.89,"Y좌표28":833.89,"Y좌표9":23.9972,"Y좌표27":835.889,"Y좌표22":808.9,"Y좌표21":777.912,"Y좌표24":823.894,"Y좌표23":817.896,"Y좌표20":730.931,"X좌표19":205.509,"X좌표18":226.48,"X좌표17":166.563,"X좌표16":163.568,"X좌표15":176.55,"X좌표14":205.509,"X좌표13":225.482,"X좌표12":240.461,"X좌표11":269.42,"Y좌표4":67.9793,"X좌표10":303.373,"Y좌표3":56.9837,"Y좌표2":37.9915,"Y좌표1":1.00653,"Y좌표8":9.00327,"Y좌표7":0.00693992,"Y좌표29":819.895,"Y좌표6":16.0004,"Y좌표5":37.9915,"Y좌표15":317.877,"Y좌표14":160.941,"Y좌표17":513.798,"Y좌표16":441.827,"Y좌표11":57.9833,"Y좌표10":43.989,"Y좌표13":135.952,"Y좌표12":83.9727,"X좌표29":539.045,"X좌표28":502.097,"X좌표27":466.147,"X좌표26":417.215,"X좌표25":373.276,"X좌표24":317.354,"X좌표23":256.438,"X좌표22":233.47,"X좌표21":215.495,"X좌표20":206.508,"Y좌표19":595.764,"Y좌표18":512.798}],"하의":[{"Y좌표9":829.225,"Y좌표22":821.228,"Y좌표21":826.226,"Y좌표20":828.225,"X좌표19":446.175,"X좌표18":485.12,"X좌표17":475.134,"X좌표16":475.134,"X좌표15":450.169,"X좌표14":429.198,"X좌표13":405.232,"X좌표12":389.254,"X좌표11":386.258,"Y좌표4":913.191,"X좌표10":384.261,"Y좌표3":925.186,"Y좌표2":914.19,"Y좌표1":819.229,"Y좌표8":827.226,"Y좌표7":859.213,"Y좌표6":879.204,"Y좌표5":905.194,"Y좌표15":921.187,"Y좌표14":931.183,"X좌표8":377.27,"Y좌표17":878.205,"X좌표9":385.259,"Y좌표16":909.192,"Y좌표11":874.206,"Y좌표10":859.213,"Y좌표13":924.186,"Y좌표12":908.193,"X좌표22":295.384,"X좌표2":299.379,"X좌표21":338.325,"X좌표3":343.318,"X좌표20":387.257,"X좌표1":294.386,"X좌표6":386.258,"Y좌표19":833.223,"X좌표7":375.273,"Y좌표18":827.226,"X좌표4":374.275,"X좌표5":389.254}],"원피스":[{}],"상의":[{}]},"라벨링":{"스타일":[{"스타일":"젠더리스"}],"아우터":[{"기장":"롱","색상":"베이지","서브색상":"화이트","카테고리":"점퍼","옷깃":"셔츠칼라","디테일":["퍼트리밍","버클","스트링","드롭숄더"],"소매기장":"긴팔","소재":["우븐"],"프린트":["무지"],"핏":"루즈"}],"하의":[{"기장":"발목","색상":"화이트","카테고리":"팬츠","소재":["우븐"],"프린트":["무지"],"핏":"노멀"}],"원피스":[{}],"상의":[{}]}},"파일 번호":1248263,"파일 이름":"16030757-1 (2979).jpg"}}