{"이미지 정보":{"이미지 식별자":1269106,"이미지 높이":1066,"이미지 파일명":"20201117_233431_710번 트위스트 벌룬핏-159799091633469500_562894071.jpg","이미지 너비":800},"데이터셋 정보":{"파일 생성일자":"2020-11-24 15:54:27","데이터셋 상세설명":{"렉트좌표":{"아우터":[{"X좌표":246.164,"Y좌표":-0.49306,"가로":321,"세로":492}],"하의":[{"X좌표":277.121,"Y좌표":267.953,"가로":294,"세로":694}],"원피스":[{}],"상의":[{}]},"폴리곤좌표":{"아우터":[{"X좌표37":261.643,"X좌표36":246.664,"X좌표35":246.664,"X좌표34":283.612,"X좌표33":327.551,"X좌표32":349.521,"X좌표31":353.515,"X좌표30":382.475,"Y좌표37":10.0029,"Y좌표36":48.987,"X좌표8":563.224,"X좌표9":568.217,"Y좌표33":412.839,"Y좌표32":413.838,"Y좌표35":128.954,"Y좌표34":307.882,"Y좌표31":435.829,"Y좌표30":452.822,"X좌표2":326.553,"X좌표3":363.501,"X좌표1":260.644,"X좌표6":537.26,"X좌표7":561.226,"X좌표4":401.449,"X좌표5":455.374,"Y좌표26":347.865,"Y좌표25":330.872,"Y좌표28":419.836,"Y좌표9":305.882,"Y좌표27":372.855,"Y좌표22":346.866,"Y좌표21":357.861,"Y좌표24":326.874,"Y좌표23":328.873,"Y좌표20":391.847,"X좌표19":430.408,"X좌표18":410.436,"X좌표17":466.358,"X좌표16":495.318,"X좌표15":508.3,"X좌표14":520.283,"X좌표13":529.271,"X좌표12":551.24,"X좌표11":566.219,"Y좌표4":75.976,"X좌표10":559.229,"Y좌표3":35.9923,"Y좌표2":0.00693992,"Y좌표1":9.00327,"Y좌표8":212.92,"Y좌표7":125.956,"Y좌표29":433.83,"Y좌표6":27.9955,"Y좌표5":7.00409,"Y좌표15":441.827,"Y좌표14":436.829,"Y좌표17":492.806,"Y좌표16":473.814,"Y좌표11":357.861,"Y좌표10":341.868,"Y좌표13":408.84,"Y좌표12":361.86,"X좌표29":407.44,"X좌표28":423.418,"X좌표27":399.451,"X좌표26":382.475,"X좌표25":371.49,"X좌표24":383.474,"X좌표23":409.437,"X좌표22":483.335,"X좌표21":476.344,"X좌표20":439.396,"Y좌표19":419.836,"Y좌표18":437.829}],"하의":[{"X좌표35":329.549,"X좌표34":332.544,"X좌표33":308.578,"X좌표32":306.581,"X좌표31":299.59,"X좌표30":301.587,"X좌표8":489.326,"X좌표9":432.406,"Y좌표33":393.069,"Y좌표32":446.047,"Y좌표35":276.117,"Y좌표34":309.103,"Y좌표31":460.042,"Y좌표30":490.585,"X좌표2":509.299,"X좌표3":556.233,"X좌표1":326.553,"X좌표6":560.228,"X좌표7":537.26,"X좌표4":572.211,"X좌표5":572.211,"Y좌표26":838.443,"Y좌표25":954.396,"Y좌표28":703.498,"Y좌표9":944.4,"Y좌표27":738.484,"Y좌표22":925.408,"Y좌표21":908.415,"Y좌표24":963.392,"Y좌표23":937.403,"Y좌표20":755.477,"X좌표19":397.454,"X좌표18":385.471,"X좌표17":393.46,"X좌표16":396.456,"X좌표15":403.446,"X좌표14":423.418,"X좌표13":439.396,"X좌표12":430.408,"X좌표11":436.4,"Y좌표4":394.402,"X좌표10":435.401,"Y좌표3":332.427,"Y좌표2":268.453,"Y좌표1":279.449,"Y좌표8":949.398,"Y좌표7":957.395,"Y좌표29":628.529,"Y좌표6":778.357,"Y좌표5":544.452,"Y좌표15":591.544,"Y좌표14":544.563,"Y좌표17":689.504,"Y좌표16":619.532,"Y좌표11":619.532,"Y좌표10":846.44,"Y좌표13":471.593,"Y좌표12":531.568,"X좌표29":277.621,"X좌표28":280.617,"X좌표27":288.606,"X좌표26":323.557,"X좌표25":332.544,"X좌표24":360.506,"X좌표23":392.461,"X좌표22":423.418,"X좌표21":426.414,"X좌표20":403.446,"Y좌표19":713.494,"Y좌표18":707.497}],"원피스":[{}],"상의":[{}]},"라벨링":{"스타일":[{"스타일":"스트리트"}],"아우터":[{"기장":"노말","색상":"베이지","카테고리":"가디건","소매기장":"긴팔","소재":["울\/캐시미어"],"프린트":["무지"],"넥라인":"브이넥","핏":"루즈"}],"하의":[{"기장":"발목","색상":"스카이블루","카테고리":"청바지","디테일":["스티치"],"소재":["데님"],"프린트":["무지"],"핏":"루즈"}],"원피스":[{}],"상의":[{}]}},"파일 번호":1269106,"파일 이름":"20201117_233431_710번 트위스트 벌룬핏-159799091633469500_562894071.jpg"}}