{"이미지 정보":{"이미지 식별자":1270300,"이미지 높이":1066,"이미지 파일명":"20201117_234327_베이직점프슈트-159903336199824900_2009968264.jpg","이미지 너비":800},"데이터셋 정보":{"파일 생성일자":"2020-11-24 16:05:09","데이터셋 상세설명":{"렉트좌표":{"아우터":[{}],"하의":[{}],"원피스":[{"X좌표":188.994,"Y좌표":-1.46005,"가로":339,"세로":959}],"상의":[{}]},"폴리곤좌표":{"아우터":[{}],"하의":[{}],"원피스":[{"Y좌표9":956.155,"X좌표18":255.495,"X좌표17":321.495,"X좌표16":403.496,"X좌표15":445.497,"X좌표14":504.497,"X좌표13":513.497,"X좌표12":508.497,"X좌표11":528.497,"Y좌표4":575.507,"X좌표10":493.497,"Y좌표3":407.662,"Y좌표2":283.777,"Y좌표1":0.0390264,"Y좌표8":958.153,"Y좌표7":934.176,"Y좌표6":937.173,"Y좌표5":922.187,"Y좌표15":-0.96005,"Y좌표14":12.0279,"X좌표8":348.496,"Y좌표17":3.03626,"X좌표9":436.496,"Y좌표16":134.914,"Y좌표11":919.189,"Y좌표10":944.166,"Y좌표13":259.799,"Y좌표12":574.508,"X좌표2":255.495,"X좌표3":229.494,"X좌표1":255.495,"X좌표6":244.495,"X좌표7":286.495,"Y좌표18":3.03626,"X좌표4":201.494,"X좌표5":189.494}],"상의":[{}]},"라벨링":{"스타일":[{"스타일":"스트리트"}],"아우터":[{}],"하의":[{}],"원피스":[{"기장":"발목","색상":"블랙","카테고리":"점프수트","소매기장":"민소매","소재":["우븐"],"프린트":["무지"],"넥라인":"브이넥","핏":"노멀"}],"상의":[{}]}},"파일 번호":1270300,"파일 이름":"20201117_234327_베이직점프슈트-159903336199824900_2009968264.jpg"}}