{"이미지 정보":{"이미지 식별자":1283302,"이미지 높이":800,"이미지 파일명":"gjkrle_ (4631).JPG","이미지 너비":800},"데이터셋 정보":{"파일 생성일자":"2020-11-25 15:52:36","데이터셋 상세설명":{"렉트좌표":{"아우터":[{}],"하의":[{"X좌표":274.472,"Y좌표":155.283,"가로":252,"세로":513}],"원피스":[{}],"상의":[{"X좌표":362.349,"Y좌표":-0.5,"가로":147,"세로":122}]},"폴리곤좌표":{"아우터":[{}],"하의":[{"Y좌표40":178.751,"X좌표39":376.83,"X좌표38":367.843,"X좌표37":387.815,"X좌표36":383.82,"X좌표35":366.844,"X좌표34":343.876,"X좌표33":314.916,"X좌표32":320.908,"X좌표31":274.972,"X좌표30":294.944,"Y좌표37":327.544,"Y좌표36":446.379,"X좌표8":520.63,"Y좌표39":214.701,"X좌표9":523.626,"Y좌표38":291.594,"Y좌표33":519.278,"Y좌표32":530.263,"Y좌표35":462.357,"Y좌표34":482.329,"Y좌표31":590.179,"Y좌표30":605.158,"X좌표2":424.763,"X좌표3":464.708,"X좌표1":375.831,"X좌표40":382.822,"X좌표6":500.658,"X좌표7":508.647,"X좌표4":487.676,"X좌표5":502.655,"Y좌표26":493.314,"Y좌표25":474.34,"Y좌표28":609.153,"Y좌표9":329.542,"Y좌표27":545.242,"Y좌표22":505.297,"Y좌표21":562.218,"Y좌표24":450.374,"Y좌표23":469.347,"Y좌표20":607.156,"X좌표19":466.705,"X좌표18":482.683,"X좌표17":500.658,"X좌표16":526.622,"X좌표15":524.625,"X좌표14":523.626,"X좌표13":523.626,"X좌표12":526.622,"X좌표11":526.622,"Y좌표4":162.774,"X좌표10":527.62,"Y좌표3":155.783,"Y좌표2":159.778,"Y좌표1":174.757,"Y좌표8":293.592,"Y좌표7":265.631,"Y좌표29":622.135,"Y좌표6":234.674,"Y좌표5":194.729,"Y좌표15":651.094,"Y좌표14":626.129,"Y좌표17":669.069,"Y좌표16":661.081,"Y좌표11":422.413,"Y좌표10":367.489,"Y좌표13":557.225,"Y좌표12":458.363,"X좌표29":311.92,"X좌표28":320.908,"X좌표27":382.822,"X좌표26":426.761,"X좌표25":440.741,"X좌표24":454.722,"X좌표23":458.716,"X좌표22":456.719,"X좌표21":450.727,"X좌표20":466.705,"Y좌표19":661.081,"Y좌표18":669.069}],"원피스":[{}],"상의":[{"Y좌표9":118.835,"Y좌표20":1.99722,"X좌표19":454.722,"X좌표18":451.726,"X좌표17":448.73,"X좌표16":432.752,"X좌표15":412.78,"X좌표14":387.815,"X좌표13":362.849,"X좌표12":380.824,"X좌표11":390.811,"Y좌표4":63.9111,"X좌표10":414.777,"Y좌표3":47.9333,"Y좌표2":37.9472,"Y좌표1":0.0,"Y좌표8":119.833,"Y좌표7":111.844,"Y좌표6":94.8681,"Y좌표5":81.8861,"Y좌표15":55.9222,"Y좌표14":54.9236,"X좌표8":484.68,"Y좌표17":33.9528,"X좌표9":450.727,"Y좌표16":45.9361,"Y좌표11":118.835,"Y좌표10":118.835,"Y좌표13":67.9056,"Y좌표12":122.829,"X좌표2":496.663,"X좌표3":507.648,"X좌표20":466.705,"X좌표1":472.697,"X좌표6":500.658,"Y좌표19":6.99028,"X좌표7":491.67,"Y좌표18":22.9681,"X좌표4":508.647,"X좌표5":510.644}]},"라벨링":{"스타일":[{"스타일":"스포티"}],"아우터":[{}],"하의":[{"기장":"발목","색상":"블랙","카테고리":"래깅스","소재":["스판덱스","우븐"],"프린트":["무지"],"핏":"스키니"}],"원피스":[{}],"상의":[{"기장":"크롭","색상":"화이트","서브색상":"블랙","카테고리":"브라탑","소매기장":"민소매","소재":["저지"],"프린트":["무지"],"넥라인":"유넥","핏":"타이트"}]}},"파일 번호":1283302,"파일 이름":"gjkrle_ (4631).JPG"}}