{"이미지 정보":{"이미지 식별자":1284791,"이미지 높이":800,"이미지 파일명":"gjkrle_ (6120).JPG","이미지 너비":800},"데이터셋 정보":{"파일 생성일자":"2020-11-25 16:01:54","데이터셋 상세설명":{"렉트좌표":{"아우터":[{}],"하의":[{"X좌표":189.569,"Y좌표":210.214,"가로":330,"세로":398}],"원피스":[{}],"상의":[{"X좌표":160.609,"Y좌표":2.50277,"가로":265,"세로":242}]},"폴리곤좌표":{"아우터":[{}],"하의":[{"Y좌표9":609.16,"Y좌표20":210.714,"X좌표19":312.898,"X좌표18":363.827,"X좌표17":379.805,"X좌표16":393.786,"X좌표15":455.699,"X좌표14":469.68,"X좌표13":520.609,"X좌표12":493.647,"X좌표11":448.709,"Y좌표4":376.483,"X좌표10":456.698,"Y좌표3":349.521,"Y좌표2":302.586,"Y좌표1":213.71,"Y좌표8":599.174,"Y좌표7":479.34,"Y좌표6":431.407,"Y좌표5":381.476,"Y좌표15":343.529,"Y좌표14":399.451,"X좌표8":383.799,"Y좌표17":263.64,"X좌표9":427.738,"Y좌표16":310.575,"Y좌표11":513.293,"Y좌표10":595.179,"Y좌표13":489.326,"Y좌표12":508.3,"X좌표2":190.069,"X좌표3":220.027,"X좌표20":211.04,"X좌표1":211.04,"X좌표6":349.847,"Y좌표19":235.679,"X좌표7":367.822,"Y좌표18":228.689,"X좌표4":283.938,"X좌표5":319.888}],"원피스":[{}],"상의":[{"Y좌표9":242.669,"X좌표16":335.866,"X좌표15":356.837,"X좌표14":368.82,"X좌표13":426.74,"X좌표12":416.754,"X좌표11":415.755,"Y좌표4":77.8986,"X좌표10":376.809,"Y좌표3":10.9917,"Y좌표2":3.00277,"Y좌표1":60.9222,"Y좌표8":245.665,"Y좌표7":227.69,"Y좌표6":181.754,"Y좌표5":152.794,"Y좌표15":45.943,"Y좌표14":6.99721,"X좌표8":298.918,"X좌표9":345.852,"Y좌표16":60.9222,"Y좌표11":180.756,"Y좌표10":180.756,"Y좌표13":52.9333,"Y좌표12":120.839,"X좌표2":299.916,"X좌표3":227.018,"X좌표1":332.87,"X좌표6":213.037,"X좌표7":213.037,"X좌표4":185.076,"X좌표5":161.109}]},"라벨링":{"스타일":[{"스타일":"스트리트"}],"아우터":[{}],"하의":[{"기장":"발목","색상":"화이트","카테고리":"팬츠","소재":["우븐"],"프린트":["무지"],"핏":"노멀"}],"원피스":[{}],"상의":[{"기장":"크롭","색상":"그레이","카테고리":"니트웨어","소매기장":"반팔","소재":["니트"],"프린트":["무지"],"넥라인":"라운드넥","핏":"타이트"}]}},"파일 번호":1284791,"파일 이름":"gjkrle_ (6120).JPG"}}