{"이미지 정보":{"이미지 식별자":1296574,"이미지 높이":800,"이미지 파일명":"laskdmci_01 (3429).JPG","이미지 너비":800},"데이터셋 정보":{"파일 생성일자":"2020-11-25 17:22:46","데이터셋 상세설명":{"렉트좌표":{"아우터":[{}],"하의":[{"X좌표":222.304,"Y좌표":215.333,"가로":250,"세로":380}],"원피스":[{}],"상의":[{"X좌표":281.25,"Y좌표":5.52459,"가로":239,"세로":211}]},"폴리곤좌표":{"아우터":[{}],"하의":[{"Y좌표9":596.005,"X좌표18":338.698,"X좌표17":472.576,"X좌표16":473.575,"X좌표15":466.581,"X좌표14":449.597,"X좌표13":431.613,"X좌표12":424.62,"X좌표11":411.631,"Y좌표4":402.663,"X좌표10":394.647,"Y좌표3":364.697,"Y좌표2":269.784,"Y좌표1":215.833,"Y좌표8":590.01,"Y좌표7":573.507,"Y좌표6":572.508,"Y좌표5":562.517,"Y좌표15":344.235,"Y좌표14":387.195,"X좌표8":310.723,"Y좌표17":233.336,"X좌표9":369.67,"Y좌표16":305.27,"Y좌표11":564.034,"Y좌표10":595.006,"Y좌표13":444.143,"Y좌표12":509.084,"X좌표2":300.733,"X좌표3":281.75,"X좌표1":335.701,"X좌표6":233.794,"X좌표7":253.775,"Y좌표18":218.349,"X좌표4":269.761,"X좌표5":222.804}],"원피스":[{}],"상의":[{"Y좌표9":181.864,"Y좌표22":93.9444,"Y좌표21":17.0146,"Y좌표24":6.02459,"Y좌표23":44.989,"Y좌표20":30.0027,"X좌표19":517.535,"X좌표18":521.531,"X좌표17":511.54,"X좌표16":509.542,"X좌표15":486.563,"X좌표14":458.589,"X좌표13":448.598,"X좌표12":434.61,"X좌표11":400.641,"Y좌표4":37.9954,"X좌표10":343.693,"Y좌표3":17.0146,"Y좌표2":14.0173,"Y좌표1":7.02368,"Y좌표8":179.866,"Y좌표7":164.88,"Y좌표6":147.895,"Y좌표5":118.922,"Y좌표15":208.84,"Y좌표14":205.842,"X좌표8":299.733,"Y좌표17":185.861,"X좌표9":318.716,"Y좌표16":202.845,"Y좌표11":207.84,"Y좌표10":195.851,"Y좌표13":213.835,"Y좌표12":217.831,"X좌표24":363.675,"X좌표23":364.674,"X좌표22":383.657,"X좌표2":332.703,"X좌표21":462.585,"X좌표3":312.722,"X좌표20":476.572,"X좌표1":360.678,"X좌표6":281.75,"Y좌표19":40.9927,"X좌표7":286.745,"Y좌표18":78.9581,"X좌표4":297.735,"X좌표5":286.745}]},"라벨링":{"스타일":[{"스타일":"페미닌"}],"아우터":[{}],"하의":[{"기장":"발목","색상":"베이지","카테고리":"스커트","소재":["린넨"],"프린트":["무지"],"핏":"와이드"}],"원피스":[{}],"상의":[{"색상":"블랙","서브색상":"베이지","카테고리":"블라우스","소매기장":"반팔","소재":["우븐"],"프린트":["플로럴"],"넥라인":"브이넥","핏":"루즈"}]}},"파일 번호":1296574,"파일 이름":"laskdmci_01 (3429).JPG"}}