{"이미지 정보":{"이미지 식별자":1299285,"이미지 높이":800,"이미지 파일명":"laskdmci_01 (6140).JPG","이미지 너비":800},"데이터셋 정보":{"파일 생성일자":"2020-11-25 17:46:58","데이터셋 상세설명":{"렉트좌표":{"아우터":[{}],"하의":[{"X좌표":250.254,"Y좌표":424.894,"가로":338,"세로":337}],"원피스":[{}],"상의":[{"X좌표":238.5,"Y좌표":8.17318,"가로":460,"세로":644}]},"폴리곤좌표":{"아우터":[{}],"하의":[{"X좌표8":286.215,"X좌표9":274.461,"Y좌표9":436.45,"X좌표2":589.227,"Y좌표4":762.416,"X좌표3":567.312,"Y좌표3":732.932,"Y좌표2":547.836,"X좌표1":277.051,"Y좌표1":425.394,"X좌표6":250.754,"Y좌표8":436.86,"X좌표7":268.883,"Y좌표7":429.489,"X좌표4":463.121,"Y좌표6":549.474,"X좌표5":277.848,"Y좌표5":663.316}],"원피스":[{}],"상의":[{"X좌표8":424.672,"X좌표9":592.613,"Y좌표9":8.67318,"Y좌표10":31.196,"X좌표2":699.508,"Y좌표4":653.644,"X좌표10":605.363,"X좌표3":698.598,"Y좌표3":510.317,"Y좌표2":163.65,"X좌표1":596.484,"Y좌표1":19.7177,"X좌표6":255.535,"Y좌표8":23.4154,"X좌표7":305.34,"Y좌표7":116.373,"X좌표4":563.527,"Y좌표6":355.934,"X좌표5":239.0,"Y좌표5":493.118}]},"라벨링":{"스타일":[{"스타일":"스트리트"}],"아우터":[{}],"하의":[{"기장":"미니","색상":"블루","카테고리":"청바지","소재":["린넨"],"프린트":["무지"],"핏":"루즈"}],"원피스":[{}],"상의":[{"기장":"노멀","색상":"블랙","카테고리":"티셔츠","소매기장":"반팔","소재":["우븐"],"프린트":["무지","레터링","그래픽"],"넥라인":"라운드넥","핏":"오버사이즈"}]}},"파일 번호":1299285,"파일 이름":"laskdmci_01 (6140).JPG"}}