{"이미지 정보":{"이미지 식별자":1321755,"이미지 높이":800,"이미지 파일명":"cvjvdlf_9 (1258).JPG","이미지 너비":800},"데이터셋 정보":{"파일 생성일자":"2020-11-26 18:27:19","데이터셋 상세설명":{"렉트좌표":{"아우터":[{"X좌표":388.675,"Y좌표":2.49934,"가로":305,"세로":408}],"하의":[{"X좌표":243.866,"Y좌표":232.197,"가로":378,"세로":458}],"원피스":[{}],"상의":[{}]},"폴리곤좌표":{"아우터":[{"X좌표8":666.809,"X좌표9":652.827,"X좌표2":566.941,"X좌표3":600.896,"X좌표1":544.969,"X좌표6":694.772,"X좌표7":681.789,"X좌표4":628.859,"X좌표5":662.814,"Y좌표26":96.8757,"Y좌표25":58.9257,"Y좌표9":230.699,"Y좌표27":87.8875,"Y좌표22":52.9335,"Y좌표21":109.859,"Y좌표24":2.99934,"Y좌표23":6.99407,"Y좌표20":174.773,"X좌표19":402.158,"X좌표18":394.168,"X좌표17":389.175,"X좌표16":411.146,"X좌표15":451.093,"X좌표14":496.034,"X좌표13":541.973,"X좌표12":579.923,"X좌표11":605.889,"Y좌표4":15.9822,"X좌표10":629.858,"Y좌표3":30.9625,"Y좌표2":54.9309,"Y좌표1":83.8928,"Y좌표8":202.736,"Y좌표7":153.801,"Y좌표6":87.8875,"Y좌표5":38.952,"Y좌표15":407.466,"Y좌표14":397.48,"Y좌표17":382.499,"Y좌표16":411.461,"Y좌표11":318.584,"Y좌표10":269.648,"Y좌표13":365.522,"Y좌표12":342.552,"X좌표27":541.973,"X좌표26":534.983,"X좌표25":531.987,"X좌표24":520.002,"X좌표23":485.048,"X좌표22":455.088,"X좌표21":424.129,"X좌표20":407.151,"Y좌표19":245.68,"Y좌표18":309.595}],"하의":[{"X좌표32":456.087,"X좌표31":439.109,"X좌표30":399.162,"X좌표8":524.996,"X좌표9":486.047,"Y좌표32":236.691,"Y좌표31":258.663,"Y좌표30":261.659,"X좌표2":507.019,"X좌표3":574.93,"X좌표1":459.083,"X좌표6":602.893,"X좌표7":568.938,"X좌표4":622.867,"X좌표5":618.872,"Y좌표26":307.598,"Y좌표25":339.556,"Y좌표28":250.673,"Y좌표9":553.274,"Y좌표27":263.656,"Y좌표22":478.373,"Y좌표21":466.389,"Y좌표24":388.491,"Y좌표23":431.435,"Y좌표20":430.436,"X좌표19":441.106,"X좌표18":414.142,"X좌표17":458.084,"X좌표16":441.106,"X좌표15":406.152,"X좌표14":379.188,"X좌표13":365.206,"X좌표12":335.246,"X좌표11":381.185,"Y좌표4":258.663,"X좌표10":424.129,"Y좌표3":249.674,"Y좌표2":243.682,"Y좌표1":232.697,"Y좌표8":480.37,"Y좌표7":433.432,"Y좌표29":251.672,"Y좌표6":383.498,"Y좌표5":325.574,"Y좌표15":468.386,"Y좌표14":520.318,"Y좌표17":380.502,"Y좌표16":428.439,"Y좌표11":691.093,"Y좌표10":679.109,"Y좌표13":581.237,"Y좌표12":669.122,"X좌표29":346.231,"X좌표28":297.296,"X좌표27":254.352,"X좌표26":244.366,"X좌표25":267.335,"X좌표24":299.293,"X좌표23":326.258,"X좌표22":338.242,"X좌표21":399.162,"X좌표20":438.11,"Y좌표19":415.456,"Y좌표18":359.53}],"원피스":[{}],"상의":[{}]},"라벨링":{"스타일":[{"스타일":"스포티","서브스타일":"스트리트"}],"아우터":[{"기장":"크롭","색상":"실버","카테고리":"짚업","디테일":["스트링"],"소매기장":"긴팔","소재":["저지"],"프린트":["무지"],"넥라인":"후드","핏":"노멀"}],"하의":[{"기장":"발목","색상":"네이비","카테고리":"청바지","소재":["데님"],"프린트":["무지"],"핏":"노멀"}],"원피스":[{}],"상의":[{}]}},"파일 번호":1321755,"파일 이름":"cvjvdlf_9 (1258).JPG"}}