{"이미지 정보":{"이미지 식별자":1327439,"이미지 높이":1049,"이미지 파일명":"jk2519k09-s_4.jpg","이미지 너비":800},"데이터셋 정보":{"파일 생성일자":"2020-11-26 19:07:22","데이터셋 상세설명":{"렉트좌표":{"아우터":[{"X좌표":58.425,"Y좌표":-0.493058,"가로":682,"세로":792}],"하의":[{}],"원피스":[{"X좌표":252.156,"Y좌표":31.5038,"가로":373,"세로":1015}],"상의":[{}]},"폴리곤좌표":{"아우터":[{"X좌표39":429.299,"X좌표38":447.274,"X좌표37":460.256,"X좌표36":488.217,"X좌표35":541.143,"X좌표34":551.129,"X좌표33":567.107,"X좌표32":571.102,"X좌표31":582.086,"X좌표30":597.065,"X좌표49":178.647,"X좌표48":201.615,"X좌표47":214.597,"X좌표46":258.536,"X좌표45":230.575,"X좌표44":217.593,"X좌표43":226.581,"X좌표42":247.552,"X좌표41":284.5,"X좌표40":360.395,"Y좌표26":617.834,"Y좌표25":569.839,"Y좌표28":702.826,"Y좌표27":659.83,"Y좌표22":486.959,"Y좌표21":458.961,"Y좌표24":532.954,"Y좌표23":506.957,"Y좌표20":447.962,"X좌표59":305.582,"X좌표58":282.614,"X좌표57":252.656,"X좌표56":216.706,"X좌표55":93.8764,"X좌표54":65.9153,"X좌표53":58.925,"X좌표52":79.8958,"X좌표51":110.853,"X좌표50":148.689,"Y좌표29":724.824,"Y좌표15":162.991,"Y좌표14":161.991,"Y좌표17":276.979,"Y좌표16":185.988,"Y좌표11":83.9986,"Y좌표10":47.0023,"Y좌표13":133.994,"Y좌표12":120.995,"X좌표65":440.394,"X좌표64":433.404,"X좌표63":435.401,"X좌표62":438.397,"Y좌표19":383.969,"X좌표61":442.392,"Y좌표18":346.972,"X좌표60":340.533,"Y좌표48":560.84,"Y좌표47":574.839,"Y좌표49":552.841,"Y좌표44":669.829,"Y좌표43":692.827,"Y좌표46":594.837,"Y좌표45":635.833,"Y좌표40":768.819,"Y좌표42":717.825,"Y좌표41":735.823,"Y좌표37":735.823,"Y좌표36":674.829,"X좌표8":572.1,"Y좌표39":788.817,"X좌표9":580.089,"Y좌표38":740.822,"Y좌표33":709.825,"Y좌표32":766.82,"Y좌표35":557.84,"Y좌표34":604.836,"Y좌표31":792.817,"Y좌표30":765.82,"X좌표2":525.165,"X좌표3":574.097,"X좌표1":440.283,"X좌표6":605.054,"X좌표7":585.082,"X좌표4":615.04,"X좌표5":611.046,"Y좌표9":2.00674,"Y좌표65":183.989,"Y좌표62":21.0049,"Y좌표61":0.00694206,"Y좌표64":139.993,"Y좌표63":83.9986,"Y좌표60":44.0026,"X좌표19":741.864,"X좌표18":726.885,"X좌표17":723.889,"X좌표16":720.893,"X좌표15":725.886,"X좌표14":735.872,"X좌표13":733.875,"X좌표12":728.882,"X좌표11":703.917,"Y좌표4":188.988,"X좌표10":650.99,"Y좌표3":295.978,"Y좌표2":437.963,"Y좌표1":180.989,"Y좌표8":40.003,"Y좌표7":56.0014,"Y좌표6":81.9988,"Y좌표5":123.995,"Y좌표59":48.0022,"Y좌표58":57.0013,"Y좌표55":290.756,"Y좌표54":331.752,"Y좌표57":62.0008,"Y좌표56":120.995,"Y좌표51":459.739,"Y좌표50":498.846,"Y좌표53":365.748,"Y좌표52":419.743,"X좌표29":628.022,"X좌표28":658.979,"X좌표27":670.963,"X좌표26":701.92,"X좌표25":706.913,"X좌표24":733.875,"X좌표23":724.888,"X좌표22":731.878,"X좌표21":719.895,"X좌표20":726.885}],"하의":[{}],"원피스":[{"X좌표39":509.299,"X좌표38":446.386,"X좌표37":412.433,"X좌표36":275.624,"X좌표35":252.656,"X좌표34":255.651,"X좌표33":257.649,"X좌표32":253.654,"X좌표31":623.14,"X좌표30":618.147,"Y좌표37":769.486,"Y좌표36":713.492,"X좌표8":476.344,"Y좌표39":597.503,"X좌표9":543.251,"Y좌표38":716.491,"Y좌표33":956.467,"Y좌표32":1047.46,"Y좌표35":807.482,"Y좌표34":873.476,"Y좌표31":1047.46,"Y좌표30":1025.46,"X좌표2":532.267,"X좌표3":520.283,"X좌표1":510.297,"X좌표6":431.407,"X좌표7":431.407,"X좌표4":433.404,"X좌표5":426.414,"Y좌표26":703.715,"Y좌표25":713.714,"Y좌표28":802.483,"Y좌표9":253.982,"Y좌표27":748.488,"Y좌표22":726.713,"Y좌표21":638.721,"Y좌표24":745.711,"Y좌표23":781.707,"Y좌표20":525.732,"X좌표19":531.268,"X좌표18":552.239,"X좌표17":589.187,"X좌표16":626.136,"X좌표15":622.142,"X좌표14":609.16,"X좌표13":583.196,"X좌표12":588.189,"X좌표11":585.193,"Y좌표4":176.989,"X좌표10":560.228,"Y좌표3":445.963,"Y좌표2":520.955,"Y좌표1":593.948,"Y좌표8":117.995,"Y좌표7":32.0038,"Y좌표29":876.475,"Y좌표6":81.9988,"Y좌표5":143.993,"Y좌표15":138.993,"Y좌표14":76.9993,"Y좌표17":299.977,"Y좌표16":191.988,"Y좌표11":125.994,"Y좌표10":196.987,"Y좌표13":40.003,"Y좌표12":80.9989,"X좌표29":609.16,"X좌표28":618.147,"X좌표27":618.147,"X좌표26":626.136,"X좌표25":609.16,"X좌표24":595.179,"X좌표23":579.201,"X좌표22":579.201,"X좌표21":570.214,"X좌표20":542.253,"Y좌표19":445.963,"Y좌표18":395.968}],"상의":[{}]},"라벨링":{"스타일":[{"스타일":"페미닌","서브스타일":"펑크"}],"아우터":[{"기장":"노말","색상":"블랙","카테고리":"재킷","옷깃":"테일러드칼라","소매기장":"긴팔","소재":["가죽"],"프린트":["무지"],"핏":"노멀"}],"하의":[{}],"원피스":[{"색상":"화이트","서브색상":"브라운","카테고리":"드레스","소매기장":"없음","소재":["우븐"],"프린트":["플로럴"],"넥라인":"브이넥","핏":"루즈"}],"상의":[{}]}},"파일 번호":1327439,"파일 이름":"jk2519k09-s_4.jpg"}}