{"이미지 정보":{"이미지 식별자":14519,"이미지 높이":800,"이미지 파일명":"Lounge-Vera_136_03.jpg","이미지 너비":800},"데이터셋 정보":{"파일 생성일자":"2020-08-06 05:54:16","데이터셋 상세설명":{"렉트좌표":{"아우터":[{"X좌표":200.174,"Y좌표":0.499375,"가로":267,"세로":272}],"하의":[{"X좌표":184.184,"Y좌표":207.37,"가로":291,"세로":437}],"원피스":[{}],"상의":[{}]},"폴리곤좌표":{"아우터":[{"X좌표39":437.526,"X좌표38":445.521,"X좌표37":458.513,"X좌표36":468.507,"X좌표35":461.511,"X좌표34":440.524,"X좌표33":431.53,"X좌표32":412.542,"X좌표31":386.558,"X좌표30":360.574,"X좌표49":324.597,"X좌표48":330.593,"X좌표47":327.595,"X좌표46":329.594,"X좌표45":333.591,"X좌표44":364.572,"X좌표43":377.564,"X좌표42":403.548,"X좌표41":421.536,"X좌표40":428.532,"Y좌표26":20.9869,"Y좌표25":26.9831,"Y좌표28":0.999375,"Y좌표27":2.99812,"Y좌표22":83.9475,"Y좌표21":103.935,"Y좌표24":44.9719,"Y좌표23":61.9612,"Y좌표20":138.913,"X좌표54":291.618,"X좌표53":315.603,"X좌표52":336.59,"X좌표51":338.588,"X좌표50":328.594,"Y좌표29":3.9975,"Y좌표15":215.865,"Y좌표14":234.853,"Y좌표17":182.886,"Y좌표16":195.877,"Y좌표11":265.834,"Y좌표10":254.841,"Y좌표13":246.846,"Y좌표12":256.839,"Y좌표19":151.905,"Y좌표18":167.895,"Y좌표48":148.907,"Y좌표47":162.898,"Y좌표49":93.9412,"Y좌표44":273.829,"Y좌표43":262.836,"Y좌표46":174.891,"Y좌표45":199.875,"Y좌표40":221.861,"Y좌표42":252.842,"Y좌표41":239.85,"Y좌표37":176.889,"Y좌표36":160.899,"X좌표8":267.633,"Y좌표39":207.87,"X좌표9":259.638,"Y좌표38":193.879,"Y좌표33":56.9644,"Y좌표32":24.9844,"Y좌표35":129.919,"Y좌표34":93.9412,"Y좌표31":15.99,"Y좌표30":7.995,"X좌표2":284.622,"X좌표3":300.612,"X좌표1":288.62,"X좌표6":283.623,"X좌표7":276.627,"X좌표4":300.612,"X좌표5":288.62,"Y좌표9":256.839,"X좌표19":200.674,"X좌표18":200.674,"X좌표17":204.672,"X좌표16":203.673,"X좌표15":200.674,"X좌표14":201.674,"X좌표13":204.672,"X좌표12":218.663,"X좌표11":228.657,"Y좌표4":64.9594,"X좌표10":240.649,"Y좌표3":38.9756,"Y좌표2":27.9825,"Y좌표1":10.9931,"Y좌표8":225.859,"Y좌표7":198.876,"Y좌표6":160.899,"Y좌표5":109.931,"Y좌표54":13.9913,"Y좌표51":25.9837,"Y좌표50":44.9719,"Y좌표53":13.9913,"Y좌표52":13.9913,"X좌표29":344.585,"X좌표28":316.602,"X좌표27":286.621,"X좌표26":265.634,"X좌표25":239.65,"X좌표24":230.656,"X좌표23":226.658,"X좌표22":219.663,"X좌표21":212.667,"X좌표20":207.67}],"하의":[{"X좌표30":328.594,"X좌표8":189.681,"X좌표9":190.681,"Y좌표30":215.865,"X좌표2":271.63,"X좌표3":261.636,"X좌표1":324.597,"X좌표6":219.663,"X좌표7":201.674,"X좌표4":254.641,"X좌표5":229.656,"Y좌표26":274.828,"Y좌표25":481.699,"Y좌표28":269.831,"Y좌표9":589.631,"Y좌표27":248.844,"Y좌표22":645.596,"Y좌표21":645.596,"Y좌표24":630.606,"Y좌표23":640.599,"Y좌표20":636.602,"X좌표19":350.581,"X좌표18":348.582,"X좌표17":327.595,"X좌표16":308.607,"X좌표15":294.616,"X좌표14":270.631,"X좌표13":259.638,"X좌표12":249.644,"X좌표11":227.658,"Y좌표4":263.835,"X좌표10":184.684,"Y좌표3":237.851,"Y좌표2":207.87,"Y좌표1":213.866,"Y좌표8":540.662,"Y좌표7":446.721,"Y좌표29":215.865,"Y좌표6":368.769,"Y좌표5":314.803,"Y좌표15":622.611,"Y좌표14":625.609,"Y좌표17":639.6,"Y좌표16":634.603,"Y좌표11":619.612,"Y좌표10":617.614,"Y좌표13":624.609,"Y좌표12":624.609,"X좌표29":336.59,"X좌표28":375.565,"X좌표27":404.547,"X좌표26":406.546,"X좌표25":443.523,"X좌표24":476.502,"X좌표23":471.505,"X좌표22":446.521,"X좌표21":428.532,"X좌표20":373.566,"Y좌표19":629.606,"Y좌표18":637.601}],"원피스":[{}],"상의":[{}]},"라벨링":{"스타일":[{"스타일":"젠더리스","서브스타일":"스포티"}],"아우터":[{"기장":"노말","색상":"그레이","카테고리":"점퍼","디테일":["드롭숄더"],"소매기장":"긴팔","프린트":["무지"],"넥라인":"터틀넥","핏":"노멀"}],"하의":[{"기장":"발목","색상":"화이트","카테고리":"스커트","디테일":["플레어"],"프린트":["무지"],"핏":"루즈"}],"원피스":[{}],"상의":[{"카테고리":"티셔츠","소재":["저지"],"프린트":["무지"],"넥라인":"라운드넥"}]}},"파일 번호":14519,"파일 이름":"Lounge-Vera_136_03.jpg"}}