{"이미지 정보":{"이미지 식별자":155303,"이미지 높이":800,"이미지 파일명":"FILMOGRAPHY_010_01.jpg","이미지 너비":800},"데이터셋 정보":{"파일 생성일자":"2020-08-18 09:40:31","데이터셋 상세설명":{"렉트좌표":{"아우터":[{"X좌표":232.375,"Y좌표":0.515625,"가로":345,"세로":659}],"하의":[{}],"원피스":[{}],"상의":[{}]},"폴리곤좌표":{"아우터":[{"X좌표39":493.875,"X좌표38":513.875,"X좌표37":502.875,"X좌표36":473.875,"X좌표35":471.875,"X좌표34":467.875,"X좌표33":468.875,"X좌표32":454.875,"X좌표31":429.875,"X좌표30":438.875,"X좌표49":573.875,"X좌표48":578.875,"X좌표47":564.875,"X좌표46":532.875,"X좌표45":544.875,"X좌표44":552.875,"X좌표43":557.875,"X좌표42":544.875,"X좌표41":546.875,"X좌표40":521.875,"Y좌표26":26.0156,"Y좌표25":59.0156,"Y좌표28":66.0156,"Y좌표27":16.0156,"Y좌표22":279.016,"Y좌표21":312.016,"Y좌표24":142.016,"Y좌표23":229.016,"Y좌표20":346.016,"X좌표55":356.875,"X좌표54":457.875,"X좌표53":472.875,"X좌표52":488.875,"X좌표51":526.875,"X좌표50":558.875,"Y좌표29":132.016,"Y좌표15":646.016,"Y좌표14":601.016,"Y좌표17":571.016,"Y좌표16":623.016,"Y좌표11":441.016,"Y좌표10":366.016,"Y좌표13":564.016,"Y좌표12":551.016,"Y좌표19":464.016,"Y좌표18":527.016,"Y좌표48":169.016,"Y좌표47":228.016,"Y좌표49":133.016,"Y좌표44":464.016,"Y좌표43":498.016,"Y좌표46":273.016,"Y좌표45":363.016,"Y좌표40":571.016,"Y좌표42":524.016,"Y좌표41":558.016,"Y좌표37":661.016,"Y좌표36":624.016,"X좌표8":264.875,"Y좌표39":574.016,"X좌표9":268.875,"Y좌표38":642.016,"Y좌표33":378.016,"Y좌표32":333.016,"Y좌표35":573.016,"Y좌표34":502.016,"Y좌표31":273.016,"Y좌표30":198.016,"X좌표2":301.875,"X좌표3":282.875,"X좌표1":353.875,"X좌표6":248.875,"X좌표7":239.875,"X좌표4":251.875,"X좌표5":232.875,"Y좌표9":311.016,"X좌표19":334.875,"X좌표18":326.875,"X좌표17":319.875,"X좌표16":338.875,"X좌표15":321.875,"X좌표14":281.875,"X좌표13":268.875,"X좌표12":247.875,"X좌표11":257.875,"Y좌표4":101.016,"X좌표10":253.875,"Y좌표3":62.0156,"Y좌표2":33.0156,"Y좌표1":4.01562,"Y좌표8":307.016,"Y좌표7":272.016,"Y좌표6":248.016,"Y좌표5":144.016,"Y좌표55":2.01562,"Y좌표54":1.01562,"Y좌표51":69.0156,"Y좌표50":99.0156,"Y좌표53":8.01562,"Y좌표52":36.0156,"X좌표29":424.875,"X좌표28":421.875,"X좌표27":413.875,"X좌표26":378.875,"X좌표25":358.875,"X좌표24":362.875,"X좌표23":361.875,"X좌표22":348.875,"X좌표21":322.875,"X좌표20":319.875}],"하의":[{}],"원피스":[{}],"상의":[{}]},"라벨링":{"스타일":[{"스타일":"스트리트"}],"아우터":[{"기장":"롱","색상":"베이지","서브색상":"화이트","카테고리":"점퍼","옷깃":"셔츠칼라","디테일":["버클","퍼트리밍"],"소매기장":"긴팔","소재":["우븐"],"프린트":["무지"],"핏":"루즈"}],"하의":[{"기장":"미디","카테고리":"팬츠","소재":["우븐","데님"],"프린트":["무지"],"핏":"스키니"}],"원피스":[{}],"상의":[{"기장":"노멀","카테고리":"니트웨어","소재":["니트"],"프린트":["무지"],"넥라인":"터틀넥","핏":"노멀"}]}},"파일 번호":155303,"파일 이름":"FILMOGRAPHY_010_01.jpg"}}