{"이미지 정보":{"이미지 식별자":163679,"이미지 높이":800,"이미지 파일명":"LIME_031_14.jpg","이미지 너비":800},"데이터셋 정보":{"파일 생성일자":"2020-08-18 10:23:03","데이터셋 상세설명":{"렉트좌표":{"아우터":[{"X좌표":199.018,"Y좌표":-0.460962,"가로":453,"세로":616}],"하의":[{}],"원피스":[{}],"상의":[{}]},"폴리곤좌표":{"아우터":[{"X좌표30":556.298,"X좌표8":269.475,"X좌표9":260.48,"Y좌표30":0.0390385,"X좌표2":293.46,"X좌표3":278.469,"X좌표1":289.462,"X좌표6":199.518,"X좌표7":269.475,"X좌표4":236.495,"X좌표5":227.501,"Y좌표26":275.869,"Y좌표25":322.84,"Y좌표28":76.9917,"Y좌표9":505.728,"Y좌표27":154.944,"Y좌표22":437.77,"Y좌표21":500.731,"Y좌표24":419.781,"Y좌표23":436.77,"Y좌표20":532.711,"X좌표19":580.283,"X좌표18":568.291,"X좌표17":562.294,"X좌표16":524.318,"X좌표15":448.365,"X좌표14":380.406,"X좌표13":326.44,"X좌표12":266.477,"X좌표11":257.482,"Y좌표4":220.903,"X좌표10":265.477,"Y좌표3":48.0095,"Y좌표2":21.0261,"Y좌표1":3.03719,"Y좌표8":467.751,"Y좌표7":424.778,"Y좌표29":17.0286,"Y좌표6":410.786,"Y좌표5":275.869,"Y좌표15":614.661,"Y좌표14":616.659,"Y좌표17":611.662,"Y좌표16":607.665,"Y좌표11":559.694,"Y좌표10":532.711,"Y좌표13":605.666,"Y좌표12":593.674,"X좌표29":556.298,"X좌표28":580.283,"X좌표27":599.272,"X좌표26":620.259,"X좌표25":626.255,"X좌표24":653.238,"X좌표23":614.262,"X좌표22":575.286,"X좌표21":578.285,"X좌표20":580.283,"Y좌표19":592.674,"Y좌표18":592.674}],"하의":[{}],"원피스":[{}],"상의":[{}]},"라벨링":{"스타일":[{"스타일":"스트리트"}],"아우터":[{"기장":"롱","색상":"그레이","카테고리":"패딩","디테일":["퀄팅","띠"],"소매기장":"긴팔","소재":["패딩"],"프린트":["무지"],"핏":"루즈"}],"하의":[{}],"원피스":[{}],"상의":[{}]}},"파일 번호":163679,"파일 이름":"LIME_031_14.jpg"}}