{"이미지 정보":{"이미지 식별자":16760,"이미지 높이":800,"이미지 파일명":"Rausch_056_07.jpg","이미지 너비":800},"데이터셋 정보":{"파일 생성일자":"2020-08-06 06:06:35","데이터셋 상세설명":{"렉트좌표":{"아우터":[{"X좌표":138.06,"Y좌표":7.51271,"가로":509,"세로":677}],"하의":[{}],"원피스":[{}],"상의":[{}]},"폴리곤좌표":{"아우터":[{"X좌표39":294.37,"X좌표38":286.38,"X좌표37":260.412,"X좌표36":240.436,"X좌표35":211.471,"X좌표34":178.511,"X좌표33":170.521,"X좌표32":153.542,"X좌표31":138.56,"X좌표30":157.537,"Y좌표37":27.9884,"Y좌표36":94.9071,"X좌표8":588.014,"Y좌표39":10.0103,"X좌표9":607.989,"Y좌표38":8.01271,"Y좌표33":417.515,"Y좌표32":483.435,"Y좌표35":172.812,"Y좌표34":295.663,"Y좌표31":580.317,"Y좌표30":616.274,"X좌표2":313.347,"X좌표3":342.312,"X좌표1":294.37,"X좌표6":460.169,"X좌표7":517.1,"X좌표4":376.271,"X좌표5":430.205,"Y좌표26":438.49,"Y좌표25":385.554,"Y좌표28":604.288,"Y좌표9":190.791,"Y좌표27":546.359,"Y좌표22":523.386,"Y좌표21":574.325,"Y좌표24":475.445,"Y좌표23":494.422,"Y좌표20":624.264,"X좌표19":452.179,"X좌표18":458.171,"X좌표17":508.111,"X좌표16":556.052,"X좌표15":589.012,"X좌표14":589.012,"X좌표13":578.026,"X좌표12":606.991,"X좌표11":646.942,"Y좌표4":40.9727,"X좌표10":647.941,"Y좌표3":47.9642,"Y좌표2":37.9763,"Y좌표1":13.0066,"Y좌표8":123.872,"Y좌표7":60.9484,"Y좌표29":620.269,"Y좌표6":27.9884,"Y좌표5":28.9872,"Y좌표15":680.196,"Y좌표14":615.275,"Y좌표17":676.201,"Y좌표16":685.19,"Y좌표11":385.554,"Y좌표10":327.624,"Y좌표13":476.444,"Y좌표12":449.476,"X좌표29":202.482,"X좌표28":247.427,"X좌표27":275.394,"X좌표26":268.402,"X좌표25":294.37,"X좌표24":357.294,"X좌표23":344.31,"X좌표22":333.323,"X좌표21":367.282,"X좌표20":400.242,"Y좌표19":667.212,"Y좌표18":677.2}],"하의":[{}],"원피스":[{}],"상의":[{}]},"라벨링":{"스타일":[{"스타일":"젠더리스"}],"아우터":[{"기장":"하프","색상":"화이트","카테고리":"패딩","디테일":["퀄팅"],"소매기장":"긴팔","소재":["패딩"],"프린트":["무지"],"핏":"노멀"}],"하의":[{}],"원피스":[{}],"상의":[{}]}},"파일 번호":16760,"파일 이름":"Rausch_056_07.jpg"}}