{"이미지 정보":{"이미지 식별자":16871,"이미지 높이":800,"이미지 파일명":"Rausch_063_11.jpg","이미지 너비":800},"데이터셋 정보":{"파일 생성일자":"2020-08-06 06:07:11","데이터셋 상세설명":{"렉트좌표":{"아우터":[{"X좌표":145.051,"Y좌표":0.521205,"가로":591,"세로":788}],"하의":[{}],"원피스":[{}],"상의":[{}]},"폴리곤좌표":{"아우터":[{"X좌표39":492.13,"X좌표38":494.128,"X좌표37":505.114,"X좌표36":502.118,"X좌표35":492.13,"X좌표34":486.137,"X좌표33":467.16,"X좌표32":455.175,"X좌표31":451.18,"X좌표30":389.255,"X좌표49":605.992,"X좌표48":727.844,"X좌표47":736.833,"X좌표46":628.964,"X좌표45":632.959,"X좌표44":621.972,"X좌표43":589.012,"X좌표42":575.029,"X좌표41":532.082,"X좌표40":513.105,"Y좌표26":408.526,"Y좌표25":705.166,"Y좌표28":182.8,"Y좌표27":303.653,"Y좌표22":778.077,"Y좌표21":789.064,"Y좌표24":712.157,"Y좌표23":710.16,"Y좌표20":782.072,"X좌표53":387.258,"X좌표52":484.14,"X좌표51":517.1,"X좌표50":556.052,"Y좌표29":93.9083,"Y좌표15":478.441,"Y좌표14":417.515,"Y좌표17":613.277,"Y좌표16":538.368,"Y좌표11":329.622,"Y좌표10":280.681,"Y좌표13":360.584,"Y좌표12":364.579,"Y좌표19":739.124,"Y좌표18":665.214,"Y좌표48":159.828,"Y좌표47":212.764,"Y좌표49":50.9605,"Y좌표44":693.18,"Y좌표43":707.163,"Y좌표46":321.632,"Y좌표45":460.463,"Y좌표40":708.162,"Y좌표42":775.081,"Y좌표41":741.122,"Y좌표37":542.363,"Y좌표36":386.553,"X좌표8":153.542,"Y좌표39":707.163,"X좌표9":145.551,"Y좌표38":675.202,"Y좌표33":191.789,"Y좌표32":99.9011,"Y좌표35":349.598,"Y좌표34":252.715,"Y좌표31":33.9812,"Y좌표30":21.9957,"X좌표2":371.277,"X좌표3":337.318,"X좌표1":383.262,"X좌표6":222.458,"X좌표7":190.497,"X좌표4":295.369,"X좌표5":255.418,"Y좌표9":232.74,"X좌표19":170.521,"X좌표18":169.522,"X좌표17":178.511,"X좌표16":192.494,"X좌표15":203.481,"X좌표14":204.48,"X좌표13":223.457,"X좌표12":200.485,"X좌표11":160.533,"Y좌표4":33.9812,"X좌표10":145.551,"Y좌표3":18.9994,"Y좌표2":11.0091,"Y좌표1":1.0212,"Y좌표8":148.842,"Y좌표7":133.86,"Y좌표6":105.894,"Y좌표5":76.929,"Y좌표51":14.0054,"Y좌표50":16.003,"Y좌표53":2.01999,"Y좌표52":5.01635,"X좌표29":386.259,"X좌표28":375.272,"X좌표27":322.336,"X좌표26":296.368,"X좌표25":281.386,"X좌표24":251.423,"X좌표23":219.461,"X좌표22":211.471,"X좌표21":190.497,"X좌표20":173.517}],"하의":[{}],"원피스":[{}],"상의":[{}]},"라벨링":{"스타일":[{"스타일":"스트리트"}],"아우터":[{"기장":"롱","색상":"블랙","서브색상":"화이트","카테고리":"패딩","디테일":["롤업"],"소매기장":"긴팔","소재":["패딩"],"프린트":["무지"],"핏":"노멀"}],"하의":[{}],"원피스":[{}],"상의":[{}]}},"파일 번호":16871,"파일 이름":"Rausch_063_11.jpg"}}