{"이미지 정보":{"이미지 식별자":169994,"이미지 높이":800,"이미지 파일명":"shasha_170_32.jpg","이미지 너비":800},"데이터셋 정보":{"파일 생성일자":"2020-08-18 10:57:07","데이터셋 상세설명":{"렉트좌표":{"아우터":[{}],"하의":[{"X좌표":323.844,"Y좌표":315.068,"가로":300,"세로":480}],"원피스":[{}],"상의":[{"X좌표":212.998,"Y좌표":-0.493067,"가로":433,"세로":436}]},"폴리곤좌표":{"아우터":[{}],"하의":[{"Y좌표9":577.204,"X좌표19":324.344,"X좌표18":557.02,"X좌표17":566.008,"X좌표16":570.002,"X좌표15":584.982,"X좌표14":607.95,"X좌표13":624.926,"X좌표12":549.031,"X좌표11":536.05,"Y좌표4":795.9,"X좌표10":493.109,"Y좌표3":717.01,"Y좌표2":553.237,"Y좌표1":343.529,"Y좌표8":445.387,"Y좌표7":503.307,"Y좌표6":750.962,"Y좌표5":794.901,"Y좌표15":603.168,"Y좌표14":697.037,"X좌표8":450.169,"Y좌표17":396.456,"X좌표9":480.127,"Y좌표16":563.224,"Y좌표11":740.976,"Y좌표10":615.151,"Y좌표13":794.901,"Y좌표12":795.9,"X좌표2":362.291,"X좌표3":382.263,"X좌표1":325.343,"X좌표6":455.162,"Y좌표19":342.531,"X좌표7":452.166,"Y좌표18":315.568,"X좌표4":387.257,"X좌표5":455.162}],"원피스":[{}],"상의":[{"Y좌표9":245.665,"Y좌표22":0.00693311,"Y좌표21":1.00554,"Y좌표20":90.8805,"X좌표19":627.922,"X좌표18":591.972,"X좌표17":594.968,"X좌표16":513.081,"X좌표15":494.108,"X좌표14":414.219,"X좌표13":334.33,"X좌표12":320.35,"X좌표11":319.351,"Y좌표4":159.785,"X좌표10":288.394,"Y좌표3":133.821,"Y좌표2":78.8972,"Y좌표1":0.00693311,"Y좌표8":250.658,"Y좌표7":265.637,"Y좌표6":206.719,"Y좌표5":139.812,"Y좌표15":430.408,"Y좌표14":368.494,"X좌표8":278.408,"Y좌표17":411.435,"X좌표9":292.388,"Y좌표16":436.4,"Y좌표11":300.589,"Y좌표10":265.637,"Y좌표13":375.485,"Y좌표12":356.511,"X좌표22":384.261,"X좌표2":366.286,"X좌표21":646.895,"X좌표3":354.302,"X좌표20":644.898,"X좌표1":383.262,"X좌표6":213.498,"Y좌표19":241.671,"X좌표7":233.47,"Y좌표18":336.539,"X좌표4":279.407,"X좌표5":243.457}]},"라벨링":{"스타일":[{"스타일":"스트리트"}],"아우터":[{}],"하의":[{"기장":"발목","색상":"네이비","카테고리":"조거팬츠","디테일":["단추","포켓"],"소재":["데님"],"핏":"스키니"}],"원피스":[{}],"상의":[{"기장":"롱","색상":"화이트","카테고리":"블라우스","디테일":["퍼프","플레어","프릴"],"소매기장":"긴팔","소재":["우븐"],"핏":"루즈"}]}},"파일 번호":169994,"파일 이름":"shasha_170_32.jpg"}}