{"이미지 정보":{"이미지 식별자":189177,"이미지 높이":800,"이미지 파일명":"TROI_001_11_3.jpg","이미지 너비":800},"데이터셋 정보":{"파일 생성일자":"2020-09-04 01:33:56","데이터셋 상세설명":{"렉트좌표":{"아우터":[{"X좌표":273.011,"Y좌표":-1.49147,"가로":415,"세로":547}],"하의":[{}],"원피스":[{}],"상의":[{}]},"폴리곤좌표":{"아우터":[{"Y좌표44":-0.99147,"Y좌표43":35.0085,"Y좌표45":25.0085,"Y좌표40":26.0085,"Y좌표42":1.00853,"Y좌표41":0.00852966,"X좌표39":576.511,"X좌표38":614.511,"X좌표37":689.511,"X좌표36":666.511,"X좌표35":649.511,"X좌표34":625.511,"X좌표33":618.511,"X좌표32":612.511,"X좌표31":556.511,"X좌표30":496.511,"Y좌표37":112.009,"Y좌표36":184.009,"X좌표8":297.511,"Y좌표39":33.0085,"X좌표9":283.511,"Y좌표38":43.0085,"Y좌표33":235.009,"Y좌표32":292.009,"Y좌표35":156.009,"Y좌표34":204.009,"Y좌표31":318.009,"Y좌표30":340.009,"X좌표45":405.511,"X좌표44":428.511,"X좌표2":336.511,"X좌표43":455.511,"X좌표3":295.511,"X좌표42":501.511,"X좌표41":533.511,"X좌표1":402.511,"X좌표40":554.511,"X좌표6":341.511,"X좌표7":335.511,"X좌표4":273.511,"X좌표5":308.511,"Y좌표26":428.009,"Y좌표25":436.009,"Y좌표28":408.009,"Y좌표9":516.009,"Y좌표27":434.009,"Y좌표22":386.009,"Y좌표21":409.009,"Y좌표24":405.009,"Y좌표23":399.009,"Y좌표20":451.009,"X좌표19":654.511,"X좌표18":603.511,"X좌표17":594.511,"X좌표16":538.511,"X좌표15":515.511,"X좌표14":442.511,"X좌표13":438.511,"X좌표12":431.511,"X좌표11":419.511,"Y좌표4":135.009,"X좌표10":350.511,"Y좌표3":102.009,"Y좌표2":50.0085,"Y좌표1":27.0085,"Y좌표8":432.009,"Y좌표7":354.009,"Y좌표29":363.009,"Y좌표6":294.009,"Y좌표5":196.009,"Y좌표15":519.009,"Y좌표14":534.009,"Y좌표17":526.009,"Y좌표16":534.009,"Y좌표11":536.009,"Y좌표10":532.009,"Y좌표13":449.009,"Y좌표12":499.009,"X좌표29":456.511,"X좌표28":425.511,"X좌표27":414.511,"X좌표26":436.511,"X좌표25":474.511,"X좌표24":520.511,"X좌표23":589.511,"X좌표22":627.511,"X좌표21":637.511,"X좌표20":646.511,"Y좌표19":538.009,"Y좌표18":547.009}],"하의":[{}],"원피스":[{}],"상의":[{}]},"라벨링":{"스타일":[{"스타일":"스트리트"}],"아우터":[{"기장":"노말","색상":"그레이","카테고리":"짚업","옷깃":"차이나칼라","디테일":["셔링"],"소매기장":"민소매","소재":["울\/캐시미어"],"프린트":["무지"],"핏":"노멀"}],"하의":[{}],"원피스":[{"카테고리":"드레스","소재":["울\/캐시미어"],"프린트":["무지"],"핏":"루즈"}],"상의":[{}]}},"파일 번호":189177,"파일 이름":"TROI_001_11_3.jpg"}}