{"이미지 정보":{"이미지 식별자":195834,"이미지 높이":800,"이미지 파일명":"Dduddu_326_31.jpg","이미지 너비":800},"데이터셋 정보":{"파일 생성일자":"2020-09-07 02:09:34","데이터셋 상세설명":{"렉트좌표":{"아우터":[{}],"하의":[{}],"원피스":[{"X좌표":66.5,"Y좌표":1.51562,"가로":587,"세로":792}],"상의":[{}]},"폴리곤좌표":{"아우터":[{}],"하의":[{}],"원피스":[{"X좌표8":202.0,"X좌표9":143.0,"X좌표2":250.0,"X좌표3":285.0,"X좌표1":262.0,"X좌표6":292.0,"X좌표7":241.0,"X좌표4":322.0,"X좌표5":317.0,"Y좌표26":67.2656,"Y좌표25":72.2656,"Y좌표28":2.01562,"Y좌표9":424.016,"Y좌표27":53.0156,"Y좌표22":102.266,"Y좌표21":150.266,"Y좌표24":88.2656,"Y좌표23":88.2656,"Y좌표20":190.266,"X좌표19":531.0,"X좌표18":543.0,"X좌표17":548.0,"X좌표16":546.0,"X좌표15":217.0,"X좌표14":196.0,"X좌표13":160.0,"X좌표12":107.0,"X좌표11":67.0,"Y좌표4":116.016,"X좌표10":118.0,"Y좌표3":113.016,"Y좌표2":96.0156,"Y좌표1":7.01562,"Y좌표8":359.016,"Y좌표7":301.016,"Y좌표29":4.01562,"Y좌표6":193.016,"Y좌표5":147.016,"Y좌표15":793.266,"Y좌표14":785.266,"Y좌표17":709.266,"Y좌표16":794.266,"Y좌표11":758.016,"Y좌표10":462.016,"Y좌표13":778.266,"Y좌표12":777.266,"X좌표29":268.0,"X좌표28":602.0,"X좌표27":655.0,"X좌표26":632.0,"X좌표25":603.0,"X좌표24":566.0,"X좌표23":521.0,"X좌표22":480.0,"X좌표21":482.0,"X좌표20":521.0,"Y좌표19":339.266,"Y좌표18":540.266}],"상의":[{}]},"라벨링":{"스타일":[{"스타일":"소피스트케이티드"}],"아우터":[{}],"하의":[{}],"원피스":[{"기장":"발목","색상":"레드","카테고리":"점프수트","디테일":["띠"],"소매기장":"반팔","소재":["우븐"],"프린트":["무지"],"핏":"루즈"}],"상의":[{}]}},"파일 번호":195834,"파일 이름":"Dduddu_326_31.jpg"}}