{"이미지 정보":{"이미지 식별자":20271,"이미지 높이":800,"이미지 파일명":"Recipe_094_02.jpg","이미지 너비":800},"데이터셋 정보":{"파일 생성일자":"2020-08-06 08:39:19","데이터셋 상세설명":{"렉트좌표":{"아우터":[{}],"하의":[{"X좌표":305.399,"Y좌표":183.344,"가로":173,"세로":496}],"원피스":[{}],"상의":[{"X좌표":271.432,"Y좌표":0.524,"가로":243,"세로":340}]},"폴리곤좌표":{"아우터":[{}],"하의":[{"Y좌표9":650.384,"X좌표13":458.748,"X좌표12":479.727,"X좌표11":479.727,"Y좌표4":299.73,"X좌표10":463.743,"Y좌표3":193.834,"Y좌표2":207.82,"Y좌표1":183.844,"Y좌표8":672.363,"Y좌표7":680.355,"Y좌표6":667.367,"Y좌표5":458.573,"X좌표8":451.755,"X좌표9":459.747,"Y좌표11":339.69,"Y좌표10":516.516,"Y좌표13":183.844,"Y좌표12":240.788,"X좌표2":388.817,"X좌표3":319.885,"X좌표1":458.748,"X좌표6":309.895,"X좌표7":373.832,"X좌표4":305.899,"X좌표5":317.887}],"원피스":[{}],"상의":[{"Y좌표9":212.815,"X좌표13":357.847,"X좌표12":382.823,"X좌표11":429.777,"Y좌표4":338.691,"X좌표10":493.714,"Y좌표3":338.691,"Y좌표2":31.9935,"Y좌표1":1.024,"Y좌표8":339.69,"Y좌표7":341.688,"Y좌표6":218.809,"Y좌표5":216.811,"X좌표8":515.692,"X좌표9":511.696,"Y좌표11":4.02105,"Y좌표10":30.9945,"Y좌표13":6.01908,"Y좌표12":24.0014,"X좌표2":295.908,"X좌표3":271.932,"X좌표1":357.847,"X좌표6":440.766,"X좌표7":458.748,"X좌표4":325.879,"X좌표5":328.876}]},"라벨링":{"스타일":[{"스타일":"젠더리스","서브스타일":"모던"}],"아우터":[{}],"하의":[{"기장":"발목","색상":"실버","카테고리":"팬츠","디테일":["단추"],"소재":["우븐"],"프린트":["무지"],"핏":"노멀"}],"원피스":[{}],"상의":[{"색상":"화이트","카테고리":"셔츠","옷깃":"셔츠칼라","소매기장":"긴팔","소재":["우븐"],"프린트":["무지"],"핏":"노멀"}]}},"파일 번호":20271,"파일 이름":"Recipe_094_02.jpg"}}