{"이미지 정보":{"이미지 식별자":20381,"이미지 높이":800,"이미지 파일명":"Recipe_099_03.jpg","이미지 너비":800},"데이터셋 정보":{"파일 생성일자":"2020-08-06 08:40:13","데이터셋 상세설명":{"렉트좌표":{"아우터":[{}],"하의":[{"X좌표":253.45,"Y좌표":216.311,"가로":205,"세로":466}],"원피스":[{}],"상의":[{"X좌표":316.388,"Y좌표":0.524,"가로":189,"세로":258}]},"폴리곤좌표":{"아우터":[{}],"하의":[{"X좌표8":442.764,"X좌표9":433.773,"Y좌표9":413.617,"Y좌표11":301.728,"Y좌표10":366.664,"Y좌표12":222.805,"X좌표12":454.752,"X좌표11":459.747,"X좌표2":339.865,"Y좌표4":405.625,"X좌표10":436.77,"X좌표3":316.888,"Y좌표3":276.752,"Y좌표2":216.811,"X좌표1":451.755,"Y좌표1":224.804,"X좌표6":316.888,"Y좌표8":585.448,"X좌표7":425.781,"Y좌표7":667.367,"X좌표4":280.923,"Y좌표6":683.352,"X좌표5":253.95,"Y좌표5":488.544}],"원피스":[{}],"상의":[{"X좌표8":506.701,"X좌표9":497.71,"Y좌표9":61.964,"Y좌표11":1.024,"Y좌표10":13.0122,"Y좌표12":7.01809,"X좌표12":382.823,"X좌표11":430.776,"X좌표2":357.847,"Y좌표4":225.803,"X좌표10":469.737,"X좌표3":332.872,"Y좌표3":83.9423,"Y좌표2":32.9925,"X좌표1":382.823,"Y좌표1":7.01809,"X좌표6":429.777,"Y좌표8":205.822,"X좌표7":475.731,"Y좌표7":249.779,"X좌표4":316.888,"Y좌표6":259.769,"X좌표5":382.823,"Y좌표5":243.785}]},"라벨링":{"스타일":[{"스타일":"소피스트케이티드","서브스타일":"스트리트"}],"아우터":[{}],"하의":[{"기장":"발목","색상":"핑크","카테고리":"팬츠","디테일":["포켓"],"소재":["우븐"],"프린트":["무지"],"핏":"노멀"}],"원피스":[{}],"상의":[{"기장":"노멀","색상":"그레이","서브색상":"화이트","카테고리":"셔츠","옷깃":"셔츠칼라","디테일":["자수"],"소매기장":"긴팔","소재":["우븐"],"프린트":["스트라이프"],"핏":"노멀"}]}},"파일 번호":20381,"파일 이름":"Recipe_099_03.jpg"}}