{"이미지 정보":{"이미지 식별자":205916,"이미지 높이":800,"이미지 파일명":"Forme_328_31.jpg","이미지 너비":800},"데이터셋 정보":{"파일 생성일자":"2020-09-07 02:50:36","데이터셋 상세설명":{"렉트좌표":{"아우터":[{"X좌표":116.892,"Y좌표":-1.15881,"가로":590,"세로":798}],"하의":[{}],"원피스":[{}],"상의":[{}]},"폴리곤좌표":{"아우터":[{"Y좌표43":-0.658813,"Y좌표40":23.3079,"Y좌표42":15.319,"Y좌표41":12.3231,"X좌표39":367.045,"X좌표38":581.746,"X좌표37":610.706,"X좌표36":629.68,"X좌표35":649.652,"X좌표34":680.609,"X좌표33":643.66,"X좌표32":624.687,"X좌표31":599.721,"X좌표30":557.78,"Y좌표37":95.2078,"Y좌표36":291.934,"X좌표8":135.367,"Y좌표39":1.33841,"X좌표9":174.313,"Y좌표38":5.33285,"Y좌표33":364.833,"Y좌표32":363.834,"Y좌표35":300.922,"Y좌표34":340.866,"Y좌표31":362.836,"Y좌표30":366.83,"X좌표2":143.356,"X좌표43":256.199,"X좌표3":134.369,"X좌표42":301.137,"X좌표41":333.092,"X좌표1":254.202,"X좌표40":332.094,"X좌표6":133.37,"X좌표7":130.374,"X좌표4":117.392,"X좌표5":123.384,"Y좌표26":760.283,"Y좌표25":798.23,"Y좌표28":606.497,"Y좌표9":423.751,"Y좌표27":735.318,"Y좌표22":781.254,"Y좌표21":794.236,"Y좌표24":791.24,"Y좌표23":775.262,"Y좌표20":795.234,"X좌표19":358.058,"X좌표18":354.063,"X좌표17":348.071,"X좌표16":192.288,"X좌표15":181.303,"X좌표14":145.353,"X좌표13":144.355,"X좌표12":122.385,"X좌표11":176.31,"Y좌표4":183.086,"X좌표10":235.228,"Y좌표3":79.2301,"Y좌표2":57.2606,"Y좌표1":-0.658813,"Y좌표8":408.772,"Y좌표7":338.869,"Y좌표29":402.78,"Y좌표6":291.934,"Y좌표5":241.005,"Y좌표15":764.277,"Y좌표14":754.291,"Y좌표17":784.25,"Y좌표16":794.236,"Y좌표11":558.563,"Y좌표10":428.744,"Y좌표13":722.336,"Y좌표12":712.349,"X좌표29":579.749,"X좌표28":615.699,"X좌표27":707.571,"X좌표26":604.714,"X좌표25":594.728,"X좌표24":580.748,"X좌표23":556.781,"X좌표22":514.839,"X좌표21":442.939,"X좌표20":380.027,"Y좌표19":682.391,"Y좌표18":728.327}],"하의":[{}],"원피스":[{}],"상의":[{}]},"라벨링":{"스타일":[{"스타일":"스트리트","서브스타일":"오리엔탈"}],"아우터":[{"기장":"롱","색상":"스카이블루","서브색상":"화이트","카테고리":"재킷","옷깃":"밴드칼라","디테일":["단추","포켓","스트링"],"소매기장":"반팔","소재":["린넨"],"프린트":["무지"],"핏":"노멀"}],"하의":[{}],"원피스":[{"카테고리":"드레스"}],"상의":[{}]}},"파일 번호":205916,"파일 이름":"Forme_328_31.jpg"}}