{"이미지 정보":{"이미지 식별자":207996,"이미지 높이":800,"이미지 파일명":"Forme_406_11_1.jpg","이미지 너비":800},"데이터셋 정보":{"파일 생성일자":"2020-09-07 02:58:42","데이터셋 상세설명":{"렉트좌표":{"아우터":[{"X좌표":263.14,"Y좌표":6.49721,"가로":269,"세로":346}],"하의":[{"X좌표":313.071,"Y좌표":241.171,"가로":187,"세로":422}],"원피스":[{}],"상의":[{}]},"폴리곤좌표":{"아우터":[{"X좌표39":283.612,"X좌표38":279.618,"X좌표37":272.628,"X좌표36":272.628,"X좌표35":268.633,"X좌표34":263.64,"X좌표33":270.631,"X좌표32":293.599,"X좌표31":315.568,"X좌표30":316.567,"X좌표49":396.456,"X좌표48":380.478,"X좌표47":367.496,"X좌표46":360.506,"X좌표45":363.501,"X좌표44":369.493,"X좌표43":360.506,"X좌표42":348.522,"X좌표41":326.553,"X좌표40":298.592,"Y좌표26":350.519,"Y좌표25":350.519,"Y좌표28":353.515,"Y좌표27":353.515,"Y좌표22":345.526,"Y좌표21":339.535,"Y좌표24":350.519,"Y좌표23":347.524,"Y좌표20":332.544,"X좌표56":421.421,"X좌표55":419.424,"X좌표54":420.422,"X좌표53":435.401,"X좌표52":430.408,"X좌표51":422.419,"X좌표50":403.446,"Y좌표29":347.524,"Y좌표15":292.6,"Y좌표14":287.607,"Y좌표17":299.59,"Y좌표16":297.593,"Y좌표11":213.71,"Y좌표10":187.746,"Y좌표13":275.624,"Y좌표12":246.664,"Y좌표19":325.554,"Y좌표18":305.582,"Y좌표48":66.9139,"Y좌표47":58.925,"Y좌표49":76.9,"Y좌표44":15.9847,"Y좌표43":25.9708,"Y좌표46":42.9472,"Y좌표45":27.968,"Y좌표40":76.9,"Y좌표42":43.9458,"Y좌표41":58.925,"Y좌표37":178.758,"Y좌표36":217.704,"X좌표8":509.299,"Y좌표39":127.829,"X좌표9":517.287,"Y좌표38":151.796,"Y좌표33":293.599,"Y좌표32":299.59,"Y좌표35":250.658,"Y좌표34":290.603,"Y좌표31":301.587,"Y좌표30":310.575,"X좌표2":432.406,"X좌표3":442.392,"X좌표1":423.418,"X좌표6":489.326,"X좌표7":501.31,"X좌표4":448.383,"X좌표5":468.356,"Y좌표9":173.765,"X좌표19":518.286,"X좌표18":511.296,"X좌표17":491.324,"X좌표16":507.301,"X좌표15":520.283,"X좌표14":533.265,"X좌표13":531.268,"X좌표12":529.271,"X좌표11":527.274,"Y좌표4":42.9472,"X좌표10":520.283,"Y좌표3":23.9736,"Y좌표2":7.99582,"Y좌표1":7.99582,"Y좌표8":121.837,"Y좌표7":81.893,"Y좌표6":56.9278,"Y좌표5":48.9389,"Y좌표55":12.9889,"Y좌표54":31.9625,"Y좌표56":6.99721,"Y좌표51":75.9014,"Y좌표50":101.865,"Y좌표53":35.9569,"Y좌표52":53.9319,"X좌표29":318.564,"X좌표28":331.546,"X좌표27":342.531,"X좌표26":369.493,"X좌표25":389.465,"X좌표24":415.429,"X좌표23":445.387,"X좌표22":465.36,"X좌표21":488.328,"X좌표20":509.299}],"하의":[{"X좌표39":329.549,"X좌표38":336.539,"X좌표37":357.51,"X좌표36":365.499,"X좌표35":367.496,"X좌표34":369.493,"X좌표33":380.478,"X좌표32":385.471,"X좌표31":387.468,"X좌표30":392.461,"X좌표49":321.56,"X좌표48":313.571,"X좌표47":316.567,"X좌표46":322.558,"X좌표45":327.551,"X좌표44":328.55,"X좌표43":329.549,"X좌표42":329.549,"X좌표41":328.55,"X좌표40":323.557,"Y좌표26":464.694,"Y좌표25":509.631,"Y좌표28":336.872,"Y좌표27":353.848,"Y좌표22":646.441,"Y좌표21":655.429,"Y좌표24":559.562,"Y좌표23":625.47,"Y좌표20":654.43,"X좌표51":342.531,"X좌표50":331.546,"Y좌표29":341.865,"Y좌표15":467.357,"Y좌표14":436.4,"Y좌표17":542.253,"Y좌표16":507.301,"Y좌표11":321.56,"Y좌표10":285.61,"Y좌표13":396.456,"Y좌표12":349.521,"Y좌표19":611.157,"Y좌표18":579.201,"Y좌표48":320.561,"Y좌표47":339.535,"Y좌표49":289.604,"Y좌표44":426.747,"Y좌표43":466.691,"Y좌표46":372.489,"Y좌표45":411.435,"Y좌표40":643.445,"Y좌표42":504.638,"Y좌표41":576.538,"Y좌표37":663.418,"Y좌표36":656.427,"X좌표8":482.336,"Y좌표39":664.416,"X좌표9":482.336,"Y좌표38":664.416,"Y좌표33":511.629,"Y좌표32":461.698,"Y좌표35":631.462,"Y좌표34":591.518,"Y좌표31":420.755,"Y좌표30":374.819,"X좌표2":359.507,"X좌표3":376.483,"X좌표1":347.524,"X좌표6":457.371,"X좌표7":470.353,"X좌표4":400.45,"X좌표5":438.397,"Y좌표9":261.643,"X좌표19":458.369,"X좌표18":460.367,"X좌표17":463.362,"X좌표16":463.362,"X좌표15":468.356,"X좌표14":472.35,"X좌표13":485.332,"X좌표12":496.317,"X좌표11":501.31,"Y좌표4":266.636,"X좌표10":493.321,"Y좌표3":259.646,"Y좌표2":251.657,"Y좌표1":245.665,"Y좌표8":255.651,"Y좌표7":243.668,"Y좌표6":251.657,"Y좌표5":260.644,"Y좌표51":241.671,"Y좌표50":258.647,"X좌표29":401.449,"X좌표28":408.439,"X좌표27":411.435,"X좌표26":419.424,"X좌표25":417.426,"X좌표24":419.424,"X좌표23":413.432,"X좌표22":416.428,"X좌표21":445.387,"X좌표20":458.369}],"원피스":[{}],"상의":[{}]},"라벨링":{"스타일":[{"스타일":"스트리트","서브스타일":"모던"}],"아우터":[{"기장":"노말","색상":"그린","카테고리":"짚업","디테일":["페플럼","포켓"],"소매기장":"7부소매","소재":["우븐"],"프린트":["무지"],"넥라인":"노카라","핏":"노멀"}],"하의":[{"기장":"발목","색상":"스카이블루","카테고리":"청바지","소재":["데님"],"프린트":["무지"],"핏":"스키니"}],"원피스":[{}],"상의":[{}]}},"파일 번호":207996,"파일 이름":"Forme_406_11_1.jpg"}}