{"이미지 정보":{"이미지 식별자":219703,"이미지 높이":800,"이미지 파일명":"Hanna_370_35.jpg","이미지 너비":800},"데이터셋 정보":{"파일 생성일자":"2020-09-07 03:46:17","데이터셋 상세설명":{"렉트좌표":{"아우터":[{}],"하의":[{}],"원피스":[{"X좌표":262.833,"Y좌표":0.166672,"가로":390,"세로":770}],"상의":[{}]},"폴리곤좌표":{"아우터":[{}],"하의":[{}],"원피스":[{"Y좌표9":771.333,"X좌표17":615.333,"X좌표16":652.667,"X좌표15":616.667,"X좌표14":588.667,"X좌표13":654.0,"X좌표12":640.667,"X좌표11":627.333,"Y좌표4":727.333,"X좌표10":572.667,"Y좌표3":175.333,"Y좌표2":91.3333,"Y좌표1":7.33334,"Y좌표8":746.0,"Y좌표7":720.667,"Y좌표6":732.667,"Y좌표5":754.0,"Y좌표15":202.0,"Y좌표14":214.0,"X좌표8":456.667,"Y좌표17":0.666672,"X좌표9":500.667,"Y좌표16":166.0,"Y좌표11":740.667,"Y좌표10":764.667,"Y좌표13":667.333,"Y좌표12":698.0,"X좌표2":263.333,"X좌표3":310.0,"X좌표1":283.333,"X좌표6":402.0,"X좌표7":455.333,"X좌표4":310.0,"X좌표5":344.667}],"상의":[{}]},"라벨링":{"스타일":[{"스타일":"컨트리"}],"아우터":[{}],"하의":[{}],"원피스":[{"기장":"발목","색상":"블랙","서브색상":"브라운","카테고리":"드레스","디테일":["플리츠"],"소매기장":"긴팔","소재":["저지","우븐"],"넥라인":"라운드넥","핏":"루즈"}],"상의":[{}]}},"파일 번호":219703,"파일 이름":"Hanna_370_35.jpg"}}