{"이미지 정보":{"이미지 식별자":242454,"이미지 높이":800,"이미지 파일명":"Mademoon_242_01.jpg","이미지 너비":800},"데이터셋 정보":{"파일 생성일자":"2020-09-08 10:51:54","데이터셋 상세설명":{"렉트좌표":{"아우터":[{"X좌표":205.143,"Y좌표":-0.460937,"가로":316,"세로":549}],"하의":[{}],"원피스":[{}],"상의":[{}]},"폴리곤좌표":{"아우터":[{"X좌표34":419.645,"X좌표33":371.644,"X좌표32":344.644,"X좌표31":346.644,"X좌표30":304.644,"X좌표8":494.645,"X좌표9":475.645,"Y좌표33":5.03911,"Y좌표32":38.0394,"Y좌표34":0.0390629,"Y좌표31":3.03909,"Y좌표30":3.03909,"X좌표2":442.645,"X좌표3":478.645,"X좌표1":416.645,"X좌표6":521.646,"X좌표7":499.646,"X좌표4":493.645,"X좌표5":514.646,"Y좌표26":195.041,"Y좌표25":267.042,"Y좌표28":119.04,"Y좌표9":210.041,"Y좌표27":177.041,"Y좌표22":305.042,"Y좌표21":465.044,"Y좌표24":290.042,"Y좌표23":254.042,"Y좌표20":510.044,"X좌표19":275.643,"X좌표18":325.644,"X좌표17":337.644,"X좌표16":377.644,"X좌표15":439.645,"X좌표14":475.645,"X좌표13":461.645,"X좌표12":458.645,"X좌표11":433.645,"Y좌표4":86.0399,"X좌표10":430.645,"Y좌표3":23.0393,"Y좌표2":11.0392,"Y좌표1":2.03908,"Y좌표8":216.041,"Y좌표7":180.041,"Y좌표29":17.0392,"Y좌표6":153.041,"Y좌표5":119.04,"Y좌표15":531.044,"Y좌표14":504.044,"Y좌표17":537.044,"Y좌표16":531.044,"Y좌표11":212.041,"Y좌표10":192.041,"Y좌표13":360.043,"Y좌표12":312.042,"X좌표29":265.643,"X좌표28":248.643,"X좌표27":251.643,"X좌표26":239.643,"X좌표25":217.643,"X좌표24":220.643,"X좌표23":250.643,"X좌표22":238.643,"X좌표21":205.643,"X좌표20":232.643,"Y좌표19":530.044,"Y좌표18":549.044}],"하의":[{}],"원피스":[{}],"상의":[{}]},"라벨링":{"스타일":[{"스타일":"클래식","서브스타일":"모던"}],"아우터":[{"기장":"하프","색상":"카키","카테고리":"코트","옷깃":"테일러드칼라","디테일":["더블브레스티드"],"소매기장":"긴팔","소재":["우븐"],"프린트":["무지"],"넥라인":"브이넥","핏":"노멀"}],"하의":[{}],"원피스":[{}],"상의":[{}]}},"파일 번호":242454,"파일 이름":"Mademoon_242_01.jpg"}}