{"이미지 정보":{"이미지 식별자":244174,"이미지 높이":800,"이미지 파일명":"Mademoon_311_50.jpg","이미지 너비":800},"데이터셋 정보":{"파일 생성일자":"2020-09-08 10:58:46","데이터셋 상세설명":{"렉트좌표":{"아우터":[{"X좌표":192.88,"Y좌표":7.11725,"가로":445,"세로":767}],"하의":[{}],"원피스":[{}],"상의":[{}]},"폴리곤좌표":{"아우터":[{"Y좌표44":7.61725,"Y좌표43":23.6129,"Y좌표45":18.7275,"Y좌표40":120.06,"Y좌표42":49.6157,"Y좌표41":80.1099,"X좌표39":610.848,"X좌표38":630.547,"X좌표37":627.553,"X좌표36":615.575,"X좌표35":619.752,"X좌표34":638.978,"X좌표33":628.892,"X좌표32":633.384,"X좌표31":589.651,"X좌표30":561.442,"Y좌표37":289.708,"Y좌표36":301.843,"X좌표8":296.683,"Y좌표39":175.138,"X좌표9":282.185,"Y좌표38":252.91,"Y좌표33":365.589,"Y좌표32":362.753,"Y좌표35":320.518,"Y좌표34":340.69,"Y좌표31":370.711,"Y좌표30":374.099,"X좌표45":403.217,"X좌표44":490.524,"X좌표2":322.844,"X좌표43":530.396,"X좌표3":310.788,"X좌표42":566.248,"X좌표41":593.039,"X좌표1":405.423,"X좌표40":608.247,"X좌표6":309.37,"X좌표7":297.156,"X좌표4":292.98,"X좌표5":295.423,"Y좌표26":585.825,"Y좌표25":640.983,"Y좌표28":498.204,"Y좌표9":299.637,"Y좌표27":535.632,"Y좌표22":742.551,"Y좌표21":762.644,"Y좌표24":685.818,"Y좌표23":719.07,"Y좌표20":771.391,"X좌표19":422.207,"X좌표18":275.802,"X좌표17":227.263,"X좌표16":225.057,"X좌표15":193.38,"X좌표14":223.087,"X좌표13":253.266,"X좌표12":280.688,"X좌표11":290.301,"Y좌표4":199.959,"X좌표10":275.014,"Y좌표3":131.8,"Y좌표2":62.6959,"Y좌표1":19.5943,"Y좌표8":280.962,"Y좌표7":256.299,"Y좌표29":408.612,"Y좌표6":218.792,"Y좌표5":216.034,"Y좌표15":686.212,"Y좌표14":592.681,"Y좌표17":737.981,"Y좌표16":718.833,"Y좌표11":339.035,"Y좌표10":324.3,"Y좌표13":497.022,"Y좌표12":384.973,"X좌표29":574.837,"X좌표28":582.402,"X좌표27":580.826,"X좌표26":592.094,"X좌표25":595.876,"X좌표24":601.707,"X좌표23":612.502,"X좌표22":610.454,"X좌표21":576.728,"X좌표20":493.755,"Y좌표19":775.409,"Y좌표18":774.858}],"하의":[{}],"원피스":[{}],"상의":[{}]},"라벨링":{"스타일":[{"스타일":"클래식"}],"아우터":[{"기장":"맥시","색상":"베이지","카테고리":"재킷","옷깃":"테일러드칼라","디테일":["띠","버클","싱글브레스티드"],"소매기장":"7부소매","소재":["우븐"],"프린트":["무지"],"핏":"루즈"}],"하의":[{}],"원피스":[{}],"상의":[{}]}},"파일 번호":244174,"파일 이름":"Mademoon_311_50.jpg"}}