{"이미지 정보":{"이미지 식별자":250559,"이미지 높이":800,"이미지 파일명":"Moda_236_30.jpg","이미지 너비":800},"데이터셋 정보":{"파일 생성일자":"2020-09-08 11:25:10","데이터셋 상세설명":{"렉트좌표":{"아우터":[{}],"하의":[{"X좌표":229.501,"Y좌표":-1.48376,"가로":312,"세로":779}],"원피스":[{}],"상의":[{}]},"폴리곤좌표":{"아우터":[{}],"하의":[{"Y좌표9":773.532,"X좌표14":262.98,"X좌표13":439.869,"X좌표12":494.835,"X좌표11":520.819,"Y좌표4":766.536,"X좌표10":542.805,"Y좌표3":301.827,"Y좌표2":120.94,"Y좌표1":3.01374,"Y좌표8":695.581,"Y좌표7":551.671,"Y좌표6":750.546,"Y좌표5":778.529,"Y좌표14":-0.98376,"X좌표8":424.879,"X좌표9":423.879,"Y좌표11":428.747,"Y좌표10":773.532,"Y좌표13":4.01311,"Y좌표12":221.877,"X좌표2":254.985,"X좌표3":230.001,"X좌표1":262.98,"X좌표6":378.908,"X좌표7":379.907,"X좌표4":249.988,"X좌표5":318.945}],"원피스":[{}],"상의":[{}]},"라벨링":{"스타일":[{"스타일":"리조트","서브스타일":"스트리트"}],"아우터":[{}],"하의":[{"색상":"네이비"}],"원피스":[{"기장":"발목","카테고리":"점프수트","소재":["린넨"],"프린트":["무지"],"핏":"루즈"}],"상의":[{"카테고리":"후드티","디테일":["프릴"],"소재":["우븐"],"프린트":["무지"],"넥라인":"라운드넥","핏":"노멀"}]}},"파일 번호":250559,"파일 이름":"Moda_236_30.jpg"}}