{"이미지 정보":{"이미지 식별자":251973,"이미지 높이":800,"이미지 파일명":"Moda_286_03.jpg","이미지 너비":800},"데이터셋 정보":{"파일 생성일자":"2020-09-08 11:30:55","데이터셋 상세설명":{"렉트좌표":{"아우터":[{}],"하의":[{}],"원피스":[{}],"상의":[{"X좌표":119.295,"Y좌표":2.50694,"가로":524,"세로":626}]},"폴리곤좌표":{"아우터":[{}],"하의":[{}],"원피스":[{}],"상의":[{"X좌표39":275.795,"X좌표38":290.795,"X좌표37":312.795,"X좌표36":332.795,"X좌표35":363.795,"X좌표34":367.795,"X좌표33":367.795,"X좌표32":368.795,"X좌표31":372.795,"X좌표30":379.795,"X좌표49":152.795,"X좌표48":133.795,"X좌표47":123.795,"X좌표46":119.795,"X좌표45":123.795,"X좌표44":130.795,"X좌표43":158.795,"X좌표42":203.795,"X좌표41":218.795,"X좌표40":256.795,"Y좌표26":574.007,"Y좌표25":594.007,"Y좌표28":607.007,"Y좌표27":598.007,"Y좌표22":342.007,"Y좌표21":338.007,"Y좌표24":579.007,"Y좌표23":346.007,"Y좌표20":362.007,"X좌표59":280.795,"X좌표58":254.795,"X좌표57":236.795,"X좌표56":219.795,"X좌표55":214.795,"X좌표54":212.795,"X좌표53":203.795,"X좌표52":194.795,"X좌표51":188.795,"X좌표50":159.795,"Y좌표29":624.007,"Y좌표15":339.007,"Y좌표14":299.007,"Y좌표17":402.007,"Y좌표16":380.007,"Y좌표11":171.007,"Y좌표10":91.0069,"Y좌표13":266.007,"Y좌표12":233.007,"X좌표62":366.795,"Y좌표19":398.007,"X좌표61":334.795,"Y좌표18":402.007,"X좌표60":323.795,"Y좌표48":220.007,"Y좌표47":226.007,"Y좌표49":214.007,"Y좌표44":346.007,"Y좌표43":371.007,"Y좌표46":257.007,"Y좌표45":296.007,"Y좌표40":331.007,"Y좌표42":372.007,"Y좌표41":359.007,"Y좌표37":350.007,"Y좌표36":352.007,"X좌표8":584.795,"Y좌표39":309.007,"X좌표9":610.795,"Y좌표38":338.007,"Y좌표33":506.007,"Y좌표32":554.007,"Y좌표35":353.007,"Y좌표34":447.007,"Y좌표31":622.007,"Y좌표30":630.007,"X좌표2":408.795,"X좌표3":433.795,"X좌표1":396.795,"X좌표6":508.795,"X좌표7":555.795,"X좌표4":448.795,"X좌표5":473.795,"Y좌표9":51.0069,"Y좌표62":10.0069,"Y좌표61":24.0069,"Y좌표60":23.0069,"X좌표19":566.795,"X좌표18":585.795,"X좌표17":622.795,"X좌표16":640.795,"X좌표15":644.795,"X좌표14":639.795,"X좌표13":632.795,"X좌표12":636.795,"X좌표11":642.795,"Y좌표4":3.00694,"X좌표10":628.795,"Y좌표3":11.0069,"Y좌표2":27.0069,"Y좌표1":12.0069,"Y좌표8":32.0069,"Y좌표7":29.0069,"Y좌표6":19.0069,"Y좌표5":4.00694,"Y좌표59":21.0069,"Y좌표58":29.0069,"Y좌표55":83.0069,"Y좌표54":111.007,"Y좌표57":39.0069,"Y좌표56":66.0069,"Y좌표51":178.007,"Y좌표50":204.007,"Y좌표53":148.007,"Y좌표52":164.007,"X좌표29":393.795,"X좌표28":408.795,"X좌표27":430.795,"X좌표26":429.795,"X좌표25":452.795,"X좌표24":462.795,"X좌표23":473.795,"X좌표22":496.795,"X좌표21":543.795,"X좌표20":549.795}]},"라벨링":{"스타일":[{"스타일":"페미닌","서브스타일":"소피스트케이티드"}],"아우터":[{}],"하의":[{"기장":"미니","카테고리":"스커트","소재":["저지"],"프린트":["무지"],"핏":"노멀"}],"원피스":[{}],"상의":[{"색상":"화이트","카테고리":"블라우스","옷깃":"보우칼라","디테일":["셔링","퍼프"],"소매기장":"긴팔","소재":["우븐"],"프린트":["무지"],"핏":"노멀"}]}},"파일 번호":251973,"파일 이름":"Moda_286_03.jpg"}}