{"이미지 정보":{"이미지 식별자":252013,"이미지 높이":800,"이미지 파일명":"Moda_287_02.jpg","이미지 너비":800},"데이터셋 정보":{"파일 생성일자":"2020-09-08 11:31:05","데이터셋 상세설명":{"렉트좌표":{"아우터":[{"X좌표":170.295,"Y좌표":1.50694,"가로":427,"세로":754}],"하의":[{}],"원피스":[{}],"상의":[{}]},"폴리곤좌표":{"아우터":[{"Y좌표40":8.00694,"X좌표39":306.795,"X좌표38":279.795,"X좌표37":253.795,"X좌표36":238.795,"X좌표35":230.795,"X좌표34":218.795,"X좌표33":196.795,"X좌표32":170.795,"X좌표31":174.795,"X좌표30":205.795,"Y좌표37":17.0069,"Y좌표36":44.0069,"X좌표8":577.795,"Y좌표39":3.00694,"X좌표9":559.795,"Y좌표38":4.00694,"Y좌표33":139.007,"Y좌표32":168.007,"Y좌표35":78.0069,"Y좌표34":112.007,"Y좌표31":217.007,"Y좌표30":266.007,"X좌표2":440.795,"X좌표3":460.795,"X좌표1":370.795,"X좌표40":367.795,"X좌표6":520.795,"X좌표7":562.795,"X좌표4":456.795,"X좌표5":480.795,"Y좌표26":344.007,"Y좌표25":551.007,"Y좌표28":274.007,"Y좌표9":111.007,"Y좌표27":274.007,"Y좌표22":757.007,"Y좌표21":753.007,"Y좌표24":756.007,"Y좌표23":757.007,"Y좌표20":749.007,"X좌표19":527.795,"X좌표18":568.795,"X좌표17":583.795,"X좌표16":598.795,"X좌표15":577.795,"X좌표14":562.795,"X좌표13":522.795,"X좌표12":544.795,"X좌표11":566.795,"Y좌표4":6.00694,"X좌표10":577.795,"Y좌표3":27.0069,"Y좌표2":114.007,"Y좌표1":11.0069,"Y좌표8":58.0069,"Y좌표7":24.0069,"Y좌표29":277.007,"Y좌표6":9.00694,"Y좌표5":2.00694,"Y좌표15":587.007,"Y좌표14":461.007,"Y좌표17":716.007,"Y좌표16":671.007,"Y좌표11":259.007,"Y좌표10":211.007,"Y좌표13":293.007,"Y좌표12":279.007,"X좌표29":240.795,"X좌표28":272.795,"X좌표27":316.795,"X좌표26":287.795,"X좌표25":278.795,"X좌표24":265.795,"X좌표23":303.795,"X좌표22":360.795,"X좌표21":413.795,"X좌표20":467.795,"Y좌표19":747.007,"Y좌표18":739.007}],"하의":[{}],"원피스":[{}],"상의":[{}]},"라벨링":{"스타일":[{"스타일":"페미닌"}],"아우터":[{"기장":"롱","색상":"실버","서브색상":"화이트","카테고리":"패딩","디테일":["퍼트리밍","띠"],"소매기장":"긴팔","소재":["패딩"],"프린트":["무지"],"핏":"노멀"}],"하의":[{}],"원피스":[{}],"상의":[{}]}},"파일 번호":252013,"파일 이름":"Moda_287_02.jpg"}}