{"이미지 정보":{"이미지 식별자":268849,"이미지 높이":800,"이미지 파일명":"Mimo_002_04.jpg","이미지 너비":800},"데이터셋 정보":{"파일 생성일자":"2020-09-09 01:53:37","데이터셋 상세설명":{"렉트좌표":{"아우터":[{"X좌표":243.803,"Y좌표":-0.460991,"가로":326,"세로":583}],"하의":[{}],"원피스":[{}],"상의":[{}]},"폴리곤좌표":{"아우터":[{"Y좌표9":544.287,"Y좌표21":0.0,"Y좌표20":0.0390086,"X좌표19":439.034,"X좌표18":451.018,"X좌표17":510.935,"X좌표16":570.852,"X좌표15":559.867,"X좌표14":510.935,"X좌표13":514.93,"X좌표12":549.881,"X좌표11":531.906,"Y좌표4":314.605,"X좌표10":499.95,"Y좌표3":53.9645,"Y좌표2":41.9811,"Y좌표1":5.03211,"Y좌표8":562.263,"Y좌표7":583.234,"Y좌표6":551.278,"Y좌표5":311.609,"Y좌표15":298.627,"Y좌표14":311.609,"X좌표8":409.076,"Y좌표17":40.9825,"X좌표9":483.972,"Y좌표16":284.646,"Y좌표11":524.315,"Y좌표10":508.337,"Y좌표13":364.536,"Y좌표12":493.358,"X좌표2":329.186,"X좌표21":0.0,"X좌표3":281.252,"X좌표20":367.134,"X좌표1":365.136,"X좌표6":253.291,"Y좌표19":2.03625,"X좌표7":394.096,"Y좌표18":21.01,"X좌표4":244.303,"X좌표5":280.254}],"하의":[{}],"원피스":[{}],"상의":[{}]},"라벨링":{"스타일":[{"스타일":"스트리트","서브스타일":"젠더리스"}],"아우터":[{"기장":"롱","색상":"실버","카테고리":"점퍼","소매기장":"7부소매","소재":["우븐"],"프린트":["무지"],"핏":"루즈"}],"하의":[{}],"원피스":[{}],"상의":[{}]}},"파일 번호":268849,"파일 이름":"Mimo_002_04.jpg"}}