{"이미지 정보":{"이미지 식별자":274830,"이미지 높이":800,"이미지 파일명":"MUN_757_09.jpg","이미지 너비":800},"데이터셋 정보":{"파일 생성일자":"2020-09-09 02:17:38","데이터셋 상세설명":{"렉트좌표":{"아우터":[{}],"하의":[{"X좌표":325.933,"Y좌표":265.5,"가로":176,"세로":444}],"원피스":[{}],"상의":[{"X좌표":272.933,"Y좌표":5.49999,"가로":263,"세로":416}]},"폴리곤좌표":{"아우터":[{}],"하의":[{"Y좌표9":703.0,"Y좌표22":396.0,"Y좌표21":477.0,"Y좌표24":269.0,"Y좌표23":318.0,"Y좌표20":554.0,"X좌표19":377.433,"X좌표18":408.433,"X좌표17":408.433,"X좌표16":398.433,"X좌표15":390.433,"X좌표14":410.433,"X좌표13":413.433,"X좌표12":416.433,"X좌표11":422.433,"Y좌표4":338.0,"X좌표10":431.433,"Y좌표3":267.0,"Y좌표2":270.0,"Y좌표1":266.0,"Y좌표8":711.0,"Y좌표7":593.0,"Y좌표6":493.0,"Y좌표5":439.0,"Y좌표15":385.0,"Y좌표14":344.0,"X좌표8":487.433,"Y좌표17":546.0,"X좌표9":419.433,"Y좌표16":460.0,"Y좌표11":520.0,"Y좌표10":613.0,"Y좌표13":406.0,"Y좌표12":479.0,"X좌표24":353.433,"X좌표23":326.433,"X좌표22":329.433,"X좌표2":422.433,"X좌표21":345.433,"X좌표3":485.433,"X좌표20":343.433,"X좌표1":349.433,"X좌표6":476.433,"Y좌표19":671.0,"X좌표7":483.433,"Y좌표18":669.0,"X좌표4":503.433,"X좌표5":485.433}],"원피스":[{}],"상의":[{"Y좌표9":205.0,"Y좌표21":21.0,"Y좌표20":52.0,"X좌표19":296.433,"X좌표18":290.433,"X좌표17":273.433,"X좌표16":273.433,"X좌표15":313.433,"X좌표14":309.433,"X좌표13":338.433,"X좌표12":396.433,"X좌표11":488.433,"Y좌표4":68.0,"X좌표10":520.433,"Y좌표3":128.0,"Y좌표2":96.0,"Y좌표1":23.0,"Y좌표8":186.0,"Y좌표7":120.0,"Y좌표6":17.0,"Y좌표5":5.99999,"Y좌표15":310.0,"Y좌표14":408.0,"X좌표8":537.433,"Y좌표17":230.0,"X좌표9":526.433,"Y좌표16":309.0,"Y좌표11":423.0,"Y좌표10":327.0,"Y좌표13":410.0,"Y좌표12":413.0,"X좌표2":370.433,"X좌표21":349.433,"X좌표3":405.433,"X좌표20":310.433,"X좌표1":359.433,"X좌표6":495.433,"Y좌표19":102.0,"X좌표7":529.433,"Y좌표18":164.0,"X좌표4":424.433,"X좌표5":460.433}]},"라벨링":{"스타일":[{"스타일":"컨트리","서브스타일":"모던"}],"아우터":[{}],"하의":[{"기장":"발목","색상":"화이트","카테고리":"팬츠","소재":["데님"],"프린트":["무지"],"핏":"스키니"}],"원피스":[{}],"상의":[{"기장":"롱","색상":"브라운","카테고리":"니트웨어","디테일":["드롭숄더"],"소매기장":"긴팔","소재":["니트"],"프린트":["무지"],"넥라인":"브이넥","핏":"오버사이즈"}]}},"파일 번호":274830,"파일 이름":"MUN_757_09.jpg"}}