{"이미지 정보":{"이미지 식별자":278026,"이미지 높이":800,"이미지 파일명":"MUN_964_09.jpg","이미지 너비":800},"데이터셋 정보":{"파일 생성일자":"2020-09-09 02:30:32","데이터셋 상세설명":{"렉트좌표":{"아우터":[{"X좌표":217.985,"Y좌표":9.6413,"가로":296,"세로":447}],"하의":[{}],"원피스":[{"X좌표":172.5,"Y좌표":2.51562,"가로":366,"세로":792}],"상의":[{}]},"폴리곤좌표":{"아우터":[{"X좌표8":499.178,"X좌표9":480.902,"X좌표2":399.292,"X좌표3":404.464,"X좌표1":360.901,"X좌표6":514.581,"X좌표7":498.373,"X좌표4":443.2,"X좌표5":503.316,"Y좌표26":13.7049,"Y좌표25":23.1314,"Y좌표9":432.033,"Y좌표27":66.2403,"Y좌표22":145.101,"Y좌표21":222.007,"Y좌표24":35.087,"Y좌표23":81.6445,"Y좌표20":300.867,"X좌표19":223.888,"X좌표18":240.899,"X좌표17":279.406,"X좌표16":326.073,"X좌표15":343.889,"X좌표14":357.797,"X좌표13":373.659,"X좌표12":391.706,"X좌표11":404.924,"Y좌표4":10.1413,"X좌표10":429.752,"Y좌표3":23.1314,"Y좌표2":50.6061,"Y좌표1":60.8373,"Y좌표8":368.232,"Y좌표7":198.096,"Y좌표6":104.176,"Y좌표5":38.1908,"Y좌표15":400.19,"Y좌표14":299.488,"Y좌표17":446.288,"Y좌표16":458.014,"Y좌표11":418.583,"Y좌표10":446.403,"Y좌표13":229.939,"Y좌표12":313.283,"X좌표27":360.901,"X좌표26":311.36,"X좌표25":269.405,"X좌표24":223.888,"X좌표23":219.175,"X좌표22":218.485,"X좌표21":228.256,"X좌표20":233.543,"Y좌표19":356.507,"Y좌표18":409.387}],"하의":[{}],"원피스":[{"X좌표39":330.0,"X좌표38":277.0,"X좌표37":245.0,"X좌표36":237.0,"X좌표35":247.0,"X좌표34":363.0,"X좌표33":368.0,"X좌표32":430.0,"X좌표31":483.0,"X좌표30":522.0,"X좌표49":245.0,"X좌표48":230.0,"X좌표47":232.0,"X좌표46":246.0,"X좌표45":292.0,"X좌표44":331.0,"X좌표43":333.0,"X좌표42":373.0,"X좌표41":370.0,"X좌표40":353.0,"Y좌표26":312.016,"Y좌표25":168.016,"Y좌표28":406.016,"Y좌표27":428.016,"Y좌표22":26.0156,"Y좌표21":44.0156,"Y좌표24":91.0156,"Y좌표23":71.0156,"Y좌표20":103.016,"X좌표58":233.0,"X좌표57":217.0,"X좌표56":217.0,"X좌표55":201.0,"X좌표54":183.0,"X좌표53":173.0,"X좌표52":203.0,"X좌표51":243.0,"X좌표50":236.0,"Y좌표29":512.016,"Y좌표15":439.016,"Y좌표14":417.016,"Y좌표17":361.016,"Y좌표16":426.016,"Y좌표11":42.0156,"Y좌표10":26.0156,"Y좌표13":399.016,"Y좌표12":163.016,"Y좌표19":148.016,"Y좌표18":268.016,"Y좌표48":93.2656,"Y좌표47":39.2656,"Y좌표49":322.266,"Y좌표44":25.2656,"Y좌표43":77.2656,"Y좌표46":34.2656,"Y좌표45":20.2656,"Y좌표40":264.266,"Y좌표42":90.2656,"Y좌표41":169.266,"Y좌표37":398.266,"Y좌표36":500.266,"X좌표8":408.0,"Y좌표39":433.266,"X좌표9":412.0,"Y좌표38":428.266,"Y좌표33":779.266,"Y좌표32":774.266,"Y좌표35":790.266,"Y좌표34":795.266,"Y좌표31":787.266,"Y좌표30":754.266,"X좌표2":420.0,"X좌표3":408.0,"X좌표1":411.0,"X좌표6":332.0,"X좌표7":370.0,"X좌표4":375.0,"X좌표5":335.0,"Y좌표9":3.01562,"X좌표19":493.0,"X좌표18":492.0,"X좌표17":485.0,"X좌표16":476.0,"X좌표15":511.0,"X좌표14":521.0,"X좌표13":540.0,"X좌표12":521.0,"X좌표11":502.0,"Y좌표4":89.0156,"X좌표10":422.0,"Y좌표3":69.0156,"Y좌표2":27.0156,"Y좌표1":4.01562,"Y좌표8":23.0156,"Y좌표7":48.0156,"Y좌표6":21.0156,"Y좌표5":78.0156,"Y좌표58":39.2656,"Y좌표55":197.266,"Y좌표54":372.266,"Y좌표57":62.2656,"Y좌표56":85.2656,"Y좌표51":442.266,"Y좌표50":383.266,"Y좌표53":405.266,"Y좌표52":449.266,"X좌표29":486.0,"X좌표28":476.0,"X좌표27":413.0,"X좌표26":396.0,"X좌표25":371.0,"X좌표24":378.0,"X좌표23":408.0,"X좌표22":423.0,"X좌표21":503.0,"X좌표20":497.0}],"상의":[{}]},"라벨링":{"스타일":[{"스타일":"로맨틱","서브스타일":"웨스턴"}],"아우터":[{"기장":"노말","색상":"블랙","카테고리":"베스트","소매기장":"민소매","소재":["가죽"],"넥라인":"라운드넥","핏":"노멀"}],"하의":[{}],"원피스":[{"기장":"미디","색상":"화이트","카테고리":"드레스","옷깃":"차이나칼라","디테일":["플레어"],"소매기장":"긴팔","소재":["시폰"],"프린트":["플로럴"],"핏":"노멀"}],"상의":[{}]}},"파일 번호":278026,"파일 이름":"MUN_964_09.jpg"}}