{"이미지 정보":{"이미지 식별자":300236,"이미지 높이":800,"이미지 파일명":"babyshu_056_05.jpg","이미지 너비":800},"데이터셋 정보":{"파일 생성일자":"2020-09-11 01:32:01","데이터셋 상세설명":{"렉트좌표":{"아우터":[{"X좌표":161.5,"Y좌표":5.50853,"가로":482,"세로":600}],"하의":[{}],"원피스":[{}],"상의":[{}]},"폴리곤좌표":{"아우터":[{"X좌표37":464.0,"X좌표36":554.0,"X좌표35":600.0,"X좌표34":620.0,"X좌표33":635.0,"X좌표32":645.0,"X좌표31":605.0,"X좌표30":563.0,"Y좌표37":6.00853,"Y좌표36":14.0085,"X좌표8":260.0,"X좌표9":243.0,"Y좌표33":251.009,"Y좌표32":288.009,"Y좌표35":75.0085,"Y좌표34":198.009,"Y좌표31":432.009,"Y좌표30":543.009,"X좌표2":413.0,"X좌표3":394.0,"X좌표1":463.0,"X좌표6":305.0,"X좌표7":302.0,"X좌표4":335.0,"X좌표5":311.0,"Y좌표26":583.009,"Y좌표25":568.009,"Y좌표28":607.009,"Y좌표9":291.009,"Y좌표27":598.009,"Y좌표22":494.009,"Y좌표21":465.009,"Y좌표24":545.009,"Y좌표23":536.009,"Y좌표20":464.009,"X좌표19":189.0,"X좌표18":162.0,"X좌표17":170.0,"X좌표16":189.0,"X좌표15":209.0,"X좌표14":189.0,"X좌표13":164.0,"X좌표12":176.0,"X좌표11":215.0,"Y좌표4":145.009,"X좌표10":223.0,"Y좌표3":36.0085,"Y좌표2":30.0085,"Y좌표1":6.00853,"Y좌표8":283.009,"Y좌표7":255.009,"Y좌표29":562.009,"Y좌표6":229.009,"Y좌표5":195.009,"Y좌표15":343.009,"Y좌표14":326.009,"Y좌표17":398.009,"Y좌표16":352.009,"Y좌표11":286.009,"Y좌표10":285.009,"Y좌표13":336.009,"Y좌표12":281.009,"X좌표29":551.0,"X좌표28":521.0,"X좌표27":460.0,"X좌표26":378.0,"X좌표25":331.0,"X좌표24":277.0,"X좌표23":249.0,"X좌표22":253.0,"X좌표21":263.0,"X좌표20":255.0,"Y좌표19":479.009,"Y좌표18":464.009}],"하의":[{}],"원피스":[{}],"상의":[{}]},"라벨링":{"스타일":[{"스타일":"스트리트","서브스타일":"키치"}],"아우터":[{"기장":"노말","색상":"네이비","카테고리":"재킷","소매기장":"긴팔","소재":["데님"],"프린트":["무지"],"핏":"노멀"}],"하의":[{}],"원피스":[{"기장":"발목","카테고리":"점프수트","소재":["우븐"],"프린트":["무지"],"핏":"노멀"}],"상의":[{}]}},"파일 번호":300236,"파일 이름":"babyshu_056_05.jpg"}}