{"이미지 정보":{"이미지 식별자":30553,"이미지 높이":800,"이미지 파일명":"marsh_148_imgs.jpg","이미지 너비":800},"데이터셋 정보":{"파일 생성일자":"2020-08-07 02:10:44","데이터셋 상세설명":{"렉트좌표":{"아우터":[{"X좌표":2.39844,"Y좌표":2.5,"가로":785,"세로":650}],"하의":[{}],"원피스":[{}],"상의":[{"X좌표":125.658,"Y좌표":-1.49168,"가로":436,"세로":747}]},"폴리곤좌표":{"아우터":[{"Y좌표47":9.0,"Y좌표44":198.0,"Y좌표43":283.0,"Y좌표46":6.0,"Y좌표45":114.0,"Y좌표40":565.0,"Y좌표42":358.0,"Y좌표41":456.0,"X좌표39":126.898,"X좌표38":193.898,"X좌표37":234.898,"X좌표36":272.898,"X좌표35":298.898,"X좌표34":319.898,"X좌표33":372.898,"X좌표32":394.898,"X좌표31":409.898,"X좌표30":394.898,"Y좌표37":642.0,"Y좌표36":616.0,"X좌표8":464.898,"Y좌표39":609.0,"X좌표9":479.898,"Y좌표38":648.0,"Y좌표33":278.0,"Y좌표32":208.0,"Y좌표35":547.0,"Y좌표34":457.0,"Y좌표31":77.0,"Y좌표30":10.0,"X좌표47":392.898,"X좌표46":15.8984,"X좌표45":2.89844,"X좌표44":34.8984,"X좌표2":476.898,"X좌표43":88.8984,"X좌표3":479.898,"X좌표42":118.898,"X좌표41":104.898,"X좌표1":463.898,"X좌표40":112.898,"X좌표6":511.898,"X좌표7":483.898,"X좌표4":498.898,"X좌표5":509.898,"Y좌표26":7.0,"Y좌표25":31.0,"Y좌표28":5.0,"Y좌표9":551.0,"Y좌표27":3.0,"Y좌표22":266.0,"Y좌표21":346.0,"Y좌표24":81.0,"Y좌표23":145.0,"Y좌표20":432.0,"X좌표19":779.898,"X좌표18":744.898,"X좌표17":682.898,"X좌표16":641.898,"X좌표15":625.898,"X좌표14":610.898,"X좌표13":620.898,"X좌표12":581.898,"X좌표11":548.898,"Y좌표4":258.0,"X좌표10":520.898,"Y좌표3":170.0,"Y좌표2":102.0,"Y좌표1":25.0,"Y좌표8":521.0,"Y좌표7":458.0,"Y좌표29":9.0,"Y좌표6":384.0,"Y좌표5":332.0,"Y좌표15":563.0,"Y좌표14":590.0,"Y좌표17":519.0,"Y좌표16":521.0,"Y좌표11":641.0,"Y좌표10":572.0,"Y좌표13":646.0,"Y좌표12":653.0,"X좌표29":453.898,"X좌표28":484.898,"X좌표27":535.898,"X좌표26":651.898,"X좌표25":677.898,"X좌표24":736.898,"X좌표23":761.898,"X좌표22":784.898,"X좌표21":787.898,"X좌표20":787.898,"Y좌표19":481.0,"Y좌표18":510.0}],"하의":[{}],"원피스":[{}],"상의":[{"X좌표33":345.852,"X좌표32":562.551,"X좌표31":507.627,"X좌표30":510.623,"X좌표8":309.902,"X좌표9":270.956,"Y좌표33":1.00554,"Y좌표32":-0.991678,"Y좌표31":17.9819,"Y좌표30":49.9375,"X좌표2":344.854,"X좌표3":397.78,"X좌표1":343.855,"X좌표6":356.837,"X좌표7":332.87,"X좌표4":399.777,"X좌표5":389.791,"Y좌표26":338.536,"Y좌표25":398.453,"Y좌표28":211.712,"Y좌표9":563.224,"Y좌표27":270.631,"Y좌표22":507.301,"Y좌표21":552.239,"Y좌표24":435.401,"Y좌표23":478.342,"Y좌표20":617.149,"X좌표19":453.702,"X좌표18":424.743,"X좌표17":377.808,"X좌표16":296.92,"X좌표15":218.03,"X좌표14":130.152,"X좌표13":126.158,"X좌표12":176.088,"X좌표11":217.031,"Y좌표4":89.8819,"X좌표10":234.008,"Y좌표3":37.9542,"Y좌표2":23.9736,"Y좌표1":-0.991678,"Y좌표8":456.372,"Y좌표7":340.533,"Y좌표29":123.835,"Y좌표6":258.647,"Y좌표5":150.797,"Y좌표15":746.968,"Y좌표14":720.005,"Y좌표17":710.019,"Y좌표16":731.989,"Y좌표11":627.135,"Y좌표10":609.16,"Y좌표13":598.175,"Y좌표12":588.189,"X좌표29":516.615,"X좌표28":530.595,"X좌표27":530.595,"X좌표26":532.593,"X좌표25":526.601,"X좌표24":517.613,"X좌표23":502.634,"X좌표22":493.647,"X좌표21":483.661,"X좌표20":483.661,"Y좌표19":663.085,"Y좌표18":695.04}]},"라벨링":{"스타일":[{"스타일":"스트리트"}],"아우터":[{"기장":"노말","색상":"카키","카테고리":"점퍼","디테일":["포켓","셔링"],"소매기장":"긴팔","소재":["우븐"],"넥라인":"노카라","핏":"루즈"}],"하의":[{"색상":"네이비"}],"원피스":[{}],"상의":[{"기장":"노멀","색상":"화이트","카테고리":"후드티","소매기장":"긴팔","소재":["니트"],"프린트":["그래픽"],"넥라인":"후드","핏":"노멀"}]}},"파일 번호":30553,"파일 이름":"marsh_148_imgs.jpg"}}