{"이미지 정보":{"이미지 식별자":305854,"이미지 높이":800,"이미지 파일명":"Blondie_122_11.jpg","이미지 너비":800},"데이터셋 정보":{"파일 생성일자":"2020-09-11 01:55:12","데이터셋 상세설명":{"렉트좌표":{"아우터":[{"X좌표":264.504,"Y좌표":0.503792,"가로":301,"세로":589}],"하의":[{}],"원피스":[{}],"상의":[{}]},"폴리곤좌표":{"아우터":[{"Y좌표80":5.00379,"Y좌표82":1.00379,"Y좌표81":1.00379,"X좌표39":404.004,"X좌표38":409.004,"X좌표37":423.004,"X좌표36":435.004,"X좌표35":446.004,"X좌표34":464.004,"X좌표33":493.004,"X좌표32":513.004,"X좌표31":529.004,"X좌표30":541.004,"Y좌표77":13.0038,"Y좌표76":15.0038,"Y좌표79":12.0038,"Y좌표78":13.0038,"Y좌표73":33.0038,"Y좌표72":50.0038,"Y좌표75":5.00379,"Y좌표74":15.0038,"Y좌표71":50.0038,"Y좌표70":58.0038,"X좌표49":315.004,"X좌표48":310.004,"X좌표47":312.004,"X좌표46":315.004,"X좌표45":326.004,"X좌표44":342.004,"X좌표43":357.004,"X좌표42":385.004,"X좌표41":396.004,"X좌표40":400.004,"Y좌표26":438.004,"Y좌표25":415.004,"Y좌표28":502.004,"Y좌표27":464.004,"Y좌표22":360.004,"Y좌표21":362.004,"Y좌표24":390.004,"Y좌표23":362.004,"Y좌표20":361.004,"X좌표59":268.004,"X좌표58":274.004,"X좌표57":281.004,"X좌표56":278.004,"X좌표55":291.004,"X좌표54":311.004,"X좌표53":313.004,"X좌표52":315.004,"X좌표51":321.004,"X좌표50":318.004,"Y좌표29":539.004,"Y좌표15":324.004,"Y좌표14":317.004,"Y좌표17":334.004,"Y좌표16":331.004,"Y좌표11":239.004,"Y좌표10":205.004,"Y좌표13":301.004,"Y좌표12":272.004,"X좌표69":328.004,"X좌표68":313.004,"X좌표67":303.004,"X좌표66":288.004,"X좌표65":275.004,"X좌표64":272.004,"X좌표63":270.004,"X좌표62":265.004,"Y좌표19":358.004,"X좌표61":266.004,"Y좌표18":341.004,"X좌표60":265.004,"Y좌표48":460.004,"Y좌표47":521.004,"Y좌표49":394.004,"Y좌표44":570.004,"Y좌표43":574.004,"Y좌표46":569.004,"Y좌표45":569.004,"Y좌표40":586.004,"Y좌표42":587.004,"Y좌표41":590.004,"X좌표79":425.004,"X좌표78":414.004,"X좌표77":400.004,"X좌표76":389.004,"X좌표75":377.004,"X좌표74":372.004,"X좌표73":370.004,"X좌표72":366.004,"X좌표71":364.004,"X좌표70":345.004,"Y좌표37":585.004,"Y좌표36":581.004,"X좌표8":543.004,"Y좌표39":588.004,"X좌표9":552.004,"Y좌표38":588.004,"Y좌표33":572.004,"Y좌표32":572.004,"Y좌표35":578.004,"Y좌표34":574.004,"Y좌표31":570.004,"Y좌표30":564.004,"X좌표2":455.004,"X좌표3":457.004,"X좌표1":446.004,"X좌표6":509.004,"X좌표7":528.004,"X좌표82":443.004,"X좌표4":468.004,"X좌표81":443.004,"X좌표5":491.004,"X좌표80":439.004,"Y좌표69":71.0038,"Y좌표9":162.004,"Y좌표66":161.004,"Y좌표65":205.004,"Y좌표68":93.0038,"Y좌표67":121.004,"Y좌표62":277.004,"Y좌표61":303.004,"Y좌표64":239.004,"Y좌표63":262.004,"Y좌표60":320.004,"X좌표19":543.004,"X좌표18":542.004,"X좌표17":545.004,"X좌표16":552.004,"X좌표15":557.004,"X좌표14":565.004,"X좌표13":565.004,"X좌표12":566.004,"X좌표11":563.004,"Y좌표4":44.0038,"X좌표10":561.004,"Y좌표3":35.0038,"Y좌표2":24.0038,"Y좌표1":4.00379,"Y좌표8":120.004,"Y좌표7":87.0038,"Y좌표6":69.0038,"Y좌표5":54.0038,"Y좌표59":326.004,"Y좌표58":330.004,"Y좌표55":357.004,"Y좌표54":359.004,"Y좌표57":331.004,"Y좌표56":357.004,"Y좌표51":339.004,"Y좌표50":352.004,"Y좌표53":349.004,"Y좌표52":335.004,"X좌표29":539.004,"X좌표28":537.004,"X좌표27":529.004,"X좌표26":525.004,"X좌표25":519.004,"X좌표24":512.004,"X좌표23":512.004,"X좌표22":519.004,"X좌표21":527.004,"X좌표20":535.004}],"하의":[{}],"원피스":[{}],"상의":[{}]},"라벨링":{"스타일":[{"스타일":"스트리트"}],"아우터":[{"기장":"롱","색상":"레드","카테고리":"패딩","디테일":["지퍼"],"소매기장":"긴팔","소재":["패딩"],"프린트":["무지"],"핏":"오버사이즈"}],"하의":[{}],"원피스":[{}],"상의":[{}]}},"파일 번호":305854,"파일 이름":"Blondie_122_11.jpg"}}