{"이미지 정보":{"이미지 식별자":309217,"이미지 높이":800,"이미지 파일명":"Boddari_090_05.jpg","이미지 너비":800},"데이터셋 정보":{"파일 생성일자":"2020-09-11 02:09:29","데이터셋 상세설명":{"렉트좌표":{"아우터":[{"X좌표":85.5069,"Y좌표":0.506943,"가로":480,"세로":797}],"하의":[{"X좌표":133.507,"Y좌표":267.507,"가로":279,"세로":343}],"원피스":[{}],"상의":[{}]},"폴리곤좌표":{"아우터":[{"Y좌표88":1.00694,"Y좌표87":3.00694,"Y좌표84":37.0069,"Y좌표83":58.0069,"Y좌표86":14.0069,"Y좌표85":20.0069,"Y좌표80":267.007,"Y좌표82":99.0069,"Y좌표81":213.007,"X좌표39":381.007,"X좌표38":364.007,"X좌표37":343.007,"X좌표36":337.007,"X좌표35":350.007,"X좌표34":384.007,"X좌표33":444.007,"X좌표32":484.007,"X좌표31":514.007,"X좌표30":506.007,"Y좌표77":331.007,"Y좌표76":362.007,"Y좌표79":292.007,"Y좌표78":308.007,"Y좌표73":456.007,"Y좌표72":507.007,"Y좌표75":366.007,"Y좌표74":409.007,"Y좌표71":622.007,"Y좌표70":717.007,"X좌표49":308.007,"X좌표48":322.007,"X좌표47":334.007,"X좌표46":336.007,"X좌표45":333.007,"X좌표44":332.007,"X좌표43":357.007,"X좌표42":378.007,"X좌표41":389.007,"X좌표40":389.007,"Y좌표26":299.007,"Y좌표25":226.007,"Y좌표28":487.007,"Y좌표27":363.007,"Y좌표22":219.007,"Y좌표21":210.007,"Y좌표24":196.007,"Y좌표23":210.007,"Y좌표20":217.007,"X좌표59":200.007,"X좌표58":213.007,"X좌표57":226.007,"X좌표56":223.007,"X좌표55":214.007,"X좌표54":211.007,"X좌표53":217.007,"X좌표52":228.007,"X좌표51":236.007,"X좌표50":300.007,"Y좌표29":620.007,"Y좌표15":234.007,"Y좌표14":197.007,"Y좌표17":260.007,"Y좌표16":244.007,"Y좌표11":154.007,"Y좌표10":150.007,"Y좌표13":182.007,"Y좌표12":169.007,"X좌표69":141.007,"X좌표68":141.007,"X좌표67":187.007,"X좌표66":200.007,"X좌표65":194.007,"X좌표64":219.007,"X좌표63":220.007,"X좌표62":209.007,"Y좌표19":233.007,"X좌표61":188.007,"Y좌표18":248.007,"X좌표60":190.007,"Y좌표48":81.0069,"Y좌표47":124.007,"Y좌표49":44.0069,"Y좌표44":268.007,"Y좌표43":340.007,"Y좌표46":166.007,"Y좌표45":231.007,"Y좌표40":512.007,"Y좌표42":400.007,"Y좌표41":451.007,"X좌표79":89.0069,"X좌표78":86.0069,"X좌표77":91.0069,"X좌표76":94.0069,"X좌표75":134.007,"X좌표74":131.007,"X좌표73":131.007,"X좌표72":129.007,"X좌표71":133.007,"X좌표70":141.007,"Y좌표37":674.007,"Y좌표36":731.007,"X좌표8":497.007,"Y좌표39":558.007,"X좌표9":523.007,"Y좌표38":582.007,"Y좌표33":760.007,"Y좌표32":762.007,"Y좌표35":754.007,"Y좌표34":753.007,"Y좌표31":756.007,"Y좌표30":697.007,"X좌표88":243.007,"X좌표2":312.007,"X좌표87":240.007,"X좌표3":333.007,"X좌표86":203.007,"X좌표85":183.007,"X좌표1":227.007,"X좌표84":150.007,"X좌표6":421.007,"X좌표83":123.007,"X좌표7":456.007,"X좌표82":116.007,"X좌표4":358.007,"X좌표81":100.007,"X좌표5":389.007,"X좌표80":91.0069,"Y좌표69":756.007,"Y좌표9":131.007,"Y좌표66":789.007,"Y좌표65":766.007,"Y좌표68":799.007,"Y좌표67":798.007,"Y좌표62":700.007,"Y좌표61":613.007,"Y좌표64":763.007,"Y좌표63":752.007,"Y좌표60":551.007,"X좌표19":523.007,"X좌표18":509.007,"X좌표17":524.007,"X좌표16":546.007,"X좌표15":567.007,"X좌표14":567.007,"X좌표13":559.007,"X좌표12":550.007,"X좌표11":546.007,"Y좌표4":27.0069,"X좌표10":530.007,"Y좌표3":18.0069,"Y좌표2":4.00694,"Y좌표1":4.00694,"Y좌표8":118.007,"Y좌표7":77.0069,"Y좌표6":48.0069,"Y좌표5":31.0069,"Y좌표59":486.007,"Y좌표58":406.007,"Y좌표55":210.007,"Y좌표54":169.007,"Y좌표57":320.007,"Y좌표56":271.007,"Y좌표51":21.0069,"Y좌표50":22.0069,"Y좌표53":128.007,"Y좌표52":59.0069,"X좌표29":499.007,"X좌표28":476.007,"X좌표27":442.007,"X좌표26":431.007,"X좌표25":423.007,"X좌표24":428.007,"X좌표23":463.007,"X좌표22":471.007,"X좌표21":497.007,"X좌표20":511.007}],"하의":[{"X좌표8":404.007,"X좌표9":401.007,"X좌표2":229.007,"X좌표3":332.007,"X좌표1":179.007,"X좌표6":403.007,"X좌표7":409.007,"X좌표4":378.007,"X좌표5":391.007,"Y좌표26":371.007,"Y좌표25":426.007,"Y좌표28":271.007,"Y좌표9":539.007,"Y좌표27":324.007,"Y좌표22":549.007,"Y좌표21":578.007,"Y좌표24":548.007,"Y좌표23":546.007,"Y좌표20":553.007,"X좌표19":236.007,"X좌표18":252.007,"X좌표17":266.007,"X좌표16":280.007,"X좌표15":283.007,"X좌표14":366.007,"X좌표13":369.007,"X좌표12":393.007,"X좌표11":414.007,"Y좌표4":268.007,"X좌표10":411.007,"Y좌표3":270.007,"Y좌표2":272.007,"Y좌표1":274.007,"Y좌표8":524.007,"Y좌표7":433.007,"Y좌표29":274.007,"Y좌표6":353.007,"Y좌표5":300.007,"Y좌표15":576.007,"Y좌표14":569.007,"Y좌표17":603.007,"Y좌표16":612.007,"Y좌표11":583.007,"Y좌표10":558.007,"Y좌표13":587.007,"Y좌표12":586.007,"X좌표29":200.007,"X좌표28":164.007,"X좌표27":159.007,"X좌표26":151.007,"X좌표25":141.007,"X좌표24":134.007,"X좌표23":151.007,"X좌표22":174.007,"X좌표21":176.007,"X좌표20":199.007,"Y좌표19":560.007,"Y좌표18":567.007}],"원피스":[{}],"상의":[{}]},"라벨링":{"스타일":[{"스타일":"리조트","서브스타일":"스트리트"}],"아우터":[{"기장":"롱","색상":"화이트","서브색상":"레드","카테고리":"가디건","소매기장":"7부소매","소재":["니트"],"프린트":["스트라이프"],"핏":"노멀"}],"하의":[{"기장":"미니","색상":"스카이블루","카테고리":"스커트","디테일":["비대칭","디스트로이드"],"소재":["데님"],"프린트":["무지"],"핏":"노멀"}],"원피스":[{}],"상의":[{}]}},"파일 번호":309217,"파일 이름":"Boddari_090_05.jpg"}}