{"이미지 정보":{"이미지 식별자":317813,"이미지 높이":800,"이미지 파일명":"id_634_04.jpg","이미지 너비":800},"데이터셋 정보":{"파일 생성일자":"2020-09-14 02:04:51","데이터셋 상세설명":{"렉트좌표":{"아우터":[{}],"하의":[{}],"원피스":[{}],"상의":[{"X좌표":250.9,"Y좌표":0.514214,"가로":467,"세로":604}]},"폴리곤좌표":{"아우터":[{}],"하의":[{}],"원피스":[{}],"상의":[{"Y좌표9":390.473,"X좌표17":595.921,"X좌표16":683.799,"X좌표15":700.775,"X좌표14":685.796,"X좌표13":718.75,"X좌표12":717.752,"X좌표11":680.803,"Y좌표4":557.241,"X좌표10":578.945,"Y좌표3":355.521,"Y좌표2":67.9212,"Y좌표1":3.01144,"Y좌표8":366.506,"Y좌표7":362.511,"Y좌표6":545.257,"Y좌표5":560.236,"Y좌표15":253.663,"Y좌표14":285.618,"X좌표8":455.117,"Y좌표17":1.01421,"X좌표9":490.068,"Y좌표16":143.816,"Y좌표11":605.174,"Y좌표10":433.413,"Y좌표13":421.43,"Y좌표12":565.229,"X좌표2":251.4,"X좌표3":283.356,"X좌표1":254.396,"X좌표6":455.117,"X좌표7":403.189,"X좌표4":329.292,"X좌표5":408.182}]},"라벨링":{"스타일":[{"스타일":"스트리트"}],"아우터":[{}],"하의":[{"카테고리":"청바지","소재":["데님"],"프린트":["무지"],"핏":"스키니"}],"원피스":[{}],"상의":[{"기장":"노멀","색상":"옐로우","서브색상":"화이트","카테고리":"셔츠","디테일":["포켓"],"소매기장":"긴팔","소재":["우븐"],"프린트":["스트라이프"],"핏":"오버사이즈"}]}},"파일 번호":317813,"파일 이름":"id_634_04.jpg"}}