{"이미지 정보":{"이미지 식별자":32054,"이미지 높이":800,"이미지 파일명":"Maybeen_107_34.jpg","이미지 너비":800},"데이터셋 정보":{"파일 생성일자":"2020-08-07 02:19:20","데이터셋 상세설명":{"렉트좌표":{"아우터":[{}],"하의":[{"X좌표":135.203,"Y좌표":168.5,"가로":597,"세로":557}],"원피스":[{}],"상의":[{"X좌표":7.20312,"Y좌표":1.5,"가로":458,"세로":431}]},"폴리곤좌표":{"아우터":[{}],"하의":[{"Y좌표40":188.0,"Y좌표41":181.0,"X좌표39":255.703,"X좌표38":208.703,"X좌표37":162.703,"X좌표36":135.703,"X좌표35":140.703,"X좌표34":163.703,"X좌표33":199.703,"X좌표32":232.703,"X좌표31":264.703,"X좌표30":293.703,"Y좌표37":225.0,"Y좌표36":260.0,"X좌표8":628.703,"Y좌표39":191.0,"X좌표9":673.703,"Y좌표38":212.0,"Y좌표33":413.0,"Y좌표32":432.0,"Y좌표35":292.0,"Y좌표34":353.0,"Y좌표31":451.0,"Y좌표30":464.0,"X좌표2":363.703,"X좌표3":414.703,"X좌표41":325.703,"X좌표1":326.703,"X좌표40":303.703,"X좌표6":515.703,"X좌표7":588.703,"X좌표4":430.703,"X좌표5":478.703,"Y좌표26":572.0,"Y좌표25":662.0,"Y좌표28":506.0,"Y좌표9":225.0,"Y좌표27":522.0,"Y좌표22":630.0,"Y좌표21":596.0,"Y좌표24":726.0,"Y좌표23":651.0,"Y좌표20":549.0,"X좌표19":662.703,"X좌표18":691.703,"X좌표17":729.703,"X좌표16":732.703,"X좌표15":723.703,"X좌표14":721.703,"X좌표13":703.703,"X좌표12":699.703,"X좌표11":692.703,"Y좌표4":191.0,"X좌표10":680.703,"Y좌표3":187.0,"Y좌표2":169.0,"Y좌표1":181.0,"Y좌표8":208.0,"Y좌표7":208.0,"Y좌표29":480.0,"Y좌표6":199.0,"Y좌표5":199.0,"Y좌표15":457.0,"Y좌표14":456.0,"Y좌표17":515.0,"Y좌표16":491.0,"Y좌표11":279.0,"Y좌표10":233.0,"Y좌표13":396.0,"Y좌표12":330.0,"X좌표29":347.703,"X좌표28":401.703,"X좌표27":475.703,"X좌표26":514.703,"X좌표25":555.703,"X좌표24":592.703,"X좌표23":729.703,"X좌표22":720.703,"X좌표21":707.703,"X좌표20":680.703,"Y좌표19":518.0,"Y좌표18":521.0}],"원피스":[{}],"상의":[{"X좌표37":47.7031,"X좌표36":100.703,"X좌표35":181.703,"X좌표34":271.703,"X좌표33":363.703,"X좌표32":445.703,"X좌표31":455.703,"X좌표30":465.703,"Y좌표37":4.0,"Y좌표36":2.0,"X좌표8":90.7031,"X좌표9":92.7031,"Y좌표33":5.0,"Y좌표32":5.0,"Y좌표35":3.0,"Y좌표34":5.0,"Y좌표31":19.0,"Y좌표30":51.0,"X좌표2":19.7031,"X좌표3":10.7031,"X좌표1":40.7031,"X좌표6":9.70312,"X좌표7":48.7031,"X좌표4":7.70312,"X좌표5":7.70312,"Y좌표26":159.0,"Y좌표25":174.0,"Y좌표28":107.0,"Y좌표9":275.0,"Y좌표27":128.0,"Y좌표22":221.0,"Y좌표21":251.0,"Y좌표24":174.0,"Y좌표23":183.0,"Y좌표20":307.0,"X좌표19":343.703,"X좌표18":301.703,"X좌표17":249.703,"X좌표16":208.703,"X좌표15":204.703,"X좌표14":182.703,"X좌표13":165.703,"X좌표12":144.703,"X좌표11":134.703,"Y좌표4":229.0,"X좌표10":123.703,"Y좌표3":153.0,"Y좌표2":75.0,"Y좌표1":4.0,"Y좌표8":275.0,"Y좌표7":277.0,"Y좌표29":82.0,"Y좌표6":237.0,"Y좌표5":233.0,"Y좌표15":433.0,"Y좌표14":422.0,"Y좌표17":413.0,"Y좌표16":433.0,"Y좌표11":338.0,"Y좌표10":283.0,"Y좌표13":396.0,"Y좌표12":361.0,"X좌표29":462.703,"X좌표28":427.703,"X좌표27":427.703,"X좌표26":435.703,"X좌표25":413.703,"X좌표24":413.703,"X좌표23":422.703,"X좌표22":411.703,"X좌표21":390.703,"X좌표20":373.703,"Y좌표19":344.0,"Y좌표18":380.0}]},"라벨링":{"스타일":[{"스타일":"젠더리스"}],"아우터":[{}],"하의":[{"기장":"발목","색상":"베이지","카테고리":"팬츠","소재":["우븐"],"프린트":["무지"],"핏":"노멀"}],"원피스":[{}],"상의":[{"기장":"노멀","색상":"베이지","카테고리":"니트웨어","디테일":["니트꽈베기"],"소매기장":"긴팔","소재":["니트"],"핏":"루즈"}]}},"파일 번호":32054,"파일 이름":"Maybeen_107_34.jpg"}}