{"이미지 정보":{"이미지 식별자":324163,"이미지 높이":800,"이미지 파일명":"sara_084_10.jpg","이미지 너비":800},"데이터셋 정보":{"파일 생성일자":"2020-09-14 02:30:52","데이터셋 상세설명":{"렉트좌표":{"아우터":[{"X좌표":122.125,"Y좌표":-0.493067,"가로":446,"세로":779}],"하의":[{}],"원피스":[{}],"상의":[{"X좌표":247.95,"Y좌표":86.3861,"가로":107,"세로":408}]},"폴리곤좌표":{"아우터":[{"X좌표32":277.409,"X좌표31":173.554,"X좌표30":149.587,"X좌표8":509.087,"X좌표9":536.05,"Y좌표32":4.00138,"Y좌표31":22.975,"Y좌표30":85.8875,"X좌표2":488.116,"X좌표3":559.018,"X좌표1":362.291,"X좌표6":537.048,"X좌표7":502.097,"X좌표4":568.005,"X좌표5":569.004,"Y좌표26":650.103,"Y좌표25":687.051,"Y좌표28":593.182,"Y좌표9":645.11,"Y좌표27":605.165,"Y좌표22":682.058,"Y좌표21":489.326,"Y좌표24":734.985,"Y좌표23":727.994,"Y좌표20":301.587,"X좌표19":277.409,"X좌표18":356.3,"X좌표17":353.304,"X좌표16":344.316,"X좌표15":299.379,"X좌표14":306.369,"X좌표13":282.402,"X좌표12":338.325,"X좌표11":350.308,"Y좌표4":79.8958,"X좌표10":379.268,"Y좌표3":37.9542,"Y좌표2":0.00693311,"Y좌표1":1.00554,"Y좌표8":465.36,"Y좌표7":411.435,"Y좌표29":228.689,"Y좌표6":406.442,"Y좌표5":357.51,"Y좌표15":218.703,"Y좌표14":236.678,"Y좌표17":35.9569,"Y좌표16":76.9,"Y좌표11":779.922,"Y좌표10":777.925,"Y좌표13":416.428,"Y좌표12":756.954,"X좌표29":143.595,"X좌표28":122.625,"X좌표27":133.609,"X좌표26":132.611,"X좌표25":138.602,"X좌표24":199.518,"X좌표23":214.497,"X좌표22":227.479,"X좌표21":266.425,"X좌표20":259.434,"Y좌표19":8.99443,"Y좌표18":5.9986}],"하의":[{}],"원피스":[{}],"상의":[{"Y좌표9":387.468,"X좌표14":255.44,"X좌표13":248.45,"X좌표12":252.444,"X좌표11":258.436,"Y좌표4":91.8792,"X좌표10":304.372,"Y좌표3":106.858,"Y좌표2":105.86,"Y좌표1":86.8861,"Y좌표8":235.679,"Y좌표7":220.7,"Y좌표6":203.724,"Y좌표5":118.842,"Y좌표14":88.8833,"X좌표8":323.345,"X좌표9":297.382,"Y좌표11":490.325,"Y좌표10":495.318,"Y좌표13":176.761,"Y좌표12":423.418,"X좌표2":290.391,"X좌표3":310.363,"X좌표1":257.437,"X좌표6":316.355,"X좌표7":306.369,"X좌표4":356.3,"X좌표5":348.311}]},"라벨링":{"스타일":[{"스타일":"매니시"}],"아우터":[{"기장":"하프","색상":"베이지","서브색상":"블랙","카테고리":"재킷","옷깃":"테일러드칼라","디테일":["포켓","싱글브레스티드"],"소매기장":"긴팔","소재":["우븐"],"프린트":["체크"],"핏":"루즈"}],"하의":[{}],"원피스":[{}],"상의":[{}]}},"파일 번호":324163,"파일 이름":"sara_084_10.jpg"}}