{"이미지 정보":{"이미지 식별자":326975,"이미지 높이":800,"이미지 파일명":"siutim_1211_38.jpg","이미지 너비":800},"데이터셋 정보":{"파일 생성일자":"2020-09-14 02:42:39","데이터셋 상세설명":{"렉트좌표":{"아우터":[{"X좌표":100.142,"Y좌표":1.53908,"가로":693,"세로":796}],"하의":[{}],"원피스":[{}],"상의":[{"X좌표":325.144,"Y좌표":4.53911,"가로":259,"세로":420}]},"폴리곤좌표":{"아우터":[{"X좌표8":661.647,"X좌표9":644.647,"X좌표2":763.648,"X좌표3":791.648,"X좌표1":578.646,"X좌표6":710.648,"X좌표7":646.647,"X좌표4":787.648,"X좌표5":793.648,"Y좌표25":6.03912,"Y좌표9":678.046,"Y좌표22":658.545,"Y좌표21":647.045,"Y좌표24":2.03908,"Y좌표23":255.542,"Y좌표20":581.045,"X좌표19":290.643,"X좌표18":349.644,"X좌표17":433.645,"X좌표16":577.646,"X좌표15":562.646,"X좌표14":529.646,"X좌표13":500.646,"X좌표12":505.646,"X좌표11":670.647,"Y좌표4":167.041,"X좌표10":665.647,"Y좌표3":89.0399,"Y좌표2":2.03908,"Y좌표1":3.03909,"Y좌표8":392.043,"Y좌표7":333.042,"Y좌표6":365.043,"Y좌표5":317.042,"Y좌표15":64.5397,"Y좌표14":321.542,"Y좌표17":5.03911,"Y좌표16":6.03912,"Y좌표11":798.547,"Y좌표10":765.047,"Y좌표13":606.545,"Y좌표12":796.547,"X좌표25":430.645,"X좌표24":191.643,"X좌표23":100.642,"X좌표22":107.642,"X좌표21":163.642,"X좌표20":196.643,"Y좌표19":456.044,"Y좌표18":333.042}],"하의":[{}],"원피스":[{}],"상의":[{"X좌표8":376.644,"X좌표9":422.645,"Y좌표9":23.0393,"X좌표2":584.646,"Y좌표4":416.043,"X좌표3":566.646,"Y좌표3":180.041,"Y좌표2":5.03911,"X좌표1":425.645,"Y좌표1":8.03914,"X좌표6":401.645,"Y좌표8":213.041,"X좌표7":325.644,"Y좌표7":402.043,"X좌표4":532.646,"Y좌표6":393.043,"X좌표5":469.645,"Y좌표5":425.043}]},"라벨링":{"스타일":[{"스타일":"클래식","서브스타일":"모던"}],"아우터":[{"기장":"롱","색상":"그레이","서브색상":"베이지","카테고리":"재킷","옷깃":"테일러드칼라","디테일":["단추"],"소매기장":"긴팔","소재":["우븐"],"프린트":["체크"],"넥라인":"브이넥","핏":"루즈"}],"하의":[{}],"원피스":[{}],"상의":[{"색상":"블랙","소매기장":"없음"}]}},"파일 번호":326975,"파일 이름":"siutim_1211_38.jpg"}}