{"이미지 정보":{"이미지 식별자":328624,"이미지 높이":800,"이미지 파일명":"Skin_076_03.jpg","이미지 너비":800},"데이터셋 정보":{"파일 생성일자":"2020-09-14 02:49:33","데이터셋 상세설명":{"렉트좌표":{"아우터":[{}],"하의":[{"X좌표":323.383,"Y좌표":240.172,"가로":248,"세로":452}],"원피스":[{}],"상의":[{"X좌표":314.395,"Y좌표":1.50416,"가로":291,"세로":338}]},"폴리곤좌표":{"아우터":[{}],"하의":[{"X좌표30":386.795,"X좌표8":448.709,"X좌표9":454.701,"Y좌표30":261.643,"X좌표2":379.805,"X좌표3":409.763,"X좌표1":393.786,"X좌표6":323.883,"X좌표7":417.752,"X좌표4":385.797,"X좌표5":365.824,"Y좌표26":248.661,"Y좌표25":289.604,"Y좌표28":258.647,"Y좌표9":623.14,"Y좌표27":240.672,"Y좌표22":329.549,"Y좌표21":423.418,"Y좌표24":317.565,"Y좌표23":298.592,"Y좌표20":559.229,"X좌표19":572.537,"X좌표18":556.559,"X좌표17":526.601,"X좌표16":507.627,"X좌표15":488.654,"X좌표14":456.698,"X좌표13":429.736,"X좌표12":424.743,"X좌표11":403.772,"Y좌표4":313.571,"X좌표10":428.737,"Y좌표3":328.55,"Y좌표2":287.607,"Y좌표1":261.643,"Y좌표8":656.094,"Y좌표7":688.05,"Y좌표29":258.647,"Y좌표6":542.253,"Y좌표5":337.537,"Y좌표15":563.224,"Y좌표14":478.342,"Y좌표17":691.046,"Y좌표16":686.053,"Y좌표11":555.235,"Y좌표10":580.2,"Y좌표13":488.328,"Y좌표12":517.287,"X좌표29":427.738,"X좌표28":470.679,"X좌표27":519.611,"X좌표26":543.577,"X좌표25":535.588,"X좌표24":520.609,"X좌표23":555.561,"X좌표22":568.543,"X좌표21":572.537,"X좌표20":566.545,"Y좌표19":669.076,"Y좌표18":693.043}],"원피스":[{}],"상의":[{"X좌표8":315.894,"X좌표9":314.895,"X좌표2":456.698,"X좌표3":410.762,"X좌표1":496.643,"X좌표6":336.865,"X좌표7":317.891,"X좌표4":373.813,"X좌표5":344.854,"Y좌표26":2.00416,"Y좌표25":10.9917,"Y좌표9":306.581,"Y좌표22":130.825,"Y좌표21":211.712,"Y좌표24":31.9625,"Y좌표23":88.8833,"Y좌표20":269.632,"X좌표19":590.512,"X좌표18":556.559,"X좌표17":535.588,"X좌표16":549.569,"X좌표15":527.599,"X좌표14":466.684,"X좌표13":415.755,"X좌표12":380.804,"X좌표11":382.801,"Y좌표4":21.9764,"X좌표10":344.854,"Y좌표3":18.9805,"Y좌표2":26.9694,"Y좌표1":6.99721,"Y좌표8":266.636,"Y좌표7":179.757,"Y좌표6":125.832,"Y좌표5":49.9375,"Y좌표15":247.662,"Y좌표14":266.636,"Y좌표17":285.61,"Y좌표16":262.642,"Y좌표11":307.579,"Y좌표10":340.533,"Y좌표13":260.644,"Y좌표12":260.644,"X좌표26":497.641,"X좌표25":510.623,"X좌표24":546.573,"X좌표23":574.534,"X좌표22":579.527,"X좌표21":606.49,"X좌표20":602.495,"Y좌표19":322.558,"Y좌표18":325.554}]},"라벨링":{"스타일":[{"스타일":"스트리트","서브스타일":"리조트"}],"아우터":[{}],"하의":[{"기장":"발목","색상":"블랙","카테고리":"조거팬츠","소재":["우븐"],"프린트":["무지"],"핏":"와이드"}],"원피스":[{}],"상의":[{"색상":"화이트","카테고리":"니트웨어","디테일":["드롭숄더"],"소매기장":"긴팔","소재":["니트"],"프린트":["무지"],"넥라인":"라운드넥","핏":"루즈"}]}},"파일 번호":328624,"파일 이름":"Skin_076_03.jpg"}}