{"이미지 정보":{"이미지 식별자":3292,"이미지 높이":800,"이미지 파일명":"banhana_295_10.jpg","이미지 너비":800},"데이터셋 정보":{"파일 생성일자":"2020-08-03 02:43:14","데이터셋 상세설명":{"렉트좌표":{"아우터":[{"X좌표":335.314,"Y좌표":2.50277,"가로":263,"세로":330}],"하의":[{"X좌표":334.316,"Y좌표":227.19,"가로":242,"세로":444}],"원피스":[{}],"상의":[{}]},"폴리곤좌표":{"아우터":[{"X좌표8":457.645,"X좌표9":481.611,"X좌표2":365.773,"X좌표3":347.798,"X좌표1":404.718,"X좌표6":369.767,"X좌표7":404.718,"X좌표4":348.796,"X좌표5":335.814,"Y좌표26":7.99582,"Y좌표25":47.9403,"Y좌표9":238.675,"Y좌표22":3.00277,"Y좌표21":12.9889,"Y좌표24":75.9014,"Y좌표23":21.9764,"Y좌표20":23.9736,"X좌표19":577.478,"X좌표18":582.471,"X좌표17":595.453,"X좌표16":599.448,"X좌표15":591.459,"X좌표14":567.492,"X좌표13":548.518,"X좌표12":501.584,"X좌표11":471.625,"Y좌표4":245.665,"X좌표10":495.592,"Y좌표3":155.79,"Y좌표2":39.9514,"Y좌표1":8.99443,"Y좌표8":313.571,"Y좌표7":306.581,"Y좌표6":299.59,"Y좌표5":273.626,"Y좌표15":310.575,"Y좌표14":296.594,"Y좌표17":192.739,"Y좌표16":278.619,"Y좌표11":311.574,"Y좌표10":237.676,"Y좌표13":333.543,"Y좌표12":321.56,"X좌표26":407.714,"X좌표25":433.678,"X좌표24":459.642,"X좌표23":498.588,"X좌표22":517.561,"X좌표21":539.531,"X좌표20":564.496,"Y좌표19":53.9319,"Y좌표18":127.829}],"하의":[{"Y좌표9":333.543,"Y좌표22":229.687,"Y좌표21":301.587,"Y좌표23":227.69,"Y좌표20":323.557,"X좌표19":561.5,"X좌표18":567.492,"X좌표17":572.485,"X좌표16":564.496,"X좌표15":557.506,"X좌표14":577.478,"X좌표13":558.504,"X좌표12":528.546,"X좌표11":475.62,"Y좌표4":457.371,"X좌표10":477.617,"Y좌표3":292.6,"Y좌표2":306.581,"Y좌표1":229.687,"Y좌표8":453.376,"Y좌표7":557.232,"Y좌표6":576.206,"Y좌표5":619.146,"Y좌표15":476.344,"Y좌표14":655.096,"X좌표8":429.684,"Y좌표17":319.562,"X좌표9":467.631,"Y좌표16":395.457,"Y좌표11":663.085,"Y좌표10":432.406,"Y좌표13":666.081,"Y좌표12":672.072,"X좌표23":480.613,"X좌표22":503.581,"X좌표2":455.648,"X좌표21":484.607,"X좌표3":367.77,"X좌표20":542.527,"X좌표1":477.617,"X좌표6":471.625,"Y좌표19":249.66,"X좌표7":477.617,"Y좌표18":267.635,"X좌표4":334.816,"X좌표5":415.703}],"원피스":[{}],"상의":[{}]},"라벨링":{"스타일":[{"스타일":"스트리트","서브스타일":"컨트리"}],"아우터":[{"기장":"하프","색상":"브라운","서브색상":"오렌지","카테고리":"가디건","디테일":["단추"],"소매기장":"긴팔","소재":["니트"],"프린트":["아가일"],"넥라인":"브이넥","핏":"노멀"}],"하의":[{"기장":"발목","색상":"스카이블루","카테고리":"청바지","디테일":["디스트로이드"],"소재":["데님"],"프린트":["무지"],"핏":"노멀"}],"원피스":[{}],"상의":[{}]}},"파일 번호":3292,"파일 이름":"banhana_295_10.jpg"}}