{"이미지 정보":{"이미지 식별자":333189,"이미지 높이":800,"이미지 파일명":"SOO_020_07.jpg","이미지 너비":800},"데이터셋 정보":{"파일 생성일자":"2020-09-14 03:08:56","데이터셋 상세설명":{"렉트좌표":{"아우터":[{}],"하의":[{}],"원피스":[{"X좌표":149.788,"Y좌표":-8.257,"가로":548,"세로":802}],"상의":[{}]},"폴리곤좌표":{"아우터":[{}],"하의":[{}],"원피스":[{"Y좌표40":-6.72844,"Y좌표41":-5.69991,"X좌표39":563.955,"X좌표38":599.971,"X좌표37":629.812,"X좌표36":655.538,"X좌표35":697.728,"X좌표34":698.757,"X좌표33":682.292,"X좌표32":676.118,"X좌표31":642.16,"X좌표30":595.855,"Y좌표37":66.2978,"Y좌표36":121.839,"X좌표8":228.494,"Y좌표39":4.58549,"X좌표9":222.32,"Y좌표38":31.3275,"Y좌표33":443.36,"Y좌표32":491.701,"Y좌표35":231.893,"Y좌표34":401.19,"Y좌표31":523.586,"Y좌표30":491.701,"X좌표2":345.802,"X좌표3":366.383,"X좌표41":428.124,"X좌표1":429.153,"X좌표40":514.562,"X좌표6":279.945,"X좌표7":263.481,"X좌표4":370.499,"X좌표5":329.338,"Y좌표26":364.162,"Y좌표25":333.306,"Y좌표28":446.445,"Y좌표9":267.892,"Y좌표27":408.389,"Y좌표22":407.361,"Y좌표21":442.331,"Y좌표24":341.534,"Y좌표23":369.305,"Y좌표20":485.53,"X좌표19":561.897,"X좌표18":576.303,"X좌표17":592.767,"X좌표16":608.203,"X좌표15":604.087,"X좌표14":150.288,"X좌표13":189.391,"X좌표12":227.465,"X좌표11":255.249,"Y좌표4":-5.69991,"X좌표10":254.22,"Y좌표3":28.2419,"Y좌표2":79.6689,"Y좌표1":-7.757,"Y좌표8":209.265,"Y좌표7":131.096,"Y좌표29":462.902,"Y좌표6":59.0981,"Y좌표5":6.64256,"Y좌표15":789.977,"Y좌표14":795.12,"Y좌표17":652.153,"Y좌표16":751.921,"Y좌표11":388.231,"Y좌표10":330.632,"Y좌표13":545.609,"Y좌표12":444.8,"X좌표29":547.491,"X좌표28":514.562,"X좌표27":527.939,"X좌표26":572.187,"X좌표25":589.68,"X좌표24":549.549,"X좌표23":520.736,"X좌표22":506.33,"X좌표21":515.591,"X좌표20":547.491,"Y좌표19":519.472,"Y좌표18":591.469}],"상의":[{}]},"라벨링":{"스타일":[{"스타일":"페미닌","서브스타일":"스트리트"}],"아우터":[{}],"하의":[{}],"원피스":[{"색상":"베이지","카테고리":"드레스","옷깃":"셔츠칼라","디테일":["띠"],"소매기장":"7부소매","소재":["우븐"],"프린트":["무지"],"핏":"노멀"}],"상의":[{}]}},"파일 번호":333189,"파일 이름":"SOO_020_07.jpg"}}