{"이미지 정보":{"이미지 식별자":339400,"이미지 높이":800,"이미지 파일명":"Style-B_058_02.jpg","이미지 너비":800},"데이터셋 정보":{"파일 생성일자":"2020-09-14 03:34:36","데이터셋 상세설명":{"렉트좌표":{"아우터":[{"X좌표":321.33,"Y좌표":25.4837,"가로":327,"세로":551}],"하의":[{}],"원피스":[{}],"상의":[{"X좌표":407.276,"Y좌표":5.49625,"가로":189,"세로":665}]},"폴리곤좌표":{"아우터":[{"Y좌표9":557.651,"X좌표15":415.771,"X좌표14":423.766,"X좌표13":389.787,"X좌표12":355.809,"X좌표11":347.814,"Y좌표4":61.9612,"X좌표10":321.83,"Y좌표3":25.9837,"Y좌표2":47.97,"Y좌표1":189.881,"Y좌표8":577.639,"Y좌표7":557.651,"Y좌표6":425.734,"Y좌표5":199.875,"Y좌표15":171.893,"Y좌표14":47.97,"X좌표8":573.672,"X좌표9":447.751,"Y좌표11":313.804,"Y좌표10":533.666,"Y좌표13":97.9387,"Y좌표12":201.874,"X좌표2":523.704,"X좌표3":579.669,"X좌표1":413.772,"X좌표6":645.627,"X좌표7":649.625,"X좌표4":641.63,"X좌표5":649.625}],"하의":[{}],"원피스":[{}],"상의":[{"Y좌표9":81.9487,"X좌표19":559.681,"X좌표18":475.734,"X좌표17":463.741,"X좌표16":407.776,"X좌표15":501.717,"X좌표14":551.686,"X좌표13":597.657,"X좌표12":573.672,"X좌표11":577.67,"Y좌표4":37.9762,"X좌표10":437.757,"Y좌표3":7.995,"Y좌표2":9.99375,"Y좌표1":41.9737,"Y좌표8":127.92,"Y좌표7":177.889,"Y좌표6":147.908,"Y좌표5":79.95,"Y좌표15":671.58,"Y좌표14":471.705,"X좌표8":407.776,"Y좌표17":411.742,"X좌표9":415.771,"Y좌표16":665.584,"Y좌표11":5.99625,"Y좌표10":45.9712,"Y좌표13":197.876,"Y좌표12":113.929,"X좌표2":503.716,"X좌표3":575.671,"X좌표1":443.754,"X좌표6":449.75,"Y좌표19":107.932,"X좌표7":415.771,"Y좌표18":219.862,"X좌표4":525.702,"X좌표5":483.729}]},"라벨링":{"스타일":[{"스타일":"스트리트","서브스타일":"컨트리"}],"아우터":[{"기장":"노말","색상":"퍼플","카테고리":"베스트","디테일":["포켓","단추"],"소매기장":"민소매","소재":["니트"],"프린트":["무지"],"넥라인":"브이넥","핏":"노멀"}],"하의":[{}],"원피스":[{}],"상의":[{"색상":"화이트","카테고리":"셔츠","옷깃":"셔츠칼라","소매기장":"긴팔","소재":["우븐"],"프린트":["무지"],"핏":"노멀"}]}},"파일 번호":339400,"파일 이름":"Style-B_058_02.jpg"}}