{"이미지 정보":{"이미지 식별자":339882,"이미지 높이":800,"이미지 파일명":"Style-B_078_05.jpg","이미지 너비":800},"데이터셋 정보":{"파일 생성일자":"2020-09-14 03:36:33","데이터셋 상세설명":{"렉트좌표":{"아우터":[{}],"하의":[{"X좌표":112.35,"Y좌표":390.297,"가로":315,"세로":297}],"원피스":[{}],"상의":[{"X좌표":38.4528,"Y좌표":1.50416,"가로":511,"세로":570}]},"폴리곤좌표":{"아우터":[{}],"하의":[{"Y좌표9":605.498,"X좌표15":117.843,"X좌표14":387.468,"X좌표13":422.419,"X좌표12":428.411,"X좌표11":421.421,"Y좌표4":688.383,"X좌표10":389.465,"Y좌표3":601.504,"Y좌표2":538.591,"Y좌표1":466.691,"Y좌표8":539.59,"Y좌표7":556.566,"Y좌표6":591.518,"Y좌표5":629.465,"Y좌표15":465.693,"Y좌표14":390.797,"X좌표8":353.515,"X좌표9":396.456,"Y좌표11":612.488,"Y좌표10":624.472,"Y좌표13":433.737,"Y좌표12":549.576,"X좌표2":113.849,"X좌표3":125.832,"X좌표1":112.85,"X좌표6":278.619,"X좌표7":297.593,"X좌표4":177.76,"X좌표5":257.649}],"원피스":[{}],"상의":[{"X좌표37":182.753,"X좌표36":62.9194,"X좌표35":38.9528,"X좌표34":39.9514,"X좌표33":102.864,"X좌표32":120.839,"X좌표31":116.844,"X좌표30":155.79,"Y좌표37":45.943,"Y좌표36":85.8875,"X좌표8":456.372,"X좌표9":436.4,"Y좌표33":401.449,"Y좌표32":425.415,"Y좌표35":102.864,"Y좌표34":211.712,"Y좌표31":480.339,"Y좌표30":490.325,"X좌표2":211.712,"X좌표3":261.643,"X좌표1":179.757,"X좌표6":368.494,"X좌표7":428.411,"X좌표4":293.599,"X좌표5":310.575,"Y좌표26":555.235,"Y좌표25":523.279,"Y좌표28":563.224,"Y좌표9":226.692,"Y좌표27":572.211,"Y좌표22":461.365,"Y좌표21":412.433,"Y좌표24":506.303,"Y좌표23":475.346,"Y좌표20":386.469,"X좌표19":383.474,"X좌표18":380.478,"X좌표17":470.353,"X좌표16":501.31,"X좌표15":501.31,"X좌표14":529.271,"X좌표13":546.247,"X좌표12":550.242,"X좌표11":515.29,"Y좌표4":56.9278,"X좌표10":459.368,"Y좌표3":79.8958,"Y좌표2":83.8903,"Y좌표1":39.9514,"Y좌표8":69.9097,"Y좌표7":16.9833,"Y좌표29":505.304,"Y좌표6":2.00416,"Y좌표5":2.00416,"Y좌표15":323.557,"Y좌표14":319.562,"Y좌표17":333.543,"Y좌표16":343.529,"Y좌표11":271.629,"Y좌표10":249.66,"Y좌표13":337.537,"Y좌표12":310.575,"X좌표29":215.707,"X좌표28":308.578,"X좌표27":355.512,"X좌표26":356.511,"X좌표25":377.482,"X좌표24":353.515,"X좌표23":311.574,"X좌표22":388.467,"X좌표21":418.425,"X좌표20":395.457,"Y좌표19":347.524,"Y좌표18":295.596}]},"라벨링":{"스타일":[{"스타일":"모던","서브스타일":"페미닌"}],"아우터":[{}],"하의":[{"기장":"미니","색상":"블랙","카테고리":"스커트","소재":["저지"],"프린트":["무지"],"핏":"노멀"}],"원피스":[{}],"상의":[{"기장":"노멀","색상":"화이트","서브색상":"블랙","카테고리":"니트웨어","디테일":["단추"],"소매기장":"긴팔","소재":["니트"],"프린트":["무지"],"넥라인":"라운드넥","핏":"타이트"}]}},"파일 번호":339882,"파일 이름":"Style-B_078_05.jpg"}}