{"이미지 정보":{"이미지 식별자":351011,"이미지 높이":1066,"이미지 파일명":"157535563953190499_1086725248.jpg","이미지 너비":800},"데이터셋 정보":{"파일 생성일자":"2020-09-14 04:52:46","데이터셋 상세설명":{"렉트좌표":{"아우터":[{"X좌표":12.4889,"Y좌표":3.50531,"가로":741,"세로":917}],"하의":[{}],"원피스":[{}],"상의":[{"X좌표":228.189,"Y좌표":1.50613,"가로":244,"세로":640}]},"폴리곤좌표":{"아우터":[{"X좌표38":511.296,"X좌표37":522.281,"X좌표36":557.232,"X좌표35":608.161,"X좌표34":661.087,"X좌표33":702.031,"X좌표32":754.957,"X좌표31":741.975,"X좌표30":706.025,"Y좌표37":22.9976,"Y좌표36":81.3072,"X좌표8":12.9889,"X좌표9":75.9014,"Y좌표38":4.00531,"Y좌표33":237.244,"Y좌표32":393.18,"Y좌표35":106.297,"Y좌표34":152.278,"Y좌표31":477.59,"Y좌표30":520.573,"X좌표2":257.649,"X좌표3":165.776,"X좌표1":511.296,"X좌표6":58.925,"X좌표7":35.9569,"X좌표4":42.9472,"X좌표5":62.9194,"Y좌표26":872.985,"Y좌표25":914.968,"Y좌표28":734.041,"Y좌표9":863.322,"Y좌표27":841.997,"Y좌표22":910.969,"Y좌표21":781.244,"Y좌표24":921.965,"Y좌표23":895.975,"Y좌표20":635.97,"X좌표19":335.54,"X좌표18":359.507,"X좌표17":443.39,"X좌표16":292.6,"X좌표15":287.607,"X좌표14":275.624,"X좌표13":267.635,"X좌표12":246.664,"X좌표11":229.687,"Y좌표4":192.928,"X좌표10":192.739,"Y좌표3":82.9731,"Y좌표2":9.00327,"Y좌표1":7.00409,"Y좌표8":802.347,"Y좌표7":533.345,"Y좌표29":570.552,"Y좌표6":465.817,"Y좌표5":248.906,"Y좌표15":99.0777,"Y좌표14":217.03,"Y좌표17":27.9955,"Y좌표16":26.9959,"Y좌표11":816.341,"Y좌표10":890.311,"Y좌표13":370.523,"Y좌표12":600.429,"X좌표29":630.13,"X좌표28":679.062,"X좌표27":711.018,"X좌표26":670.075,"X좌표25":590.186,"X좌표24":515.29,"X좌표23":519.285,"X좌표22":412.433,"X좌표21":387.468,"X좌표20":362.503,"Y좌표19":433.053,"Y좌표18":300.884}],"하의":[{}],"원피스":[{}],"상의":[{"Y좌표9":622.309,"X좌표14":422.419,"X좌표13":473.349,"X좌표12":461.365,"X좌표11":415.429,"Y좌표4":17.0,"X좌표10":369.493,"Y좌표3":46.9878,"Y좌표2":39.9907,"Y좌표1":2.00613,"Y좌표8":642.301,"Y좌표7":634.304,"Y좌표6":363.859,"Y좌표5":107.963,"Y좌표14":3.00572,"X좌표8":276.622,"X좌표9":391.462,"Y좌표11":166.273,"Y좌표10":381.407,"Y좌표13":2.00613,"Y좌표12":85.3055,"X좌표2":369.493,"X좌표3":345.526,"X좌표1":423.418,"X좌표6":238.675,"X좌표7":228.689,"X좌표4":299.59,"X좌표5":263.64}]},"라벨링":{"스타일":[{"스타일":"스트리트"}],"아우터":[{"기장":"하프","색상":"화이트","카테고리":"코트","옷깃":"테일러드칼라","디테일":["단추","버클"],"소매기장":"긴팔","소재":["퍼"],"프린트":["무지"],"핏":"루즈"}],"하의":[{"기장":"발목","카테고리":"청바지","소재":["데님"],"프린트":["무지"],"핏":"스키니"}],"원피스":[{}],"상의":[{"기장":"노멀","색상":"화이트","카테고리":"니트웨어","소매기장":"없음","소재":["니트"],"프린트":["무지"],"넥라인":"터틀넥"}]}},"파일 번호":351011,"파일 이름":"157535563953190499_1086725248.jpg"}}