{"이미지 정보":{"이미지 식별자":351326,"이미지 높이":1066,"이미지 파일명":"157673689764699300_125663763.jpg","이미지 너비":800},"데이터셋 정보":{"파일 생성일자":"2020-09-14 04:55:18","데이터셋 상세설명":{"렉트좌표":{"아우터":[{"X좌표":211.5,"Y좌표":2.49887,"가로":374,"세로":809}],"하의":[{"X좌표":293.5,"Y좌표":789.404,"가로":215,"세로":220}],"원피스":[{}],"상의":[{}]},"폴리곤좌표":{"아우터":[{"X좌표36":336.0,"X좌표35":274.0,"X좌표34":260.0,"X좌표33":246.0,"X좌표32":224.0,"X좌표31":212.0,"X좌표30":215.0,"Y좌표36":15.994,"X좌표8":568.0,"X좌표9":574.0,"Y좌표33":127.952,"Y좌표32":229.914,"Y좌표35":69.9737,"Y좌표34":83.9685,"Y좌표31":338.873,"Y좌표30":488.017,"X좌표2":364.0,"X좌표3":393.0,"X좌표1":342.0,"X좌표6":528.0,"X좌표7":555.0,"X좌표4":440.0,"X좌표5":480.0,"Y좌표26":495.014,"Y좌표25":531.001,"Y좌표28":502.012,"Y좌표9":231.913,"Y좌표27":497.013,"Y좌표22":766.912,"Y좌표21":796.901,"Y좌표24":577.983,"Y좌표23":633.962,"Y좌표20":808.896,"X좌표19":392.0,"X좌표18":450.0,"X좌표17":500.0,"X좌표16":508.0,"X좌표15":519.0,"X좌표14":529.0,"X좌표13":561.0,"X좌표12":580.0,"X좌표11":583.0,"Y좌표4":11.9955,"X좌표10":586.0,"Y좌표3":2.99887,"Y좌표2":6.99737,"Y좌표1":13.9947,"Y좌표8":194.927,"Y좌표7":125.953,"Y좌표29":499.013,"Y좌표6":72.9726,"Y좌표5":33.9872,"Y좌표15":618.968,"Y좌표14":492.815,"Y좌표17":788.904,"Y좌표16":742.921,"Y좌표11":430.838,"Y좌표10":352.868,"Y좌표13":491.815,"Y좌표12":481.819,"X좌표29":232.0,"X좌표28":248.0,"X좌표27":263.0,"X좌표26":276.0,"X좌표25":274.0,"X좌표24":272.0,"X좌표23":271.0,"X좌표22":284.0,"X좌표21":303.0,"X좌표20":339.0,"Y좌표19":808.896,"Y좌표18":812.895}],"하의":[{"X좌표38":296.0,"X좌표37":297.0,"X좌표36":294.0,"X좌표35":294.0,"X좌표34":296.0,"X좌표33":310.0,"X좌표32":332.0,"X좌표31":348.0,"X좌표30":360.0,"Y좌표37":837.885,"Y좌표36":916.856,"X좌표8":500.0,"X좌표9":508.0,"Y좌표38":793.902,"Y좌표33":996.826,"Y좌표32":1005.82,"Y좌표35":973.834,"Y좌표34":993.827,"Y좌표31":1010.82,"Y좌표30":1009.82,"X좌표2":308.0,"X좌표3":326.0,"X좌표1":297.0,"X좌표6":478.0,"X좌표7":502.0,"X좌표4":380.0,"X좌표5":410.0,"Y좌표26":926.852,"Y좌표25":895.864,"Y좌표28":978.833,"Y좌표9":949.843,"Y좌표27":944.845,"Y좌표22":850.881,"Y좌표21":809.896,"Y좌표24":883.868,"Y좌표23":865.875,"Y좌표20":809.896,"X좌표19":408.0,"X좌표18":400.0,"X좌표17":399.0,"X좌표16":404.0,"X좌표15":406.0,"X좌표14":404.0,"X좌표13":404.0,"X좌표12":436.0,"X좌표11":460.0,"Y좌표4":810.896,"X좌표10":509.0,"Y좌표3":807.897,"Y좌표2":807.897,"Y좌표1":792.902,"Y좌표8":854.879,"Y좌표7":789.904,"Y좌표29":987.829,"Y좌표6":803.898,"Y좌표5":809.896,"Y좌표15":924.853,"Y좌표14":945.845,"Y좌표17":876.871,"Y좌표16":894.864,"Y좌표11":1001.82,"Y좌표10":989.828,"Y좌표13":973.834,"Y좌표12":1002.82,"X좌표29":388.0,"X좌표28":400.0,"X좌표27":404.0,"X좌표26":402.0,"X좌표25":405.0,"X좌표24":397.0,"X좌표23":398.0,"X좌표22":392.0,"X좌표21":388.0,"X좌표20":410.0,"Y좌표19":822.891,"Y좌표18":847.882}],"원피스":[{}],"상의":[{}]},"라벨링":{"스타일":[{"스타일":"모던","서브스타일":"스트리트"}],"아우터":[{"기장":"롱","색상":"네이비","카테고리":"코트","옷깃":"테일러드칼라","소매기장":"긴팔","소재":["울\/캐시미어"],"프린트":["무지"],"핏":"노멀"}],"하의":[{"색상":"화이트"}],"원피스":[{}],"상의":[{}]}},"파일 번호":351326,"파일 이름":"157673689764699300_125663763.jpg"}}