{"이미지 정보":{"이미지 식별자":351345,"이미지 높이":1066,"이미지 파일명":"157776635310383800_457975769.jpg","이미지 너비":800},"데이터셋 정보":{"파일 생성일자":"2020-09-14 04:55:27","데이터셋 상세설명":{"렉트좌표":{"아우터":[{"X좌표":65.5,"Y좌표":46.4824,"가로":614,"세로":934}],"하의":[{}],"원피스":[{}],"상의":[{"X좌표":271.5,"Y좌표":-0.5,"가로":224,"세로":318}]},"폴리곤좌표":{"아우터":[{"Y좌표47":311.883,"Y좌표44":91.9655,"Y좌표43":47.982,"Y좌표46":219.917,"Y좌표45":152.943,"Y좌표40":121.954,"Y좌표42":76.9711,"Y좌표41":91.9655,"X좌표39":123.0,"X좌표38":100.0,"X좌표37":91.0,"X좌표36":76.0,"X좌표35":67.0,"X좌표34":66.0,"X좌표33":76.0,"X좌표32":80.0,"X좌표31":75.0,"X좌표30":85.0,"Y좌표37":364.863,"Y좌표36":475.821,"X좌표8":620.0,"Y좌표39":173.935,"X좌표9":640.0,"Y좌표38":311.883,"Y좌표33":852.88,"Y좌표32":886.867,"Y좌표35":693.94,"Y좌표34":822.891,"Y좌표31":940.847,"Y좌표30":980.832,"X좌표47":388.0,"X좌표46":352.0,"X좌표45":310.0,"X좌표44":283.0,"X좌표2":469.0,"X좌표43":281.0,"X좌표3":478.0,"X좌표42":220.0,"X좌표41":180.0,"X좌표1":396.0,"X좌표40":140.0,"X좌표6":543.0,"X좌표7":586.0,"X좌표4":494.0,"X좌표5":496.0,"Y좌표26":962.839,"Y좌표25":975.834,"Y좌표28":966.837,"Y좌표9":111.958,"Y좌표27":953.842,"Y좌표22":970.836,"Y좌표21":981.831,"Y좌표24":960.839,"Y좌표23":958.84,"Y좌표20":966.837,"X좌표19":596.0,"X좌표18":602.0,"X좌표17":642.0,"X좌표16":677.0,"X좌표15":677.0,"X좌표14":678.0,"X좌표13":678.0,"X좌표12":680.0,"X좌표11":679.0,"Y좌표4":63.976,"X좌표10":663.0,"Y좌표3":87.967,"Y좌표2":124.953,"Y좌표1":314.882,"Y좌표8":83.9685,"Y좌표7":69.9737,"Y좌표29":978.833,"Y좌표6":61.9767,"Y좌표5":46.9824,"Y좌표15":846.882,"Y좌표14":758.715,"Y좌표17":926.852,"Y좌표16":940.847,"Y좌표11":192.928,"Y좌표10":139.947,"Y좌표13":558.79,"Y좌표12":339.872,"X좌표29":128.0,"X좌표28":180.0,"X좌표27":180.0,"X좌표26":196.0,"X좌표25":230.0,"X좌표24":381.0,"X좌표23":395.0,"X좌표22":430.0,"X좌표21":457.0,"X좌표20":553.0,"Y좌표19":948.844,"Y좌표18":922.854}],"하의":[{}],"원피스":[{}],"상의":[{"X좌표8":443.0,"X좌표9":467.0,"X좌표2":328.0,"X좌표3":344.0,"X좌표1":328.0,"X좌표6":399.0,"X좌표7":427.0,"X좌표4":359.0,"X좌표5":380.0,"Y좌표26":10.9959,"Y좌표25":18.9929,"Y좌표28":1.99925,"Y좌표9":3.9985,"Y좌표27":6.99737,"Y좌표22":44.9831,"Y좌표21":52.9801,"Y좌표24":31.988,"Y좌표23":36.9861,"Y좌표20":108.959,"X좌표19":311.0,"X좌표18":352.0,"X좌표17":400.0,"X좌표16":429.0,"X좌표15":459.0,"X좌표14":484.0,"X좌표13":496.0,"X좌표12":494.0,"X좌표11":482.0,"Y좌표4":35.9865,"X좌표10":469.0,"Y좌표3":27.9895,"Y좌표2":14.9944,"Y좌표1":0.999625,"Y좌표8":26.9899,"Y좌표7":39.985,"Y좌표6":42.9839,"Y좌표5":41.9842,"Y좌표15":153.942,"Y좌표14":84.9681,"Y좌표17":318.88,"Y좌표16":245.908,"Y좌표11":0.0,"Y좌표10":0.999625,"Y좌표13":36.9861,"Y좌표12":11.9955,"X좌표28":321.0,"X좌표27":316.0,"X좌표26":312.0,"X좌표25":307.0,"X좌표24":301.0,"X좌표23":297.0,"X좌표22":290.0,"X좌표21":272.0,"X좌표20":285.0,"Y좌표19":168.937,"Y좌표18":235.911}]},"라벨링":{"스타일":[{"스타일":"스트리트","서브스타일":"키치"}],"아우터":[{"기장":"노말","색상":"스카이블루","서브색상":"옐로우","카테고리":"가디건","소매기장":"긴팔","소재":["니트"],"프린트":["무지"],"넥라인":"브이넥","핏":"노멀"}],"하의":[{}],"원피스":[{}],"상의":[{"기장":"노멀","색상":"화이트","카테고리":"티셔츠","소매기장":"없음","소재":["니트"],"프린트":["무지"],"넥라인":"터틀넥","핏":"노멀"}]}},"파일 번호":351345,"파일 이름":"157776635310383800_457975769.jpg"}}