{"이미지 정보":{"이미지 식별자":355087,"이미지 높이":1066,"이미지 파일명":"u_157068577813710100_1092817594.jpg","이미지 너비":800},"데이터셋 정보":{"파일 생성일자":"2020-09-14 05:26:16","데이터셋 상세설명":{"렉트좌표":{"아우터":[{"X좌표":189.5,"Y좌표":8.49539,"가로":422,"세로":758}],"하의":[{"X좌표":284.5,"Y좌표":719.5,"가로":212,"세로":177}],"원피스":[{}],"상의":[{}]},"폴리곤좌표":{"아우터":[{"X좌표39":525.0,"X좌표38":529.0,"X좌표37":528.0,"X좌표36":533.0,"X좌표35":535.0,"X좌표34":537.0,"X좌표33":535.0,"X좌표32":574.0,"X좌표31":613.0,"X좌표30":605.0,"X좌표49":276.0,"X좌표48":302.0,"X좌표47":355.0,"X좌표46":386.0,"X좌표45":396.0,"X좌표44":400.0,"X좌표43":424.0,"X좌표42":460.0,"X좌표41":489.0,"X좌표40":514.0,"Y좌표26":232.881,"Y좌표25":183.906,"Y좌표28":346.822,"Y좌표27":275.859,"Y좌표22":63.9673,"Y좌표21":43.9775,"Y좌표24":127.935,"Y좌표23":98.9493,"Y좌표20":35.9816,"X좌표59":199.0,"X좌표58":190.0,"X좌표57":206.0,"X좌표56":237.0,"X좌표55":255.0,"X좌표54":255.0,"X좌표53":252.0,"X좌표52":254.0,"X좌표51":259.0,"X좌표50":259.0,"Y좌표29":406.792,"Y좌표15":45.9765,"Y좌표14":55.9713,"Y좌표17":25.9867,"Y좌표16":37.9806,"Y좌표11":73.9621,"Y좌표10":57.9703,"Y좌표13":62.9678,"Y좌표12":89.9539,"X좌표68":269.0,"X좌표67":250.0,"X좌표66":244.0,"X좌표65":236.0,"X좌표64":227.0,"X좌표63":211.0,"X좌표62":214.0,"Y좌표19":26.9862,"X좌표61":204.0,"Y좌표18":19.9898,"X좌표60":208.0,"Y좌표48":760.611,"Y좌표47":756.613,"Y좌표49":757.612,"Y좌표44":740.621,"Y좌표43":752.615,"Y좌표46":748.617,"Y좌표45":738.622,"Y좌표40":767.607,"Y좌표42":762.61,"Y좌표41":766.608,"Y좌표37":680.652,"Y좌표36":626.679,"X좌표8":370.0,"Y좌표39":743.619,"X좌표9":385.0,"Y좌표38":723.63,"Y좌표33":489.749,"Y좌표32":490.749,"Y좌표35":563.711,"Y좌표34":515.736,"Y좌표31":478.755,"Y좌표30":448.77,"X좌표2":289.0,"X좌표3":313.0,"X좌표1":268.0,"X좌표6":361.0,"X좌표7":360.0,"X좌표4":334.0,"X좌표5":350.0,"Y좌표9":47.9754,"Y좌표66":87.955,"Y좌표65":119.939,"Y좌표68":37.9806,"Y좌표67":60.9688,"Y좌표62":233.88,"Y좌표61":268.862,"Y좌표64":156.92,"Y좌표63":212.891,"Y좌표60":310.841,"X좌표19":478.0,"X좌표18":465.0,"X좌표17":440.0,"X좌표16":446.0,"X좌표15":434.0,"X좌표14":417.0,"X좌표13":403.0,"X좌표12":402.0,"X좌표11":400.0,"Y좌표4":24.9872,"X좌표10":396.0,"Y좌표3":29.9846,"Y좌표2":32.9831,"Y좌표1":41.9785,"Y좌표8":37.9806,"Y좌표7":26.9862,"Y좌표6":8.99539,"Y좌표5":14.9923,"Y좌표59":392.799,"Y좌표58":451.769,"Y좌표55":478.755,"Y좌표54":514.736,"Y좌표57":472.758,"Y좌표56":481.753,"Y좌표51":691.646,"Y좌표50":745.618,"Y좌표53":582.702,"Y좌표52":637.674,"X좌표29":604.0,"X좌표28":597.0,"X좌표27":584.0,"X좌표26":576.0,"X좌표25":569.0,"X좌표24":559.0,"X좌표23":552.0,"X좌표22":542.0,"X좌표21":533.0,"X좌표20":510.0}],"하의":[{"X좌표38":285.0,"X좌표37":302.0,"X좌표36":320.0,"X좌표35":354.0,"X좌표34":369.0,"X좌표33":377.0,"X좌표32":382.0,"X좌표31":380.0,"X좌표30":384.0,"Y좌표37":891.0,"Y좌표36":894.0,"X좌표8":394.0,"X좌표9":404.0,"Y좌표38":878.0,"Y좌표33":877.0,"Y좌표32":871.0,"Y좌표35":897.0,"Y좌표34":888.0,"Y좌표31":851.0,"Y좌표30":818.0,"X좌표2":289.0,"X좌표3":286.0,"X좌표1":294.0,"X좌표6":345.0,"X좌표7":374.0,"X좌표4":285.0,"X좌표5":315.0,"Y좌표26":741.0,"Y좌표25":730.0,"Y좌표28":767.0,"Y좌표9":723.0,"Y좌표27":762.0,"Y좌표22":848.0,"Y좌표21":880.0,"Y좌표24":769.0,"Y좌표23":813.0,"Y좌표20":882.0,"X좌표19":420.0,"X좌표18":444.0,"X좌표17":467.0,"X좌표16":489.0,"X좌표15":488.0,"X좌표14":487.0,"X좌표13":492.0,"X좌표12":497.0,"X좌표11":462.0,"Y좌표4":744.0,"X좌표10":425.0,"Y좌표3":783.0,"Y좌표2":829.0,"Y좌표1":890.0,"Y좌표8":720.0,"Y좌표7":737.0,"Y좌표29":785.0,"Y좌표6":746.0,"Y좌표5":747.0,"Y좌표15":862.0,"Y좌표14":849.0,"Y좌표17":890.0,"Y좌표16":877.0,"Y좌표11":750.0,"Y좌표10":738.0,"Y좌표13":810.0,"Y좌표12":756.0,"X좌표29":382.0,"X좌표28":374.0,"X좌표27":376.0,"X좌표26":379.0,"X좌표25":393.0,"X좌표24":391.0,"X좌표23":391.0,"X좌표22":395.0,"X좌표21":401.0,"X좌표20":411.0,"Y좌표19":887.0,"Y좌표18":895.0}],"원피스":[{}],"상의":[{}]},"라벨링":{"스타일":[{"스타일":"젠더리스","서브스타일":"스트리트"}],"아우터":[{"기장":"롱","색상":"그레이","카테고리":"점퍼","디테일":["지퍼"],"소매기장":"긴팔","소재":["우븐"],"프린트":["무지"],"넥라인":"유넥","핏":"노멀"}],"하의":[{"기장":"발목","카테고리":"팬츠","디테일":["포켓"],"소재":["우븐"],"프린트":["무지"],"핏":"노멀"}],"원피스":[{}],"상의":[{}]}},"파일 번호":355087,"파일 이름":"u_157068577813710100_1092817594.jpg"}}