{"이미지 정보":{"이미지 식별자":375533,"이미지 높이":1066,"이미지 파일명":"u_156748936236483000_627569123.jpg","이미지 너비":800},"데이터셋 정보":{"파일 생성일자":"2020-09-15 03:15:00","데이터셋 상세설명":{"렉트좌표":{"아우터":[{"X좌표":239.961,"Y좌표":8.50327,"가로":304,"세로":397}],"하의":[{"X좌표":267.922,"Y좌표":248.739,"가로":240,"세로":626}],"원피스":[{}],"상의":[{}]},"폴리곤좌표":{"아우터":[{"Y좌표9":406.841,"Y좌표22":58.9829,"Y좌표21":41.9898,"Y좌표23":48.987,"Y좌표20":21.998,"X좌표19":460.155,"X좌표18":498.102,"X좌표17":526.063,"X좌표16":545.037,"X좌표15":532.055,"X좌표14":497.104,"X좌표13":516.077,"X좌표12":533.054,"X좌표11":508.088,"Y좌표4":72.9772,"X좌표10":404.233,"Y좌표3":27.9955,"Y좌표2":9.00327,"Y좌표1":50.9862,"Y좌표8":401.843,"Y좌표7":318.877,"Y좌표6":315.878,"Y좌표5":241.908,"Y좌표15":263.899,"Y좌표14":290.888,"X좌표8":240.461,"Y좌표17":101.965,"X좌표9":338.325,"Y좌표16":220.917,"Y좌표11":402.843,"Y좌표10":398.844,"Y좌표13":326.874,"Y좌표12":392.847,"X좌표23":376.272,"X좌표22":384.261,"X좌표2":343.318,"X좌표21":409.226,"X좌표3":280.405,"X좌표20":436.188,"X좌표1":373.276,"X좌표6":244.455,"Y좌표19":21.998,"X좌표7":257.437,"Y좌표18":47.9874,"X좌표4":243.457,"X좌표5":240.461}],"하의":[{"X좌표8":395.245,"X좌표9":383.262,"X좌표2":268.422,"X좌표3":275.412,"X좌표1":288.394,"X좌표6":303.373,"X좌표7":377.27,"X좌표4":287.395,"X좌표5":308.366,"Y좌표26":286.446,"Y좌표25":339.424,"Y좌표28":254.237,"Y좌표9":701.277,"Y좌표27":249.239,"Y좌표22":805.234,"Y좌표21":849.217,"Y좌표24":407.397,"Y좌표23":526.348,"Y좌표20":876.206,"X좌표19":425.204,"X좌표18":376.272,"X좌표17":372.277,"X좌표16":396.244,"X좌표15":399.24,"X좌표14":394.247,"X좌표13":400.238,"X좌표12":390.252,"X좌표11":387.257,"Y좌표4":630.75,"X좌표10":378.269,"Y좌표3":455.821,"Y좌표2":381.851,"Y좌표1":255.903,"Y좌표8":754.255,"Y좌표7":803.235,"Y좌표6":798.237,"Y좌표5":722.713,"Y좌표15":715.271,"Y좌표14":614.312,"Y좌표17":842.219,"Y좌표16":785.243,"Y좌표11":547.34,"Y좌표10":625.308,"Y좌표13":526.348,"Y좌표12":455.377,"X좌표28":292.388,"X좌표27":475.134,"X좌표26":488.116,"X좌표25":497.104,"X좌표24":509.087,"X좌표23":506.091,"X좌표22":474.136,"X좌표21":460.155,"X좌표20":456.161,"Y좌표19":876.206,"Y좌표18":873.207}],"원피스":[{}],"상의":[{}]},"라벨링":{"스타일":[{"스타일":"스트리트"}],"아우터":[{"기장":"노말","색상":"핑크","카테고리":"패딩","디테일":["지퍼","스트링"],"소매기장":"긴팔","소재":["패딩"],"프린트":["무지"],"넥라인":"후드","핏":"노멀"}],"하의":[{"기장":"발목","색상":"블루","카테고리":"청바지","소재":["데님"],"프린트":["무지"],"핏":"노멀"}],"원피스":[{}],"상의":[{}]}},"파일 번호":375533,"파일 이름":"u_156748936236483000_627569123.jpg"}}