{"이미지 정보":{"이미지 식별자":375786,"이미지 높이":1066,"이미지 파일명":"u_156784268697486800_1169785389.jpg","이미지 너비":800},"데이터셋 정보":{"파일 생성일자":"2020-09-15 03:17:06","데이터셋 상세설명":{"렉트좌표":{"아우터":[{"X좌표":85.176,"Y좌표":0.506533,"가로":568,"세로":890}],"하의":[{}],"원피스":[{}],"상의":[{}]},"폴리곤좌표":{"아우터":[{"Y좌표43":67.9793,"Y좌표40":367.968,"Y좌표42":109.962,"Y좌표41":213.031,"X좌표39":653.886,"X좌표38":643.9,"X좌표37":615.938,"X좌표36":595.966,"X좌표35":552.027,"X좌표34":552.027,"X좌표33":560.016,"X좌표32":565.009,"X좌표31":574.995,"X좌표30":572.998,"Y좌표37":570.885,"Y좌표36":747.813,"X좌표8":107.645,"Y좌표39":606.871,"X좌표9":220.488,"Y좌표38":612.868,"Y좌표33":599.874,"Y좌표32":509.91,"Y좌표35":729.821,"Y좌표34":670.845,"Y좌표31":462.929,"Y좌표30":345.866,"X좌표2":295.384,"X좌표43":549.031,"X좌표3":220.488,"X좌표42":574.995,"X좌표41":614.94,"X좌표1":439.184,"X좌표40":652.887,"X좌표6":166.563,"X좌표7":152.583,"X좌표4":116.633,"X좌표5":85.676,"Y좌표26":1.00653,"Y좌표25":21.998,"Y좌표28":115.96,"Y좌표9":855.881,"Y좌표27":66.9797,"Y좌표22":139.95,"Y좌표21":191.929,"Y좌표24":4.00531,"Y좌표23":53.985,"Y좌표20":269.897,"X좌표19":558.019,"X좌표18":517.076,"X좌표17":456.161,"X좌표16":449.17,"X좌표15":474.136,"X좌표14":452.166,"X좌표13":250.447,"X좌표12":255.44,"X좌표11":303.373,"Y좌표4":296.886,"X좌표10":258.436,"Y좌표3":166.939,"Y좌표2":87.9711,"Y좌표1":23.9972,"Y좌표8":687.727,"Y좌표7":593.765,"Y좌표29":220.917,"Y좌표6":485.809,"Y좌표5":397.845,"Y좌표15":580.992,"Y좌표14":739.928,"Y좌표17":450.046,"Y좌표16":522.017,"Y좌표11":885.868,"Y좌표10":891.866,"Y좌표13":711.939,"Y좌표12":792.906,"X좌표29":556.022,"X좌표28":524.066,"X좌표27":549.031,"X좌표26":447.173,"X좌표25":442.18,"X좌표24":448.172,"X좌표23":489.115,"X좌표22":499.101,"X좌표21":519.073,"X좌표20":558.019,"Y좌표19":333.093,"Y좌표18":454.044}],"하의":[{}],"원피스":[{}],"상의":[{}]},"라벨링":{"스타일":[{"스타일":"스트리트","서브스타일":"힙합"}],"아우터":[{"기장":"노말","색상":"블루","카테고리":"점퍼","옷깃":"피터팬칼라","디테일":["지퍼","포켓"],"소매기장":"긴팔","소재":["데님"],"프린트":["무지"],"핏":"노멀"}],"하의":[{}],"원피스":[{}],"상의":[{}]}},"파일 번호":375786,"파일 이름":"u_156784268697486800_1169785389.jpg"}}