{"이미지 정보":{"이미지 식별자":377127,"이미지 높이":1066,"이미지 파일명":"u_157250299678250900_571254204.jpg","이미지 너비":800},"데이터셋 정보":{"파일 생성일자":"2020-09-15 03:28:09","데이터셋 상세설명":{"렉트좌표":{"아우터":[{"X좌표":290.945,"Y좌표":6.50907,"가로":270,"세로":626}],"하의":[{"X좌표":326.945,"Y좌표":555.496,"가로":158,"세로":349}],"원피스":[{}],"상의":[{}]},"폴리곤좌표":{"아우터":[{"Y좌표9":633.423,"X좌표15":449.445,"X좌표14":504.445,"X좌표13":562.445,"X좌표12":553.445,"X좌표11":531.445,"Y좌표4":116.906,"X좌표10":462.445,"Y좌표3":73.9465,"Y좌표2":30.9866,"Y좌표1":7.00907,"Y좌표8":577.476,"Y좌표7":557.494,"Y좌표6":401.64,"Y좌표5":241.789,"Y좌표15":8.00813,"Y좌표14":13.0035,"X좌표8":324.445,"X좌표9":323.445,"Y좌표11":580.473,"Y좌표10":613.442,"Y좌표13":113.909,"Y좌표12":371.668,"X좌표2":377.445,"X좌표3":353.445,"X좌표1":447.445,"X좌표6":306.445,"X좌표7":291.445,"X좌표4":326.445,"X좌표5":309.445}],"하의":[{"X좌표8":408.445,"X좌표9":447.445,"Y좌표9":853.717,"Y좌표11":628.927,"Y좌표10":819.749,"Y좌표12":563.988,"X좌표12":403.445,"X좌표11":416.445,"X좌표2":329.445,"Y좌표4":762.802,"X좌표10":486.445,"X좌표3":327.445,"Y좌표3":625.93,"Y좌표2":555.996,"X좌표1":399.445,"Y좌표1":562.989,"X좌표6":383.445,"Y좌표8":833.736,"X좌표7":431.445,"Y좌표7":885.687,"X좌표4":341.445,"Y좌표6":905.669,"X좌표5":328.445,"Y좌표5":897.676}],"원피스":[{}],"상의":[{}]},"라벨링":{"스타일":[{"스타일":"스트리트"}],"아우터":[{"기장":"롱","색상":"블랙","카테고리":"베스트","소매기장":"민소매","소재":["패딩"],"프린트":["무지"],"넥라인":"후드","핏":"루즈"}],"하의":[{"기장":"발목","색상":"블랙","카테고리":"팬츠","소재":["우븐"],"프린트":["무지"],"핏":"스키니"}],"원피스":[{}],"상의":[{"색상":"브라운","소매기장":"긴팔"}]}},"파일 번호":377127,"파일 이름":"u_157250299678250900_571254204.jpg"}}