{"이미지 정보":{"이미지 식별자":377269,"이미지 높이":1066,"이미지 파일명":"u_157285878369238900_805710335.jpg","이미지 너비":800},"데이터셋 정보":{"파일 생성일자":"2020-09-15 03:29:19","데이터셋 상세설명":{"렉트좌표":{"아우터":[{"X좌표":184.875,"Y좌표":7.50813,"가로":444,"세로":460}],"하의":[{"X좌표":293.875,"Y좌표":307.478,"가로":227,"세로":578}],"원피스":[{}],"상의":[{}]},"폴리곤좌표":{"아우터":[{"Y좌표44":180.846,"Y좌표43":147.877,"Y좌표40":56.9623,"Y좌표42":115.907,"Y좌표41":80.9399,"X좌표39":456.375,"X좌표38":470.375,"X좌표37":482.375,"X좌표36":520.375,"X좌표35":551.375,"X좌표34":586.375,"X좌표33":630.375,"X좌표32":626.375,"X좌표31":576.375,"X좌표30":540.375,"Y좌표37":8.00813,"Y좌표36":50.968,"X좌표8":275.375,"Y좌표39":45.9726,"X좌표9":262.375,"Y좌표38":25.9913,"Y좌표33":203.825,"Y좌표32":238.792,"Y좌표35":66.953,"Y좌표34":112.91,"Y좌표31":315.72,"Y좌표30":338.699,"X좌표44":415.375,"X좌표2":405.375,"X좌표43":419.375,"X좌표3":391.375,"X좌표42":420.375,"X좌표41":419.375,"X좌표1":415.375,"X좌표40":431.375,"X좌표6":334.375,"X좌표7":297.375,"X좌표4":376.375,"X좌표5":355.375,"Y좌표26":466.579,"Y좌표25":461.584,"Y좌표28":463.582,"Y좌표9":163.862,"Y좌표27":468.577,"Y좌표22":442.602,"Y좌표21":438.605,"Y좌표24":452.592,"Y좌표23":447.597,"Y좌표20":357.681,"X좌표19":294.375,"X좌표18":275.375,"X좌표17":251.375,"X좌표16":231.375,"X좌표15":214.375,"X좌표14":196.375,"X좌표13":185.375,"X좌표12":190.375,"X좌표11":240.375,"Y좌표4":37.9801,"X좌표10":252.375,"Y좌표3":70.9493,"Y좌표2":122.901,"Y좌표1":195.832,"Y좌표8":92.9287,"Y좌표7":60.9586,"Y좌표29":408.633,"Y좌표6":30.9866,"Y좌표5":14.0025,"Y좌표15":306.729,"Y좌표14":302.732,"Y좌표17":302.732,"Y좌표16":306.729,"Y좌표11":240.79,"Y좌표10":203.825,"Y좌표13":271.761,"Y좌표12":240.79,"X좌표29":555.375,"X좌표28":552.375,"X좌표27":530.375,"X좌표26":482.375,"X좌표25":434.375,"X좌표24":371.375,"X좌표23":335.375,"X좌표22":299.375,"X좌표21":264.375,"X좌표20":279.375,"Y좌표19":297.737,"Y좌표18":297.737}],"하의":[{"Y좌표40":307.978,"Y좌표42":311.974,"Y좌표41":311.974,"X좌표39":520.375,"X좌표38":522.375,"X좌표37":517.375,"X좌표36":509.375,"X좌표35":506.375,"X좌표34":497.375,"X좌표33":490.375,"X좌표32":481.375,"X좌표31":470.375,"X좌표30":460.375,"Y좌표37":366.922,"Y좌표36":423.869,"X좌표8":309.375,"Y좌표39":313.972,"X좌표9":311.375,"Y좌표38":334.952,"Y좌표33":604.7,"Y좌표32":658.65,"Y좌표35":481.815,"Y좌표34":539.761,"Y좌표31":763.551,"Y좌표30":837.482,"X좌표2":355.375,"X좌표3":326.375,"X좌표42":389.375,"X좌표41":437.375,"X좌표1":384.375,"X좌표40":477.375,"X좌표6":296.375,"X좌표7":295.375,"X좌표4":300.375,"X좌표5":294.375,"Y좌표26":766.549,"Y좌표25":723.589,"Y좌표28":842.478,"Y좌표9":667.641,"Y좌표27":818.5,"Y좌표22":522.777,"Y좌표21":483.813,"Y좌표24":677.632,"Y좌표23":598.706,"Y좌표20":441.852,"X좌표19":395.375,"X좌표18":385.375,"X좌표17":390.375,"X좌표16":386.375,"X좌표15":392.375,"X좌표14":396.375,"X좌표13":371.375,"X좌표12":341.375,"X좌표11":300.375,"Y좌표4":314.971,"X좌표10":309.375,"Y좌표3":311.974,"Y좌표2":311.974,"Y좌표1":311.974,"Y좌표8":589.714,"Y좌표7":457.837,"Y좌표29":861.46,"Y좌표6":394.896,"Y좌표5":341.946,"Y좌표15":787.529,"Y좌표14":879.443,"Y좌표17":611.693,"Y좌표16":697.613,"Y좌표11":874.448,"Y좌표10":763.551,"Y좌표13":882.44,"Y좌표12":886.437,"X좌표29":427.375,"X좌표28":412.375,"X좌표27":394.375,"X좌표26":401.375,"X좌표25":402.375,"X좌표24":406.375,"X좌표23":406.375,"X좌표22":411.375,"X좌표21":417.375,"X좌표20":406.375,"Y좌표19":481.815,"Y좌표18":536.764}],"원피스":[{}],"상의":[{}]},"라벨링":{"스타일":[{"스타일":"스트리트"}],"아우터":[{"기장":"노말","색상":"브라운","카테고리":"패딩","옷깃":"셔츠칼라","디테일":["퍼트리밍","셔링"],"소매기장":"긴팔","소재":["패딩"],"프린트":["무지"],"핏":"루즈"}],"하의":[{"기장":"발목","색상":"블루","카테고리":"청바지","소재":["데님"],"프린트":["무지"],"핏":"노멀"}],"원피스":[{}],"상의":[{}]}},"파일 번호":377269,"파일 이름":"u_157285878369238900_805710335.jpg"}}