{"이미지 정보":{"이미지 식별자":377400,"이미지 높이":1066,"이미지 파일명":"u_157293839571045800_1198494902.jpg","이미지 너비":800},"데이터셋 정보":{"파일 생성일자":"2020-09-15 03:30:24","데이터셋 상세설명":{"렉트좌표":{"아우터":[{"X좌표":62.1412,"Y좌표":1.53782,"가로":653,"세로":929}],"하의":[{}],"원피스":[{}],"상의":[{}]},"폴리곤좌표":{"아우터":[{"X좌표37":482.645,"X좌표36":455.645,"X좌표35":439.645,"X좌표34":421.645,"X좌표33":350.644,"X좌표32":338.644,"X좌표31":350.644,"X좌표30":322.644,"Y좌표37":5.03598,"Y좌표36":26.0232,"X좌표8":704.648,"X좌표9":677.647,"Y좌표33":85.9865,"Y좌표32":67.9975,"Y좌표35":63.0006,"Y좌표34":67.9975,"Y좌표31":44.0122,"Y좌표30":17.0287,"X좌표2":532.646,"X좌표3":593.646,"X좌표1":482.645,"X좌표6":715.648,"X좌표7":715.648,"X좌표4":676.647,"X좌표5":715.648,"Y좌표26":190.922,"Y좌표25":287.863,"Y좌표28":86.9859,"Y좌표9":764.572,"Y좌표27":122.964,"Y좌표22":670.629,"Y좌표21":754.578,"Y좌표24":391.8,"Y좌표23":568.692,"Y좌표20":769.569,"X좌표19":95.6416,"X좌표18":139.642,"X좌표17":181.642,"X좌표16":226.643,"X좌표15":301.644,"X좌표14":395.645,"X좌표13":475.645,"X좌표12":518.646,"X좌표11":587.646,"Y좌표4":169.935,"X좌표10":650.647,"Y좌표3":94.981,"Y좌표2":71.9951,"Y좌표1":2.03782,"Y좌표8":637.649,"Y좌표7":527.717,"Y좌표29":35.0177,"Y좌표6":404.792,"Y좌표5":289.862,"Y좌표15":886.497,"Y좌표14":910.483,"Y좌표17":835.528,"Y좌표16":860.513,"Y좌표11":895.492,"Y좌표10":856.516,"Y좌표13":931.47,"Y좌표12":929.471,"X좌표29":290.643,"X좌표28":262.643,"X좌표27":205.643,"X좌표26":182.642,"X좌표25":145.642,"X좌표24":112.642,"X좌표23":82.6414,"X좌표22":67.6413,"X좌표21":62.6412,"X좌표20":95.6416,"Y좌표19":796.552,"Y좌표18":802.549}],"하의":[{}],"원피스":[{}],"상의":[{}]},"라벨링":{"스타일":[{"스타일":"스트리트","서브스타일":"섹시"}],"아우터":[{"기장":"노말","색상":"블랙","서브색상":"브라운","카테고리":"점퍼","디테일":["지퍼"],"소매기장":"긴팔","소재":["퍼"],"프린트":["호피"],"핏":"루즈"}],"하의":[{}],"원피스":[{}],"상의":[{}]}},"파일 번호":377400,"파일 이름":"u_157293839571045800_1198494902.jpg"}}