{"이미지 정보":{"이미지 식별자":38559,"이미지 높이":800,"이미지 파일명":"Myer_001_08.jpg","이미지 너비":800},"데이터셋 정보":{"파일 생성일자":"2020-08-07 02:55:56","데이터셋 상세설명":{"렉트좌표":{"아우터":[{"X좌표":172.023,"Y좌표":-0.483529,"가로":404,"세로":739}],"하의":[{}],"원피스":[{}],"상의":[{}]},"폴리곤좌표":{"아우터":[{"X좌표34":376.413,"X좌표33":449.374,"X좌표32":462.367,"X좌표31":482.356,"X좌표30":549.319,"X좌표8":196.51,"X좌표9":291.459,"Y좌표33":42.9932,"Y좌표32":0.0164706,"Y좌표34":18.0067,"Y좌표31":25.0029,"Y좌표30":52.9878,"X좌표2":301.454,"X좌표3":273.469,"X좌표1":373.415,"X좌표6":206.505,"X좌표7":172.523,"X좌표4":277.467,"X좌표5":266.473,"Y좌표26":371.596,"Y좌표25":339.613,"Y좌표28":250.881,"Y좌표9":661.439,"Y좌표27":424.567,"Y좌표22":684.426,"Y좌표21":716.409,"Y좌표24":328.619,"Y좌표23":659.44,"Y좌표20":739.397,"X좌표19":498.347,"X좌표18":483.355,"X좌표17":418.39,"X좌표16":366.418,"X좌표15":307.45,"X좌표14":352.426,"X좌표13":404.398,"X좌표12":448.374,"X좌표11":362.421,"Y좌표4":264.873,"X좌표10":270.47,"Y좌표3":215.9,"Y좌표2":41.9938,"Y좌표1":16.0078,"Y좌표8":694.421,"Y좌표7":717.409,"Y좌표29":170.924,"Y좌표6":611.466,"Y좌표5":311.848,"Y좌표15":691.423,"Y좌표14":384.589,"Y좌표17":710.412,"Y좌표16":710.412,"Y좌표11":44.9921,"Y좌표10":422.568,"Y좌표13":146.937,"Y좌표12":47.9905,"X좌표29":567.31,"X좌표28":577.304,"X좌표27":565.311,"X좌표26":521.335,"X좌표25":523.334,"X좌표24":519.336,"X좌표23":530.33,"X좌표22":515.338,"X좌표21":509.341,"X좌표20":506.343,"Y좌표19":704.416,"Y좌표18":722.406}],"하의":[{}],"원피스":[{}],"상의":[{}]},"라벨링":{"스타일":[{"스타일":"키치","서브스타일":"모던"}],"아우터":[{"기장":"롱","색상":"그레이","카테고리":"재킷","옷깃":"테일러드칼라","디테일":["단추","패치워크"],"소매기장":"긴팔","소재":["우븐"],"프린트":["무지"],"넥라인":"브이넥","핏":"노멀"}],"하의":[{}],"원피스":[{}],"상의":[{}]}},"파일 번호":38559,"파일 이름":"Myer_001_08.jpg"}}