{"이미지 정보":{"이미지 식별자":390009,"이미지 높이":1066,"이미지 파일명":"u_155444836057880200_1850140075.jpg","이미지 너비":800},"데이터셋 정보":{"파일 생성일자":"2020-09-15 06:49:40","데이터셋 상세설명":{"렉트좌표":{"아우터":[{}],"하의":[{}],"원피스":[{}],"상의":[{"X좌표":7.59375,"Y좌표":73.5,"가로":770,"세로":914}]},"폴리곤좌표":{"아우터":[{}],"하의":[{}],"원피스":[{}],"상의":[{"X좌표39":411.094,"X좌표38":513.094,"X좌표37":562.094,"X좌표36":589.094,"X좌표35":605.094,"X좌표34":616.094,"X좌표33":617.094,"X좌표32":626.094,"X좌표31":635.094,"X좌표30":648.094,"X좌표49":134.094,"X좌표48":130.094,"X좌표47":136.094,"X좌표46":151.094,"X좌표45":174.094,"X좌표44":183.094,"X좌표43":182.094,"X좌표42":220.094,"X좌표41":281.094,"X좌표40":353.094,"Y좌표26":612.0,"Y좌표25":582.0,"Y좌표28":678.0,"Y좌표27":641.0,"Y좌표22":558.0,"Y좌표21":559.0,"Y좌표24":514.0,"Y좌표23":530.0,"Y좌표20":515.0,"X좌표59":22.0938,"X좌표58":8.09375,"X좌표57":11.0938,"X좌표56":18.0938,"X좌표55":19.0938,"X좌표54":63.0938,"X좌표53":104.094,"X좌표52":138.094,"X좌표51":155.094,"X좌표50":139.094,"Y좌표29":700.0,"Y좌표15":462.0,"Y좌표14":415.0,"Y좌표17":499.0,"Y좌표16":486.0,"Y좌표11":226.0,"Y좌표10":182.0,"Y좌표13":342.0,"Y좌표12":282.0,"X좌표69":262.094,"X좌표68":235.094,"X좌표67":198.094,"X좌표66":166.094,"X좌표65":132.094,"X좌표64":114.094,"X좌표63":91.0938,"X좌표62":85.0938,"Y좌표19":523.0,"X좌표61":65.0938,"Y좌표18":513.0,"X좌표60":42.0938,"Y좌표48":807.0,"Y좌표47":919.0,"Y좌표49":738.0,"Y좌표44":977.0,"Y좌표43":959.0,"Y좌표46":988.0,"Y좌표45":986.0,"Y좌표40":988.0,"Y좌표42":975.0,"Y좌표41":983.0,"Y좌표37":952.0,"Y좌표36":936.0,"X좌표8":596.094,"Y좌표39":986.0,"X좌표9":619.094,"Y좌표38":976.0,"Y좌표33":838.0,"Y좌표32":816.0,"Y좌표35":911.0,"Y좌표34":868.0,"Y좌표31":772.0,"Y좌표30":738.0,"X좌표2":320.094,"X좌표3":387.094,"X좌표1":261.094,"X좌표6":521.094,"X좌표7":554.094,"X좌표4":445.094,"X좌표5":467.094,"Y좌표69":75.0,"Y좌표9":129.0,"Y좌표66":116.0,"Y좌표65":140.0,"Y좌표68":88.0,"Y좌표67":103.0,"Y좌표62":273.0,"Y좌표61":361.0,"Y좌표64":166.0,"Y좌표63":227.0,"Y좌표60":384.0,"X좌표19":742.094,"X좌표18":767.094,"X좌표17":773.094,"X좌표16":776.094,"X좌표15":778.094,"X좌표14":762.094,"X좌표13":720.094,"X좌표12":701.094,"X좌표11":684.094,"Y좌표4":81.0,"X좌표10":660.094,"Y좌표3":87.0,"Y좌표2":74.0,"Y좌표1":75.0,"Y좌표8":109.0,"Y좌표7":97.0,"Y좌표6":89.0,"Y좌표5":75.0,"Y좌표59":418.0,"Y좌표58":454.0,"Y좌표55":525.0,"Y좌표54":530.0,"Y좌표57":481.0,"Y좌표56":501.0,"Y좌표51":537.0,"Y좌표50":632.0,"Y좌표53":530.0,"Y좌표52":527.0,"X좌표29":668.094,"X좌표28":669.094,"X좌표27":662.094,"X좌표26":652.094,"X좌표25":643.094,"X좌표24":636.094,"X좌표23":654.094,"X좌표22":664.094,"X좌표21":675.094,"X좌표20":737.094}]},"라벨링":{"스타일":[{"스타일":"스트리트"}],"아우터":[{}],"하의":[{"카테고리":"청바지","소재":["데님"],"프린트":["무지"]}],"원피스":[{}],"상의":[{"기장":"롱","색상":"민트","서브색상":"퍼플","카테고리":"티셔츠","소매기장":"반팔","소재":["저지"],"프린트":["레터링","그래픽"],"핏":"루즈"}]}},"파일 번호":390009,"파일 이름":"u_155444836057880200_1850140075.jpg"}}