{"이미지 정보":{"이미지 식별자":40201,"이미지 높이":800,"이미지 파일명":"Eirene_054_07.jpg","이미지 너비":800},"데이터셋 정보":{"파일 생성일자":"2020-08-07 06:32:20","데이터셋 상세설명":{"렉트좌표":{"아우터":[{"X좌표":115.5,"Y좌표":4.16667,"가로":420,"세로":700}],"하의":[{}],"원피스":[{}],"상의":[{}]},"폴리곤좌표":{"아우터":[{"X좌표8":132.0,"X좌표9":131.333,"X좌표2":162.0,"X좌표3":138.0,"X좌표1":203.333,"X좌표6":119.333,"X좌표7":121.333,"X좌표4":124.0,"X좌표5":116.0,"Y좌표26":22.0,"Y좌표25":35.3333,"Y좌표9":556.0,"Y좌표22":224.667,"Y좌표21":367.333,"Y좌표24":77.3333,"Y좌표23":102.667,"Y좌표20":465.333,"X좌표19":536.667,"X좌표18":532.667,"X좌표17":491.333,"X좌표16":428.667,"X좌표15":369.333,"X좌표14":298.0,"X좌표13":272.667,"X좌표12":222.0,"X좌표11":157.333,"Y좌표4":154.0,"X좌표10":146.0,"Y좌표3":89.3333,"Y좌표2":38.0,"Y좌표1":4.66667,"Y좌표8":465.333,"Y좌표7":340.667,"Y좌표6":264.0,"Y좌표5":201.333,"Y좌표15":664.667,"Y좌표14":672.667,"Y좌표17":630.0,"Y좌표16":645.333,"Y좌표11":681.333,"Y좌표10":656.667,"Y좌표13":678.667,"Y좌표12":705.333,"X좌표26":264.0,"X좌표25":295.333,"X좌표24":332.667,"X좌표23":364.0,"X좌표22":422.667,"X좌표21":468.0,"X좌표20":502.0,"Y좌표19":530.667,"Y좌표18":604.667}],"하의":[{}],"원피스":[{}],"상의":[{}]},"라벨링":{"스타일":[{"스타일":"스트리트"}],"아우터":[{"기장":"롱","색상":"블랙","카테고리":"베스트","디테일":["지퍼","포켓"],"소매기장":"민소매","소재":["패딩"],"핏":"노멀"}],"하의":[{}],"원피스":[{}],"상의":[{"카테고리":"니트웨어","소재":["니트"],"넥라인":"터틀넥"}]}},"파일 번호":40201,"파일 이름":"Eirene_054_07.jpg"}}