{"이미지 정보":{"이미지 식별자":40231,"이미지 높이":800,"이미지 파일명":"Eirene_056_08.jpg","이미지 너비":800},"데이터셋 정보":{"파일 생성일자":"2020-08-07 06:32:30","데이터셋 상세설명":{"렉트좌표":{"아우터":[{"X좌표":324.167,"Y좌표":-0.5,"가로":468,"세로":787}],"하의":[{}],"원피스":[{}],"상의":[{}]},"폴리곤좌표":{"아우터":[{"Y좌표47":74.0,"Y좌표44":0.0,"Y좌표43":4.0,"Y좌표46":67.3333,"Y좌표45":49.3333,"Y좌표40":52.6667,"Y좌표42":6.66667,"Y좌표41":24.0,"X좌표39":787.333,"X좌표38":793.333,"X좌표37":781.333,"X좌표36":780.0,"X좌표35":773.333,"X좌표34":768.0,"X좌표33":758.0,"X좌표32":776.0,"X좌표31":779.333,"X좌표30":776.667,"Y좌표37":196.0,"Y좌표36":236.667,"X좌표8":406.0,"Y좌표39":73.3333,"X좌표9":390.667,"Y좌표38":152.0,"Y좌표33":408.667,"Y좌표32":457.333,"Y좌표35":301.333,"Y좌표34":352.667,"Y좌표31":626.667,"Y좌표30":677.333,"X좌표47":590.0,"X좌표46":606.0,"X좌표45":624.0,"X좌표44":650.0,"X좌표2":560.667,"X좌표43":742.0,"X좌표3":515.0,"X좌표42":762.667,"X좌표41":771.333,"X좌표1":578.0,"X좌표40":754.0,"X좌표6":445.333,"X좌표7":414.0,"X좌표4":486.667,"X좌표5":467.333,"Y좌표26":726.667,"Y좌표25":777.333,"Y좌표28":689.333,"Y좌표9":160.0,"Y좌표27":704.0,"Y좌표22":781.333,"Y좌표21":736.0,"Y좌표24":786.667,"Y좌표23":787.333,"Y좌표20":698.667,"X좌표19":442.667,"X좌표18":370.667,"X좌표17":335.333,"X좌표16":324.667,"X좌표15":332.667,"X좌표14":335.333,"X좌표13":345.333,"X좌표12":362.667,"X좌표11":374.667,"Y좌표4":14.0,"X좌표10":380.0,"Y좌표3":1.0,"Y좌표2":0.666672,"Y좌표1":46.6667,"Y좌표8":99.3333,"Y좌표7":59.3333,"Y좌표29":682.0,"Y좌표6":43.3333,"Y좌표5":34.0,"Y좌표15":520.667,"Y좌표14":465.333,"Y좌표17":660.667,"Y좌표16":624.0,"Y좌표11":283.333,"Y좌표10":218.0,"Y좌표13":424.0,"Y좌표12":350.667,"X좌표29":758.667,"X좌표28":730.0,"X좌표27":687.333,"X좌표26":657.333,"X좌표25":645.333,"X좌표24":619.333,"X좌표23":589.333,"X좌표22":570.667,"X좌표21":576.667,"X좌표20":495.333,"Y좌표19":700.667,"Y좌표18":701.333}],"하의":[{}],"원피스":[{}],"상의":[{}]},"라벨링":{"스타일":[{"스타일":"스트리트"}],"아우터":[{"기장":"하프","색상":"블랙","카테고리":"패딩","디테일":["지퍼","스트링","포켓"],"소매기장":"민소매","소재":["패딩"],"핏":"노멀"}],"하의":[{"색상":"블루"}],"원피스":[{}],"상의":[{"기장":"노멀","카테고리":"티셔츠","소재":["저지"],"넥라인":"라운드넥","핏":"노멀"}]}},"파일 번호":40231,"파일 이름":"Eirene_056_08.jpg"}}