{"이미지 정보":{"이미지 식별자":40314,"이미지 높이":800,"이미지 파일명":"Eirene_062_02.jpg","이미지 너비":800},"데이터셋 정보":{"파일 생성일자":"2020-08-07 06:33:01","데이터셋 상세설명":{"렉트좌표":{"아우터":[{"X좌표":159.5,"Y좌표":6.83334,"가로":347,"세로":634}],"하의":[{"X좌표":196.5,"Y좌표":252.5,"가로":211,"세로":483}],"원피스":[{}],"상의":[{}]},"폴리곤좌표":{"아우터":[{"X좌표35":291.333,"X좌표34":326.667,"X좌표33":386.0,"X좌표32":443.333,"X좌표31":468.0,"X좌표30":490.0,"X좌표8":161.333,"X좌표9":164.0,"Y좌표33":13.3333,"Y좌표32":30.6667,"Y좌표35":35.3333,"Y좌표34":7.33334,"Y좌표31":88.0,"Y좌표30":154.0,"X좌표2":219.333,"X좌표3":209.333,"X좌표1":257.333,"X좌표6":162.667,"X좌표7":160.0,"X좌표4":184.667,"X좌표5":172.0,"Y좌표26":358.0,"Y좌표25":407.333,"Y좌표28":258.667,"Y좌표9":345.333,"Y좌표27":304.0,"Y좌표22":551.333,"Y좌표21":572.0,"Y좌표24":454.667,"Y좌표23":514.667,"Y좌표20":576.0,"X좌표19":393.333,"X좌표18":382.0,"X좌표17":343.333,"X좌표16":326.667,"X좌표15":299.333,"X좌표14":263.333,"X좌표13":221.333,"X좌표12":192.0,"X좌표11":191.333,"Y좌표4":117.333,"X좌표10":170.0,"Y좌표3":79.3333,"Y좌표2":48.6667,"Y좌표1":10.0,"Y좌표8":290.667,"Y좌표7":236.667,"Y좌표29":222.0,"Y좌표6":202.667,"Y좌표5":154.667,"Y좌표15":562.667,"Y좌표14":568.667,"Y좌표17":642.0,"Y좌표16":599.333,"Y좌표11":466.667,"Y좌표10":418.667,"Y좌표13":607.333,"Y좌표12":572.0,"X좌표29":494.0,"X좌표28":488.667,"X좌표27":487.333,"X좌표26":502.667,"X좌표25":507.333,"X좌표24":502.0,"X좌표23":500.667,"X좌표22":502.0,"X좌표21":470.0,"X좌표20":434.0,"Y좌표19":589.333,"Y좌표18":619.333}],"하의":[{"X좌표8":404.0,"X좌표9":400.0,"Y좌표9":288.0,"Y좌표10":266.0,"X좌표2":226.0,"Y좌표4":700.0,"X좌표10":332.0,"X좌표3":206.0,"Y좌표3":278.0,"Y좌표2":253.0,"X좌표1":320.0,"Y좌표1":262.0,"X좌표6":320.0,"Y좌표8":608.0,"X좌표7":408.0,"Y좌표7":668.0,"X좌표4":197.0,"Y좌표6":712.0,"X좌표5":246.0,"Y좌표5":736.0}],"원피스":[{}],"상의":[{}]},"라벨링":{"스타일":[{"스타일":"스트리트"}],"아우터":[{"기장":"롱","색상":"블랙","카테고리":"패딩","디테일":["지퍼","포켓"],"소매기장":"긴팔","소재":["패딩"],"핏":"루즈"}],"하의":[{"기장":"발목","색상":"화이트","카테고리":"팬츠","디테일":["롤업"],"소재":["우븐"],"핏":"노멀"}],"원피스":[{}],"상의":[{}]}},"파일 번호":40314,"파일 이름":"Eirene_062_02.jpg"}}