{"이미지 정보":{"이미지 식별자":408871,"이미지 높이":800,"이미지 파일명":"J-tory_354_09.jpg","이미지 너비":800},"데이터셋 정보":{"파일 생성일자":"2020-09-16 02:02:08","데이터셋 상세설명":{"렉트좌표":{"아우터":[{}],"하의":[{"X좌표":310.075,"Y좌표":213.21,"가로":221,"세로":518}],"원피스":[{}],"상의":[{"X좌표":207.218,"Y좌표":6.49721,"가로":338,"세로":426}]},"폴리곤좌표":{"아우터":[{}],"하의":[{"Y좌표9":564.444,"X좌표13":317.565,"X좌표12":455.374,"X좌표11":491.324,"Y좌표4":527.274,"X좌표10":496.317,"Y좌표3":425.415,"Y좌표2":345.526,"Y좌표1":261.643,"Y좌표8":715.234,"Y좌표7":732.211,"Y좌표6":728.216,"Y좌표5":664.305,"X좌표8":532.267,"X좌표9":516.289,"Y좌표11":287.607,"Y좌표10":462.586,"Y좌표13":261.643,"Y좌표12":213.71,"X좌표2":310.575,"X좌표3":339.535,"X좌표1":313.571,"X좌표6":439.396,"X좌표7":473.349,"X좌표4":392.461,"X좌표5":446.386}],"원피스":[{}],"상의":[{"X좌표38":370.492,"X좌표37":367.496,"X좌표36":406.442,"X좌표35":451.379,"X좌표34":469.354,"X좌표33":509.299,"X좌표32":546.247,"X좌표31":539.257,"X좌표30":513.293,"Y좌표37":6.99721,"Y좌표36":13.9875,"X좌표8":251.657,"X좌표9":263.64,"Y좌표38":21.9764,"Y좌표33":119.84,"Y좌표32":141.81,"Y좌표35":27.968,"Y좌표34":63.918,"Y좌표31":223.696,"Y좌표30":371.49,"X좌표2":266.636,"X좌표3":242.669,"X좌표1":310.575,"X좌표6":207.718,"X좌표7":229.687,"X좌표4":226.692,"X좌표5":208.717,"Y좌표26":277.621,"Y좌표25":238.675,"Y좌표28":335.54,"Y좌표9":243.668,"Y좌표27":312.572,"Y좌표22":78.8972,"Y좌표21":22.975,"Y좌표24":186.747,"Y좌표23":126.831,"Y좌표20":28.9667,"X좌표19":352.517,"X좌표18":370.492,"X좌표17":395.457,"X좌표16":405.443,"X좌표15":390.464,"X좌표14":360.506,"X좌표13":329.549,"X좌표12":296.594,"X좌표11":287.607,"Y좌표4":146.803,"X좌표10":276.622,"Y좌표3":72.9055,"Y좌표2":50.9361,"Y좌표1":29.9653,"Y좌표8":266.636,"Y좌표7":262.642,"Y좌표29":366.497,"Y좌표6":233.682,"Y좌표5":200.728,"Y좌표15":416.428,"Y좌표14":433.404,"Y좌표17":342.531,"Y좌표16":405.443,"Y좌표11":369.493,"Y좌표10":257.649,"Y좌표13":432.406,"Y좌표12":429.41,"X좌표29":477.343,"X좌표28":442.392,"X좌표27":442.392,"X좌표26":463.362,"X좌표25":447.385,"X좌표24":440.394,"X좌표23":436.4,"X좌표22":399.451,"X좌표21":370.492,"X좌표20":316.567,"Y좌표19":79.8958,"Y좌표18":201.726}]},"라벨링":{"스타일":[{"스타일":"스트리트","서브스타일":"모던"}],"아우터":[{}],"하의":[{"기장":"발목","색상":"블랙","카테고리":"팬츠","소재":["우븐"],"프린트":["무지"],"핏":"벨보텀"}],"원피스":[{}],"상의":[{"기장":"롱","색상":"화이트","서브색상":"블랙","카테고리":"셔츠","옷깃":"셔츠칼라","디테일":["드롭숄더","포켓"],"소매기장":"긴팔","소재":["우븐"],"프린트":["스트라이프"],"핏":"오버사이즈"}]}},"파일 번호":408871,"파일 이름":"J-tory_354_09.jpg"}}