{"이미지 정보":{"이미지 식별자":41060,"이미지 높이":800,"이미지 파일명":"MAINSTORY_040_05.jpg","이미지 너비":800},"데이터셋 정보":{"파일 생성일자":"2020-08-07 06:37:37","데이터셋 상세설명":{"렉트좌표":{"아우터":[{"X좌표":210.791,"Y좌표":-2.27974,"가로":442,"세로":624}],"하의":[{}],"원피스":[{}],"상의":[{}]},"폴리곤좌표":{"아우터":[{"Y좌표9":610.022,"X좌표15":529.98,"X좌표14":628.428,"X좌표13":653.294,"X좌표12":612.189,"X좌표11":642.13,"Y좌표4":257.665,"X좌표10":588.339,"Y좌표3":179.984,"Y좌표2":70.8242,"Y좌표1":6.85149,"Y좌표8":622.715,"Y좌표7":615.099,"Y좌표6":551.127,"Y좌표5":398.303,"Y좌표15":-1.77974,"Y좌표14":99.2565,"X좌표8":411.233,"X좌표9":546.219,"Y좌표11":505.432,"Y좌표10":582.605,"Y좌표13":228.725,"Y좌표12":342.962,"X좌표2":222.963,"X좌표3":211.291,"X좌표1":336.128,"X좌표6":250.366,"X좌표7":314.307,"X좌표4":243.769,"X좌표5":245.291}],"하의":[{}],"원피스":[{}],"상의":[{}]},"라벨링":{"스타일":[{"스타일":"스트리트"}],"아우터":[{"기장":"롱","색상":"화이트","카테고리":"패딩","디테일":["포켓","지퍼"],"소매기장":"긴팔","소재":["패딩"],"프린트":["무지"],"넥라인":"후드","핏":"노멀"}],"하의":[{"기장":"발목","카테고리":"청바지","디테일":["롤업"],"소재":["데님"],"프린트":["무지"],"핏":"노멀"}],"원피스":[{}],"상의":[{}]}},"파일 번호":41060,"파일 이름":"MAINSTORY_040_05.jpg"}}