{"이미지 정보":{"이미지 식별자":418247,"이미지 높이":800,"이미지 파일명":"JEWERLY_036_05.jpg","이미지 너비":800},"데이터셋 정보":{"파일 생성일자":"2020-09-16 02:41:06","데이터셋 상세설명":{"렉트좌표":{"아우터":[{"X좌표":329.375,"Y좌표":1.51562,"가로":287,"세로":471}],"하의":[{}],"원피스":[{}],"상의":[{}]},"폴리곤좌표":{"아우터":[{"X좌표32":516.875,"X좌표31":498.875,"X좌표30":489.875,"X좌표8":577.875,"X좌표9":596.875,"Y좌표32":11.0156,"Y좌표31":2.01562,"Y좌표30":2.01562,"X좌표2":548.875,"X좌표3":571.875,"X좌표1":512.875,"X좌표6":617.875,"X좌표7":594.875,"X좌표4":602.875,"X좌표5":609.875,"Y좌표26":38.0156,"Y좌표25":58.0156,"Y좌표28":11.0156,"Y좌표9":273.016,"Y좌표27":31.0156,"Y좌표22":153.016,"Y좌표21":197.016,"Y좌표24":94.0156,"Y좌표23":137.016,"Y좌표20":278.016,"X좌표19":339.875,"X좌표18":357.875,"X좌표17":388.875,"X좌표16":418.875,"X좌표15":447.875,"X좌표14":489.875,"X좌표13":531.875,"X좌표12":562.875,"X좌표11":597.875,"Y좌표4":67.0156,"X좌표10":599.875,"Y좌표3":57.0156,"Y좌표2":42.0156,"Y좌표1":11.0156,"Y좌표8":183.016,"Y좌표7":167.016,"Y좌표29":3.01562,"Y좌표6":144.016,"Y좌표5":113.016,"Y좌표15":474.016,"Y좌표14":471.016,"Y좌표17":454.016,"Y좌표16":469.016,"Y좌표11":383.016,"Y좌표10":363.016,"Y좌표13":447.016,"Y좌표12":406.016,"X좌표29":452.875,"X좌표28":421.875,"X좌표27":393.875,"X좌표26":378.875,"X좌표25":346.875,"X좌표24":329.875,"X좌표23":343.875,"X좌표22":371.875,"X좌표21":366.875,"X좌표20":349.875,"Y좌표19":344.016,"Y좌표18":422.016}],"하의":[{}],"원피스":[{}],"상의":[{}]},"라벨링":{"스타일":[{"스타일":"스트리트","서브스타일":"밀리터리"}],"아우터":[{"기장":"하프","색상":"그레이","서브색상":"블랙","카테고리":"짚업","디테일":["퍼트리밍","스트링","포켓"],"소매기장":"긴팔","소재":["우븐"],"프린트":["무지"],"넥라인":"후드","핏":"루즈"}],"하의":[{"기장":"발목","카테고리":"팬츠","프린트":["무지"],"핏":"노멀"}],"원피스":[{}],"상의":[{}]}},"파일 번호":418247,"파일 이름":"JEWERLY_036_05.jpg"}}