{"이미지 정보":{"이미지 식별자":441454,"이미지 높이":1066,"이미지 파일명":"158573178061505100_267839220.jpg","이미지 너비":800},"데이터셋 정보":{"파일 생성일자":"2020-09-16 09:19:51","데이터셋 상세설명":{"렉트좌표":{"아우터":[{}],"하의":[{"X좌표":292.295,"Y좌표":310.51,"가로":231,"세로":608}],"원피스":[{}],"상의":[{"X좌표":227.295,"Y좌표":-1.49307,"가로":324,"세로":516}]},"폴리곤좌표":{"아우터":[{}],"하의":[{"Y좌표9":701.569,"X좌표15":302.795,"X좌표14":292.795,"X좌표13":319.795,"X좌표12":324.795,"X좌표11":387.795,"Y좌표4":893.571,"X좌표10":424.795,"Y좌표3":596.013,"Y좌표2":311.01,"Y좌표1":319.01,"Y좌표8":485.567,"Y좌표7":713.569,"Y좌표6":894.571,"Y좌표5":919.571,"Y좌표15":318.566,"Y좌표14":461.567,"X좌표8":409.795,"X좌표9":416.795,"Y좌표11":901.571,"Y좌표10":885.571,"Y좌표13":643.569,"Y좌표12":892.571,"X좌표2":498.795,"X좌표3":524.795,"X좌표1":299.795,"X좌표6":426.795,"X좌표7":435.795,"X좌표4":516.795,"X좌표5":436.795}],"원피스":[{}],"상의":[{"Y좌표9":225.565,"Y좌표22":216.009,"Y좌표21":179.009,"Y좌표24":497.012,"Y좌표23":288.01,"Y좌표20":51.0074,"X좌표19":306.795,"X좌표18":354.795,"X좌표17":376.795,"X좌표16":394.795,"X좌표15":426.795,"X좌표14":458.795,"X좌표13":445.795,"X좌표12":479.795,"X좌표11":547.795,"Y좌표4":508.567,"X좌표10":549.795,"Y좌표3":513.568,"Y좌표2":515.568,"Y좌표1":502.567,"Y좌표8":259.565,"Y좌표7":335.566,"Y좌표6":429.567,"Y좌표5":502.567,"Y좌표15":49.0074,"Y좌표14":49.0074,"X좌표8":497.795,"Y좌표17":8.00702,"X좌표9":552.795,"Y좌표16":38.0073,"Y좌표11":69.0076,"Y좌표10":152.008,"Y좌표13":19.0071,"Y좌표12":21.0071,"X좌표24":258.795,"X좌표23":307.795,"X좌표22":308.795,"X좌표2":343.795,"X좌표21":227.795,"X좌표3":429.795,"X좌표20":270.795,"X좌표1":259.795,"X좌표6":526.795,"Y좌표19":17.0071,"X좌표7":519.795,"Y좌표18":-0.993067,"X좌표4":495.795,"X좌표5":533.795}]},"라벨링":{"스타일":[{"스타일":"스트리트"}],"아우터":[{}],"하의":[{"기장":"발목","색상":"화이트","카테고리":"팬츠","소재":["데님"],"핏":"노멀"}],"원피스":[{}],"상의":[{"기장":"롱","색상":"스카이블루","카테고리":"티셔츠","디테일":["리본","드롭숄더"],"소매기장":"반팔","소재":["저지"],"넥라인":"라운드넥","핏":"루즈"}]}},"파일 번호":441454,"파일 이름":"158573178061505100_267839220.jpg"}}