{"이미지 정보":{"이미지 식별자":472314,"이미지 높이":1066,"이미지 파일명":"159376821858381500_1733548586.jpg","이미지 너비":800},"데이터셋 정보":{"파일 생성일자":"2020-09-17 07:46:50","데이터셋 상세설명":{"렉트좌표":{"아우터":[{}],"하의":[{}],"원피스":[{"X좌표":246.348,"Y좌표":8.53071,"가로":286,"세로":929}],"상의":[{}]},"폴리곤좌표":{"아우터":[{}],"하의":[{}],"원피스":[{"X좌표8":521.679,"X좌표9":516.682,"X좌표2":375.769,"X좌표3":419.742,"X좌표1":377.767,"X좌표6":516.682,"X좌표7":530.673,"X좌표4":441.728,"X좌표5":473.708,"Y좌표26":113.934,"Y좌표25":185.867,"Y좌표28":9.03071,"Y좌표9":278.781,"Y좌표27":46.9956,"Y좌표22":914.194,"Y좌표21":934.176,"Y좌표24":247.81,"Y좌표23":904.203,"Y좌표20":938.172,"X좌표19":407.749,"X좌표18":416.743,"X좌표17":447.724,"X좌표16":459.717,"X좌표15":488.699,"X좌표14":498.693,"X좌표13":521.679,"X좌표12":522.678,"X좌표11":533.671,"Y좌표4":158.892,"X좌표10":521.679,"Y좌표3":172.879,"Y좌표2":133.915,"Y좌표1":27.0141,"Y좌표8":188.864,"Y좌표7":104.942,"Y좌표29":30.0113,"Y좌표6":14.0261,"Y좌표5":21.0196,"Y좌표15":889.217,"Y좌표14":851.252,"Y좌표17":916.192,"Y좌표16":913.195,"Y좌표11":458.615,"Y좌표10":358.707,"Y좌표13":725.369,"Y좌표12":643.444,"X좌표29":372.771,"X좌표28":315.806,"X좌표27":300.815,"X좌표26":302.814,"X좌표25":308.81,"X좌표24":275.83,"X좌표23":246.848,"X좌표22":248.847,"X좌표21":284.825,"X좌표20":375.769,"Y좌표19":643.444,"Y좌표18":931.178}],"상의":[{}]},"라벨링":{"스타일":[{"스타일":"컨트리"}],"아우터":[{}],"하의":[{}],"원피스":[{"기장":"발목","색상":"베이지","카테고리":"점프수트","디테일":["포켓"],"소매기장":"민소매","소재":["우븐"],"프린트":["무지"],"핏":"루즈"}],"상의":[{"카테고리":"티셔츠","소재":["저지"],"프린트":["무지"],"넥라인":"라운드넥","핏":"루즈"}]}},"파일 번호":472314,"파일 이름":"159376821858381500_1733548586.jpg"}}