{"이미지 정보":{"이미지 식별자":486309,"이미지 높이":1066,"이미지 파일명":"u_156653430182246600_614865138.jpg","이미지 너비":800},"데이터셋 정보":{"파일 생성일자":"2020-09-21 02:21:55","데이터셋 상세설명":{"렉트좌표":{"아우터":[{}],"하의":[{}],"원피스":[{}],"상의":[{"X좌표":180.833,"Y좌표":-9.16666,"가로":485,"세로":806}]},"폴리곤좌표":{"아우터":[{}],"하의":[{}],"원피스":[{}],"상의":[{"Y좌표9":712.222,"Y좌표22":-8.66666,"Y좌표21":44.6667,"Y좌표20":114.0,"X좌표19":461.333,"X좌표18":518.222,"X좌표17":582.222,"X좌표16":642.667,"X좌표15":655.111,"X좌표14":666.667,"X좌표13":663.111,"X좌표12":666.667,"X좌표11":181.333,"Y좌표4":217.111,"X좌표10":184.889,"Y좌표3":178.0,"Y좌표2":104.222,"Y좌표1":39.3333,"Y좌표8":611.778,"Y좌표7":512.222,"Y좌표6":424.222,"Y좌표5":342.444,"Y좌표15":363.778,"Y좌표14":525.556,"X좌표8":234.667,"Y좌표17":109.556,"X좌표9":207.111,"Y좌표16":216.222,"Y좌표11":794.889,"Y좌표10":779.778,"Y좌표13":666.889,"Y좌표12":797.556,"X좌표22":368.889,"X좌표2":279.111,"X좌표21":417.778,"X좌표3":304.889,"X좌표20":432.889,"X좌표1":232.0,"X좌표6":292.444,"Y좌표19":124.667,"X좌표7":264.0,"Y좌표18":112.222,"X좌표4":331.556,"X좌표5":313.778}]},"라벨링":{"스타일":[{"스타일":"모던"}],"아우터":[{}],"하의":[{"카테고리":"스커트","프린트":["무지"],"핏":"스키니"}],"원피스":[{}],"상의":[{"기장":"롱","색상":"화이트","카테고리":"블라우스","디테일":["롤업","비대칭"],"소매기장":"긴팔","소재":["우븐"],"프린트":["무지"],"핏":"루즈"}]}},"파일 번호":486309,"파일 이름":"u_156653430182246600_614865138.jpg"}}