{"이미지 정보":{"이미지 식별자":491100,"이미지 높이":1184,"이미지 파일명":"jk2157k01-270_2.jpg","이미지 너비":800},"데이터셋 정보":{"파일 생성일자":"2020-10-06 17:26:13","데이터셋 상세설명":{"렉트좌표":{"아우터":[{"X좌표":23.5,"Y좌표":1.5,"가로":746,"세로":1176}],"하의":[{}],"원피스":[{}],"상의":[{}]},"폴리곤좌표":{"아우터":[{"X좌표39":293.333,"X좌표38":326.667,"X좌표37":366.667,"X좌표36":408.0,"X좌표35":440.0,"X좌표34":473.333,"X좌표33":360.0,"X좌표32":338.667,"X좌표31":332.0,"X좌표30":326.667,"Y좌표72":7.33334,"Y좌표71":7.33334,"Y좌표70":2.0,"X좌표49":492.0,"X좌표48":404.0,"X좌표47":334.667,"X좌표46":328.0,"X좌표45":320.0,"X좌표44":312.0,"X좌표43":294.667,"X좌표42":277.333,"X좌표41":270.667,"X좌표40":270.667,"Y좌표26":432.667,"Y좌표25":475.333,"Y좌표28":300.667,"Y좌표27":359.333,"Y좌표22":607.333,"Y좌표21":666.0,"Y좌표24":506.0,"Y좌표23":554.0,"Y좌표20":716.667,"X좌표59":757.333,"X좌표58":770.667,"X좌표57":750.667,"X좌표56":756.0,"X좌표55":680.0,"X좌표54":626.667,"X좌표53":598.667,"X좌표52":601.333,"X좌표51":590.667,"X좌표50":550.667,"Y좌표29":236.667,"Y좌표15":442.0,"Y좌표14":408.667,"Y좌표17":526.0,"Y좌표16":482.0,"Y좌표11":318.0,"Y좌표10":294.0,"Y좌표13":375.333,"Y좌표12":340.667,"X좌표69":572.0,"X좌표68":581.333,"X좌표67":602.667,"X좌표66":636.0,"X좌표65":664.0,"X좌표64":685.333,"X좌표63":685.333,"X좌표62":698.667,"Y좌표19":638.0,"X좌표61":738.667,"Y좌표18":576.667,"X좌표60":744.0,"Y좌표48":1178.0,"Y좌표47":1175.33,"Y좌표49":1106.0,"Y좌표44":896.667,"Y좌표43":770.0,"Y좌표46":1111.33,"Y좌표45":1008.67,"Y좌표40":500.667,"Y좌표42":668.667,"Y좌표41":575.333,"X좌표72":342.667,"X좌표71":474.667,"X좌표70":556.0,"Y좌표37":259.333,"Y좌표36":172.667,"X좌표8":201.333,"Y좌표39":423.333,"X좌표9":190.667,"Y좌표38":343.333,"Y좌표33":22.0,"Y좌표32":59.3333,"Y좌표35":100.667,"Y좌표34":16.6667,"Y좌표31":103.333,"Y좌표30":163.333,"X좌표2":310.667,"X좌표3":273.333,"X좌표1":341.333,"X좌표6":209.333,"X좌표7":205.333,"X좌표4":237.333,"X좌표5":213.333,"Y좌표69":15.3333,"Y좌표9":258.0,"Y좌표66":75.3333,"Y좌표65":115.333,"Y좌표68":39.3333,"Y좌표67":55.3333,"Y좌표62":402.0,"Y좌표61":504.667,"Y좌표64":179.333,"Y좌표63":259.333,"Y좌표60":612.667,"X좌표19":48.0,"X좌표18":104.0,"X좌표17":166.667,"X좌표16":170.667,"X좌표15":174.667,"X좌표14":196.0,"X좌표13":210.667,"X좌표12":204.0,"X좌표11":212.0,"Y좌표4":70.0,"X좌표10":197.333,"Y좌표3":44.6667,"Y좌표2":30.0,"Y좌표1":6.0,"Y좌표8":236.667,"Y좌표7":211.333,"Y좌표6":142.0,"Y좌표5":107.333,"Y좌표59":628.667,"Y좌표58":667.333,"Y좌표55":766.0,"Y좌표54":767.333,"Y좌표57":703.333,"Y좌표56":783.333,"Y좌표51":895.333,"Y좌표50":994.0,"Y좌표53":779.333,"Y좌표52":843.333,"X좌표29":317.333,"X좌표28":304.0,"X좌표27":281.333,"X좌표26":246.667,"X좌표25":254.667,"X좌표24":250.667,"X좌표23":228.0,"X좌표22":178.667,"X좌표21":94.6667,"X좌표20":24.0}],"하의":[{}],"원피스":[{}],"상의":[{}]},"라벨링":{"스타일":[{"스타일":"클래식","서브스타일":"밀리터리"}],"아우터":[{"기장":"롱","카테고리":"재킷","옷깃":"테일러드칼라","디테일":["더블브레스티드","띠"],"소재":["우븐"],"프린트":["무지"],"넥라인":"브이넥","핏":"노멀"}],"하의":[{}],"원피스":[{}],"상의":[{"색상":"카키","소매기장":"긴팔"}]}},"파일 번호":491100,"파일 이름":"jk2157k01-270_2.jpg"}}