{"이미지 정보":{"이미지 식별자":491615,"이미지 높이":1049,"이미지 파일명":"jk2235k04-s_5.jpg","이미지 너비":800},"데이터셋 정보":{"파일 생성일자":"2020-10-06 17:29:32","데이터셋 상세설명":{"렉트좌표":{"아우터":[{"X좌표":91.5,"Y좌표":-0.5,"가로":594,"세로":933}],"하의":[{"X좌표":199.5,"Y좌표":406.222,"가로":451,"세로":520}],"원피스":[{}],"상의":[{}]},"폴리곤좌표":{"아우터":[{"X좌표39":630.0,"X좌표38":608.0,"X좌표37":635.0,"X좌표36":656.0,"X좌표35":638.0,"X좌표34":615.0,"X좌표33":596.0,"X좌표32":567.0,"X좌표31":481.0,"X좌표30":465.0,"X좌표49":654.0,"X좌표48":661.0,"X좌표47":664.0,"X좌표46":675.0,"X좌표45":686.0,"X좌표44":686.0,"X좌표43":686.0,"X좌표42":679.0,"X좌표41":674.0,"X좌표40":656.0,"Y좌표26":3.99924,"Y좌표25":0.0,"Y좌표28":253.952,"Y좌표27":79.9847,"Y좌표22":208.76,"Y좌표21":390.725,"Y좌표24":9.99809,"Y좌표23":77.9851,"Y좌표20":516.701,"X좌표56":432.0,"X좌표55":489.0,"X좌표54":502.0,"X좌표53":538.0,"X좌표52":608.0,"X좌표51":638.0,"X좌표50":656.0,"Y좌표29":483.908,"Y좌표15":933.422,"Y좌표14":933.422,"Y좌표17":857.437,"Y좌표16":923.424,"Y좌표11":906.427,"Y좌표10":714.864,"Y좌표13":931.422,"Y좌표12":927.423,"Y좌표19":607.484,"Y좌표18":708.465,"Y좌표48":311.941,"Y좌표47":314.94,"Y좌표49":300.943,"Y좌표44":361.931,"Y좌표43":378.928,"Y좌표46":325.938,"Y좌표45":345.934,"Y좌표40":431.918,"Y좌표42":400.924,"Y좌표41":417.92,"Y좌표37":603.885,"Y좌표36":833.841,"X좌표8":190.0,"Y좌표39":445.915,"X좌표9":208.0,"Y좌표38":474.909,"Y좌표33":877.833,"Y좌표32":872.834,"Y좌표35":858.836,"Y좌표34":878.832,"Y좌표31":612.883,"Y좌표30":546.896,"X좌표2":190.0,"X좌표3":125.0,"X좌표1":292.0,"X좌표6":92.0,"X좌표7":145.0,"X좌표4":97.0,"X좌표5":108.0,"Y좌표9":609.884,"X좌표19":456.0,"X좌표18":459.0,"X좌표17":448.0,"X좌표16":428.0,"X좌표15":394.0,"X좌표14":361.0,"X좌표13":310.0,"X좌표12":254.0,"X좌표11":205.0,"Y좌표4":353.932,"X좌표10":207.0,"Y좌표3":127.976,"Y좌표2":60.9884,"Y좌표1":1.99962,"Y좌표8":593.887,"Y좌표7":563.892,"Y좌표6":520.901,"Y좌표5":449.914,"Y좌표55":1.99962,"Y좌표54":11.9977,"Y좌표56":1.99962,"Y좌표51":79.9847,"Y좌표50":159.969,"Y좌표53":24.9952,"Y좌표52":41.992,"X좌표29":461.0,"X좌표28":492.0,"X좌표27":472.0,"X좌표26":432.0,"X좌표25":293.0,"X좌표24":319.0,"X좌표23":318.0,"X좌표22":334.0,"X좌표21":385.0,"X좌표20":438.0}],"하의":[{"X좌표8":228.0,"X좌표9":224.0,"X좌표2":404.0,"X좌표3":360.0,"X좌표1":477.0,"X좌표6":258.0,"X좌표7":240.0,"X좌표4":286.0,"X좌표5":268.0,"Y좌표26":429.718,"Y좌표25":474.71,"Y좌표28":434.717,"Y좌표9":604.685,"Y좌표27":406.722,"Y좌표22":882.632,"Y좌표21":895.629,"Y좌표24":562.693,"Y좌표23":760.655,"Y좌표20":908.627,"X좌표19":580.0,"X좌표18":541.0,"X좌표17":504.0,"X좌표16":440.0,"X좌표15":377.0,"X좌표14":291.0,"X좌표13":200.0,"X좌표12":201.0,"X좌표11":204.0,"Y좌표4":410.722,"X좌표10":217.0,"Y좌표3":426.719,"Y좌표2":430.718,"Y좌표1":433.717,"Y좌표8":568.692,"Y좌표7":503.704,"Y좌표6":464.711,"Y좌표5":410.722,"Y좌표15":925.624,"Y좌표14":921.624,"Y좌표17":926.623,"Y좌표16":927.623,"Y좌표11":758.655,"Y좌표10":661.674,"Y좌표13":876.633,"Y좌표12":827.642,"X좌표28":478.0,"X좌표27":576.0,"X좌표26":581.0,"X좌표25":588.0,"X좌표24":607.0,"X좌표23":643.0,"X좌표22":651.0,"X좌표21":631.0,"X좌표20":597.0,"Y좌표19":914.626,"Y좌표18":918.625}],"원피스":[{}],"상의":[{}]},"라벨링":{"스타일":[{"스타일":"스트리트"}],"아우터":[{"기장":"롱","색상":"베이지","카테고리":"재킷","옷깃":"테일러드칼라","디테일":["단추","포켓","싱글브레스티드"],"소매기장":"긴팔","소재":["우븐"],"프린트":["무지"],"핏":"노멀"}],"하의":[{"기장":"미니","색상":"베이지","카테고리":"스커트","소재":["우븐"],"프린트":["무지"],"핏":"노멀"}],"원피스":[{}],"상의":[{"카테고리":"티셔츠","소재":["저지"],"프린트":["스트라이프"],"넥라인":"라운드넥","핏":"타이트"}]}},"파일 번호":491615,"파일 이름":"jk2235k04-s_5.jpg"}}