{"이미지 정보":{"이미지 식별자":494858,"이미지 높이":1049,"이미지 파일명":"nb900c97-s5.jpg","이미지 너비":800},"데이터셋 정보":{"파일 생성일자":"2020-10-08 19:08:37","데이터셋 상세설명":{"렉트좌표":{"아우터":[{}],"하의":[{"X좌표":185.5,"Y좌표":318.239,"가로":427,"세로":457}],"원피스":[{}],"상의":[{"X좌표":71.5,"Y좌표":1.49962,"가로":592,"세로":759}]},"폴리곤좌표":{"아우터":[{}],"하의":[{"Y좌표9":740.659,"Y좌표22":318.739,"Y좌표21":346.734,"Y좌표20":356.732,"X좌표19":542.0,"X좌표18":581.0,"X좌표17":613.0,"X좌표16":607.0,"X좌표15":557.0,"X좌표14":522.0,"X좌표13":452.0,"X좌표12":396.0,"X좌표11":376.0,"Y좌표4":658.674,"X좌표10":374.0,"Y좌표3":616.682,"Y좌표2":488.707,"Y좌표1":318.739,"Y좌표8":756.656,"Y좌표7":754.656,"Y좌표6":727.661,"Y좌표5":700.666,"Y좌표15":746.658,"Y좌표14":766.654,"X좌표8":338.0,"Y좌표17":680.67,"X좌표9":370.0,"Y좌표16":744.658,"Y좌표11":739.659,"Y좌표10":678.671,"Y좌표13":776.652,"Y좌표12":762.655,"X좌표22":261.0,"X좌표2":215.0,"X좌표21":336.0,"X좌표3":198.0,"X좌표20":420.0,"X좌표1":258.0,"X좌표6":237.0,"Y좌표19":360.731,"X좌표7":285.0,"Y좌표18":504.704,"X좌표4":186.0,"X좌표5":198.0}],"원피스":[{}],"상의":[{"Y좌표44":90.9827,"Y좌표43":136.974,"Y좌표45":11.9977,"Y좌표40":351.933,"Y좌표42":180.965,"Y좌표41":231.956,"X좌표39":331.0,"X좌표38":396.0,"X좌표37":373.0,"X좌표36":368.0,"X좌표35":410.0,"X좌표34":594.0,"X좌표33":625.0,"X좌표32":613.0,"X좌표31":608.0,"X좌표30":640.0,"Y좌표37":141.973,"Y좌표36":71.9863,"X좌표8":105.0,"Y좌표39":321.939,"X좌표9":193.0,"Y좌표38":302.942,"Y좌표33":85.9836,"Y좌표32":152.971,"Y좌표35":3.99924,"Y좌표34":1.99962,"Y좌표31":209.96,"Y좌표30":299.743,"X좌표45":320.0,"X좌표44":309.0,"X좌표2":218.0,"X좌표43":281.0,"X좌표3":176.0,"X좌표42":277.0,"X좌표41":292.0,"X좌표1":320.0,"X좌표40":275.0,"X좌표6":72.0,"X좌표7":84.0,"X좌표4":143.0,"X좌표5":74.0,"Y좌표26":673.672,"Y좌표25":709.665,"Y좌표28":467.711,"Y좌표9":314.94,"Y좌표27":488.707,"Y좌표22":611.883,"Y좌표21":525.9,"Y좌표24":709.665,"Y좌표23":761.655,"Y좌표20":455.913,"X좌표19":359.0,"X좌표18":297.0,"X좌표17":280.0,"X좌표16":259.0,"X좌표15":239.0,"X좌표14":228.0,"X좌표13":220.0,"X좌표12":197.0,"X좌표11":188.0,"Y좌표4":145.972,"X좌표10":188.0,"Y좌표3":87.9832,"Y좌표2":6.99867,"Y좌표1":5.99886,"Y좌표8":302.942,"Y좌표7":299.943,"Y좌표29":333.736,"Y좌표6":250.952,"Y좌표5":187.964,"Y좌표15":467.911,"Y좌표14":513.902,"Y좌표17":471.91,"Y좌표16":466.911,"Y좌표11":549.895,"Y좌표10":444.915,"Y좌표13":598.886,"Y좌표12":625.881,"X좌표29":654.0,"X좌표28":664.0,"X좌표27":655.0,"X좌표26":658.0,"X좌표25":640.0,"X좌표24":623.0,"X좌표23":607.0,"X좌표22":514.0,"X좌표21":460.0,"X좌표20":435.0,"Y좌표19":467.911,"Y좌표18":467.911}]},"라벨링":{"스타일":[{"스타일":"스트리트"}],"아우터":[{}],"하의":[{"기장":"미니","색상":"스카이블루","카테고리":"청바지","디테일":["롤업"],"소재":["데님"],"프린트":["무지"],"핏":"노멀"}],"원피스":[{}],"상의":[{"기장":"롱","색상":"레드","카테고리":"셔츠","옷깃":"셔츠칼라","디테일":["드롭숄더","단추"],"소매기장":"긴팔","소재":["우븐"],"프린트":["무지"],"넥라인":"라운드넥","핏":"루즈"}]}},"파일 번호":494858,"파일 이름":"nb900c97-s5.jpg"}}