{"이미지 정보":{"이미지 식별자":500364,"이미지 높이":800,"이미지 파일명":"pt5028k05-600_3.jpg","이미지 너비":800},"데이터셋 정보":{"파일 생성일자":"2020-10-08 21:07:18","데이터셋 상세설명":{"렉트좌표":{"아우터":[{}],"하의":[{"X좌표":245.952,"Y좌표":222.197,"가로":348,"세로":412}],"원피스":[{}],"상의":[{"X좌표":419.711,"Y좌표":7.49582,"가로":258,"세로":235}]},"폴리곤좌표":{"아우터":[{}],"하의":[{"X좌표8":246.452,"X좌표9":257.437,"X좌표2":426.202,"X좌표3":389.254,"X좌표1":469.143,"X좌표6":287.395,"X좌표7":260.433,"X좌표4":344.316,"X좌표5":310.363,"Y좌표25":222.697,"Y좌표9":548.244,"Y좌표22":332.544,"Y좌표21":392.461,"Y좌표24":242.669,"Y좌표23":243.668,"Y좌표20":408.439,"X좌표19":429.198,"X좌표18":397.243,"X좌표17":396.244,"X좌표16":390.252,"X좌표15":346.313,"X좌표14":317.354,"X좌표13":332.333,"X좌표12":332.333,"X좌표11":326.341,"Y좌표4":367.496,"X좌표10":313.359,"Y좌표3":346.525,"Y좌표2":280.617,"Y좌표1":225.693,"Y좌표8":527.274,"Y좌표7":506.303,"Y좌표6":426.414,"Y좌표5":387.468,"Y좌표15":635.124,"Y좌표14":619.146,"Y좌표17":527.274,"Y좌표16":622.142,"Y좌표11":526.275,"Y좌표10":560.228,"Y좌표13":571.212,"Y좌표12":571.212,"X좌표25":473.137,"X좌표24":527.062,"X좌표23":594.968,"X좌표22":594.968,"X좌표21":563.012,"X좌표20":513.081,"Y좌표19":437.399,"Y좌표18":487.329}],"원피스":[{}],"상의":[{"Y좌표9":162.781,"Y좌표21":85.8875,"Y좌표20":50.9361,"X좌표19":496.105,"X좌표18":456.161,"X좌표17":439.184,"X좌표16":420.211,"X좌표15":453.165,"X좌표14":468.144,"X좌표13":470.141,"X좌표12":524.066,"X좌표11":559.018,"Y좌표4":7.99582,"X좌표10":589.975,"Y좌표3":33.9597,"Y좌표2":75.9014,"Y좌표1":86.8861,"Y좌표8":169.771,"Y좌표7":75.9014,"Y좌표6":37.9542,"Y좌표5":17.9819,"Y좌표15":145.804,"Y좌표14":185.749,"X좌표8":658.879,"Y좌표17":40.95,"X좌표9":607.95,"Y좌표16":131.824,"Y좌표11":241.671,"Y좌표10":239.674,"Y좌표13":228.689,"Y좌표12":243.668,"X좌표2":558.019,"X좌표21":520.072,"X좌표3":609.947,"X좌표20":494.108,"X좌표1":522.069,"X좌표6":674.857,"Y좌표19":7.99582,"X좌표7":678.851,"Y좌표18":12.9889,"X좌표4":626.923,"X좌표5":652.887}]},"라벨링":{"스타일":[{"스타일":"스트리트"}],"아우터":[{}],"하의":[{"기장":"발목","색상":"스카이블루","카테고리":"청바지","소재":["데님"],"핏":"노멀"}],"원피스":[{}],"상의":[{"기장":"크롭","색상":"옐로우","카테고리":"탑","디테일":["스트링"],"소매기장":"반팔","소재":["저지"],"프린트":["무지"],"넥라인":"라운드넥","핏":"노멀"}]}},"파일 번호":500364,"파일 이름":"pt5028k05-600_3.jpg"}}