{"이미지 정보":{"이미지 식별자":512393,"이미지 높이":1049,"이미지 파일명":"nt1853c9c-s_3.jpg","이미지 너비":800},"데이터셋 정보":{"파일 생성일자":"2020-10-12 18:45:26","데이터셋 상세설명":{"렉트좌표":{"아우터":[{}],"하의":[{"X좌표":215.207,"Y좌표":334.363,"가로":287,"세로":486}],"원피스":[{}],"상의":[{"X좌표":182.253,"Y좌표":-1.49296,"가로":393,"세로":506}]},"폴리곤좌표":{"아우터":[{}],"하의":[{"X좌표8":503.307,"X좌표9":491.324,"Y좌표9":528.843,"Y좌표11":342.862,"Y좌표10":334.863,"X좌표11":245.665,"X좌표2":221.699,"Y좌표4":809.815,"X좌표10":472.35,"X좌표3":215.707,"Y좌표3":768.819,"Y좌표2":572.839,"X좌표1":245.665,"Y좌표1":341.862,"X좌표6":439.396,"Y좌표8":631.833,"X좌표7":493.321,"Y좌표7":774.819,"X좌표4":250.658,"Y좌표6":821.814,"X좌표5":362.503,"Y좌표5":810.815}],"원피스":[{}],"상의":[{"Y좌표9":391.968,"Y좌표21":2.00674,"Y좌표20":69.0001,"X좌표19":491.324,"X좌표18":495.318,"X좌표17":555.235,"X좌표16":576.206,"X좌표15":521.282,"X좌표14":527.274,"X좌표13":502.308,"X좌표12":509.299,"X좌표11":485.332,"Y좌표4":339.973,"X좌표10":462.364,"Y좌표3":136.993,"Y좌표2":37.0033,"Y좌표1":-0.992959,"Y좌표8":418.965,"Y좌표7":495.958,"Y좌표6":505.957,"Y좌표5":492.958,"Y좌표15":321.975,"Y좌표14":359.971,"X좌표8":397.454,"Y좌표17":46.0024,"X좌표9":427.412,"Y좌표16":209.986,"Y좌표11":485.959,"Y좌표10":391.968,"Y좌표13":377.969,"Y좌표12":412.966,"X좌표2":239.674,"X좌표21":312.572,"X좌표3":221.699,"X좌표20":410.436,"X좌표1":306.581,"X좌표6":239.674,"Y좌표19":34.0036,"X좌표7":340.533,"Y좌표18":0.00694206,"X좌표4":187.746,"X좌표5":182.753}]},"라벨링":{"스타일":[{"스타일":"스트리트","서브스타일":"레트로"}],"아우터":[{}],"하의":[{"기장":"미디","색상":"네이비","카테고리":"스커트","디테일":["슬릿","포켓"],"소재":["데님"],"프린트":["무지"],"핏":"루즈"}],"원피스":[{}],"상의":[{"기장":"롱","색상":"레드","서브색상":"화이트","카테고리":"니트웨어","디테일":["드롭숄더"],"소매기장":"긴팔","소재":["니트"],"프린트":["무지"],"넥라인":"브이넥","핏":"루즈"}]}},"파일 번호":512393,"파일 이름":"nt1853c9c-s_3.jpg"}}