{"이미지 정보":{"이미지 식별자":514605,"이미지 높이":1049,"이미지 파일명":"nt2106k06-s_6.jpg","이미지 너비":800},"데이터셋 정보":{"파일 생성일자":"2020-10-12 18:58:52","데이터셋 상세설명":{"렉트좌표":{"아우터":[{}],"하의":[{"X좌표":285.5,"Y좌표":289.445,"가로":341,"세로":507}],"원피스":[{}],"상의":[{"X좌표":265.5,"Y좌표":6.49867,"가로":393,"세로":359}]},"폴리곤좌표":{"아우터":[{}],"하의":[{"Y좌표9":625.881,"Y좌표22":395.924,"Y좌표21":461.912,"Y좌표24":293.944,"Y좌표23":365.93,"Y좌표20":476.909,"X좌표19":586.0,"X좌표18":627.0,"X좌표17":611.0,"X좌표16":580.0,"X좌표15":537.0,"X좌표14":543.0,"X좌표13":526.0,"X좌표12":504.0,"X좌표11":468.0,"Y좌표4":359.931,"X좌표10":429.0,"Y좌표3":289.945,"Y좌표2":300.943,"Y좌표1":293.944,"Y좌표8":522.9,"Y좌표7":510.903,"Y좌표6":485.907,"Y좌표5":443.915,"Y좌표15":728.861,"Y좌표14":789.849,"X좌표8":416.0,"Y좌표17":711.864,"X좌표9":428.0,"Y좌표16":715.863,"Y좌표11":793.849,"Y좌표10":785.85,"Y좌표13":795.848,"Y좌표12":797.848,"X좌표24":496.0,"X좌표23":537.0,"X좌표22":539.0,"X좌표2":428.0,"X좌표21":542.0,"X좌표3":325.0,"X좌표20":555.0,"X좌표1":497.0,"X좌표6":332.0,"Y좌표19":578.89,"X좌표7":389.0,"Y좌표18":692.868,"X좌표4":289.0,"X좌표5":286.0}],"원피스":[{}],"상의":[{"Y좌표9":302.942,"Y좌표22":182.965,"Y좌표21":200.962,"Y좌표20":214.959,"X좌표19":578.0,"X좌표18":555.0,"X좌표17":555.0,"X좌표16":540.0,"X좌표15":519.0,"X좌표14":526.0,"X좌표13":508.0,"X좌표12":439.0,"X좌표11":365.0,"Y좌표4":97.9813,"X좌표10":310.0,"Y좌표3":11.9977,"Y좌표2":24.9952,"Y좌표1":178.966,"Y좌표8":293.944,"Y좌표7":235.955,"Y좌표6":60.9884,"Y좌표5":6.99867,"Y좌표15":269.949,"Y좌표14":309.941,"X좌표8":275.0,"Y좌표17":201.961,"X좌표9":313.0,"Y좌표16":182.965,"Y좌표11":364.93,"Y좌표10":342.935,"Y좌표13":339.935,"Y좌표12":366.93,"X좌표22":657.0,"X좌표2":556.0,"X좌표21":659.0,"X좌표3":465.0,"X좌표20":624.0,"X좌표1":656.0,"X좌표6":269.0,"Y좌표19":241.954,"X좌표7":266.0,"Y좌표18":245.953,"X좌표4":448.0,"X좌표5":379.0}]},"라벨링":{"스타일":[{"스타일":"로맨틱"}],"아우터":[{}],"하의":[{"기장":"발목","색상":"스카이블루","카테고리":"청바지","소재":["데님"],"프린트":["무지"],"핏":"벨보텀"}],"원피스":[{}],"상의":[{"기장":"노멀","색상":"레드","카테고리":"니트웨어","디테일":["프릴"],"소매기장":"반팔","소재":["니트"],"프린트":["무지"],"넥라인":"브이넥","핏":"노멀"}]}},"파일 번호":514605,"파일 이름":"nt2106k06-s_6.jpg"}}