{"이미지 정보":{"이미지 식별자":518606,"이미지 높이":1049,"이미지 파일명":"pt4532k02-s_7.jpg","이미지 너비":800},"데이터셋 정보":{"파일 생성일자":"2020-10-12 19:22:36","데이터셋 상세설명":{"렉트좌표":{"아우터":[{}],"하의":[{"X좌표":259.5,"Y좌표":265.449,"가로":250,"세로":660}],"원피스":[{}],"상의":[{"X좌표":219.5,"Y좌표":4.49905,"가로":340,"세로":430}]},"폴리곤좌표":{"아우터":[{}],"하의":[{"X좌표33":305.0,"X좌표32":266.0,"X좌표31":260.0,"X좌표30":276.0,"X좌표8":452.0,"X좌표9":458.0,"Y좌표33":266.949,"Y좌표32":349.933,"Y좌표31":475.909,"Y좌표30":555.894,"X좌표2":415.0,"X좌표3":476.0,"X좌표1":307.0,"X좌표6":488.0,"X좌표7":463.0,"X좌표4":504.0,"X좌표5":510.0,"Y좌표26":884.631,"Y좌표25":924.624,"Y좌표28":767.654,"Y좌표9":730.661,"Y좌표27":838.64,"Y좌표22":870.634,"Y좌표21":850.638,"Y좌표24":926.623,"Y좌표23":912.626,"Y좌표20":748.857,"X좌표19":373.0,"X좌표18":384.0,"X좌표17":373.0,"X좌표16":362.0,"X좌표15":372.0,"X좌표14":372.0,"X좌표13":429.0,"X좌표12":433.0,"X좌표11":442.0,"Y좌표4":344.934,"X좌표10":447.0,"Y좌표3":280.946,"Y좌표2":267.949,"Y좌표1":265.949,"Y좌표8":699.667,"Y좌표7":670.672,"Y좌표29":672.672,"Y좌표6":554.694,"Y좌표5":439.916,"Y좌표15":863.635,"Y좌표14":914.626,"Y좌표17":728.661,"Y좌표16":828.642,"Y좌표11":848.638,"Y좌표10":776.652,"Y좌표13":911.626,"Y좌표12":860.636,"X좌표29":280.0,"X좌표28":278.0,"X좌표27":284.0,"X좌표26":300.0,"X좌표25":311.0,"X좌표24":353.0,"X좌표23":360.0,"X좌표22":359.0,"X좌표21":364.0,"X좌표20":366.0,"Y좌표19":707.865,"Y좌표18":531.899}],"원피스":[{}],"상의":[{"X좌표8":560.0,"X좌표9":505.0,"X좌표2":385.0,"X좌표3":416.0,"X좌표1":346.0,"X좌표6":523.0,"X좌표7":528.0,"X좌표4":440.0,"X좌표5":501.0,"Y좌표25":4.99905,"Y좌표9":403.923,"Y좌표22":96.9815,"Y좌표21":249.952,"Y좌표24":17.9966,"Y좌표23":25.995,"Y좌표20":401.923,"X좌표19":228.0,"X좌표18":289.0,"X좌표17":308.0,"X좌표16":295.0,"X좌표15":296.0,"X좌표14":314.0,"X좌표13":335.0,"X좌표12":359.0,"X좌표11":408.0,"Y좌표4":22.9956,"X좌표10":494.0,"Y좌표3":28.9945,"Y좌표2":25.995,"Y좌표1":4.99905,"Y좌표8":400.924,"Y좌표7":191.963,"Y좌표6":107.979,"Y좌표5":57.9889,"Y좌표15":338.935,"Y좌표14":307.941,"Y좌표17":405.923,"Y좌표16":383.927,"Y좌표11":295.944,"Y좌표10":335.936,"Y좌표13":292.944,"Y좌표12":289.945,"X좌표25":348.0,"X좌표24":313.0,"X좌표23":261.0,"X좌표22":240.0,"X좌표21":222.0,"X좌표20":220.0,"Y좌표19":435.917,"Y좌표18":423.919}]},"라벨링":{"스타일":[{"스타일":"스포티","서브스타일":"젠더리스"}],"아우터":[{}],"하의":[{"기장":"발목","색상":"실버","카테고리":"조거팬츠","디테일":["리본"],"소재":["저지"],"프린트":["무지"],"핏":"루즈"}],"원피스":[{}],"상의":[{"기장":"노멀","색상":"네이비","서브색상":"화이트","카테고리":"티셔츠","디테일":["비대칭"],"소매기장":"긴팔","소재":["저지"],"프린트":["그래픽"],"넥라인":"라운드넥","핏":"오버사이즈"}]}},"파일 번호":518606,"파일 이름":"pt4532k02-s_7.jpg"}}