{"이미지 정보":{"이미지 식별자":522017,"이미지 높이":1049,"이미지 파일명":"pt4997k05-s_5.jpg","이미지 너비":800},"데이터셋 정보":{"파일 생성일자":"2020-10-12 19:43:59","데이터셋 상세설명":{"렉트좌표":{"아우터":[{}],"하의":[{"X좌표":211.362,"Y좌표":259.417,"가로":302,"세로":392}],"원피스":[{}],"상의":[{"X좌표":186.152,"Y좌표":3.50109,"가로":311,"세로":292}]},"폴리곤좌표":{"아우터":[{}],"하의":[{"X좌표33":275.822,"X좌표32":266.828,"X좌표31":256.834,"X좌표30":244.841,"X좌표8":473.701,"X좌표9":490.69,"Y좌표33":259.917,"Y좌표32":272.911,"Y좌표31":290.902,"Y좌표30":323.887,"X좌표2":319.795,"X좌표3":362.769,"X좌표1":280.819,"X좌표6":452.713,"X좌표7":454.712,"X좌표4":400.745,"X좌표5":433.725,"Y좌표26":518.796,"Y좌표25":625.745,"Y좌표28":397.852,"Y좌표9":341.879,"Y좌표27":455.825,"Y좌표22":646.735,"Y좌표21":586.764,"Y좌표24":647.735,"Y좌표23":652.733,"Y좌표20":509.8,"X좌표19":401.745,"X좌표18":394.749,"X좌표17":385.755,"X좌표16":379.758,"X좌표15":403.744,"X좌표14":458.71,"X좌표13":514.675,"X좌표12":514.675,"X좌표11":508.679,"Y좌표4":269.912,"X좌표10":497.686,"Y좌표3":272.911,"Y좌표2":265.914,"Y좌표1":259.917,"Y좌표8":311.893,"Y좌표7":292.902,"Y좌표29":367.866,"Y좌표6":274.91,"Y좌표5":268.913,"Y좌표15":647.735,"Y좌표14":644.736,"Y좌표17":583.765,"Y좌표16":646.735,"Y좌표11":527.791,"Y좌표10":419.842,"Y좌표13":638.739,"Y좌표12":580.766,"X좌표29":236.846,"X좌표28":241.843,"X좌표27":235.847,"X좌표26":233.848,"X좌표25":211.862,"X좌표24":272.824,"X좌표23":349.777,"X좌표22":385.755,"X좌표21":389.752,"X좌표20":398.747,"Y좌표19":443.831,"Y좌표18":511.799}],"원피스":[{}],"상의":[{"X좌표8":496.244,"X좌표9":498.242,"X좌표2":350.436,"X좌표3":390.384,"X좌표1":326.468,"X좌표6":483.261,"X좌표7":493.248,"X좌표4":426.336,"X좌표5":453.301,"Y좌표26":9.9978,"Y좌표25":12.9962,"Y좌표9":169.91,"Y좌표27":4.00109,"Y좌표22":168.911,"Y좌표21":185.901,"Y좌표24":30.9863,"Y좌표23":82.9577,"Y좌표20":183.902,"X좌표19":258.557,"X좌표18":262.552,"X좌표17":284.523,"X좌표16":343.446,"X좌표15":399.372,"X좌표14":450.305,"X좌표13":443.314,"X좌표12":447.309,"X좌표11":473.274,"Y좌표4":22.9907,"X좌표10":495.246,"Y좌표3":36.983,"Y좌표2":23.9901,"Y좌표1":6.99945,"Y좌표8":145.923,"Y좌표7":97.9495,"Y좌표6":46.9775,"Y좌표5":15.9945,"Y좌표15":293.842,"Y좌표14":278.85,"Y좌표17":291.843,"Y좌표16":296.84,"Y좌표11":190.898,"Y좌표10":180.904,"Y좌표13":245.868,"Y좌표12":200.893,"X좌표27":323.472,"X좌표26":298.505,"X좌표25":257.559,"X좌표24":219.609,"X좌표23":204.628,"X좌표22":186.652,"X좌표21":210.621,"X좌표20":251.567,"Y좌표19":229.877,"Y좌표18":275.852}]},"라벨링":{"스타일":[{"스타일":"리조트","서브스타일":"스트리트"}],"아우터":[{}],"하의":[{"기장":"니렝스","색상":"화이트","카테고리":"팬츠","소재":["린넨"],"프린트":["무지"],"핏":"와이드"}],"원피스":[{}],"상의":[{"카테고리":"니트웨어","소재":["니트"],"프린트":["무지"],"넥라인":"라운드넥","핏":"노멀"}]}},"파일 번호":522017,"파일 이름":"pt4997k05-s_5.jpg"}}