{"이미지 정보":{"이미지 식별자":522248,"이미지 높이":1049,"이미지 파일명":"pt5021k05-s_9.jpg","이미지 너비":800},"데이터셋 정보":{"파일 생성일자":"2020-10-12 19:45:26","데이터셋 상세설명":{"렉트좌표":{"아우터":[{"X좌표":213.5,"Y좌표":0.499682,"가로":464,"세로":470}],"하의":[{"X좌표":252.5,"Y좌표":184.774,"가로":278,"세로":709}],"원피스":[{}],"상의":[{"X좌표":317.5,"Y좌표":0.499682,"가로":176,"세로":208}]},"폴리곤좌표":{"아우터":[{"X좌표35":470.0,"X좌표34":492.0,"X좌표33":578.0,"X좌표32":653.0,"X좌표31":676.0,"X좌표30":678.0,"X좌표8":294.0,"X좌표9":282.0,"Y좌표33":1.99936,"Y좌표32":73.9765,"Y좌표35":15.9949,"Y좌표34":0.999682,"Y좌표31":117.963,"Y좌표30":164.948,"X좌표2":340.0,"X좌표3":246.0,"X좌표1":355.0,"X좌표6":214.0,"X좌표7":233.0,"X좌표4":224.0,"X좌표5":220.0,"Y좌표26":275.912,"Y좌표25":307.902,"Y좌표28":210.933,"Y좌표9":392.875,"Y좌표27":241.923,"Y좌표22":229.927,"Y좌표21":179.943,"Y좌표24":310.901,"Y좌표23":271.914,"Y좌표20":94.9698,"X좌표19":480.0,"X좌표18":471.0,"X좌표17":356.0,"X좌표16":358.0,"X좌표15":345.0,"X좌표14":323.0,"X좌표13":334.0,"X좌표12":329.0,"X좌표11":314.0,"Y좌표4":131.958,"X좌표10":282.0,"Y좌표3":3.99873,"Y좌표2":4.99841,"Y좌표1":27.9911,"Y좌표8":471.85,"Y좌표7":467.851,"Y좌표29":185.941,"Y좌표6":402.872,"Y좌표5":335.893,"Y좌표15":67.9784,"Y좌표14":108.965,"Y좌표17":26.9914,"Y좌표16":47.9847,"Y좌표11":311.901,"Y좌표10":313.9,"Y좌표13":157.95,"Y좌표12":245.922,"X좌표29":670.0,"X좌표28":619.0,"X좌표27":618.0,"X좌표26":581.0,"X좌표25":534.0,"X좌표24":499.0,"X좌표23":485.0,"X좌표22":476.0,"X좌표21":504.0,"X좌표20":498.0,"Y좌표19":45.9854,"Y좌표18":15.9949}],"하의":[{"Y좌표9":892.05,"Y좌표20":188.273,"X좌표19":494.0,"X좌표18":526.0,"X좌표17":531.0,"X좌표16":524.0,"X좌표15":510.0,"X좌표14":522.0,"X좌표13":500.0,"X좌표12":470.0,"X좌표11":469.0,"Y좌표4":877.055,"X좌표10":449.0,"Y좌표3":399.206,"Y좌표2":291.241,"Y좌표1":187.274,"Y좌표8":787.083,"Y좌표7":849.063,"Y좌표6":872.056,"Y좌표5":884.052,"Y좌표15":573.151,"Y좌표14":670.12,"X좌표8":400.0,"Y좌표17":347.223,"X좌표9":420.0,"Y좌표16":451.19,"Y좌표11":861.06,"Y좌표10":895.049,"Y좌표13":727.102,"Y좌표12":813.075,"X좌표2":263.0,"X좌표3":253.0,"X좌표20":292.0,"X좌표1":292.0,"X좌표6":372.0,"Y좌표19":185.274,"X좌표7":402.0,"Y좌표18":275.246,"X좌표4":272.0,"X좌표5":319.0}],"원피스":[{}],"상의":[{"Y좌표9":113.964,"X좌표17":354.0,"X좌표16":382.0,"X좌표15":410.0,"X좌표14":440.0,"X좌표13":460.0,"X좌표12":477.0,"X좌표11":488.0,"Y좌표4":154.951,"X좌표10":494.0,"Y좌표3":109.965,"Y좌표2":73.9765,"Y좌표1":30.9901,"Y좌표8":195.938,"Y좌표7":203.935,"Y좌표6":206.934,"Y좌표5":209.933,"Y좌표15":33.9892,"Y좌표14":23.9924,"X좌표8":486.0,"Y좌표17":29.9905,"X좌표9":492.0,"Y좌표16":33.9892,"Y좌표11":33.9892,"Y좌표10":63.9797,"Y좌표13":0.999682,"Y좌표12":2.99905,"X좌표2":334.0,"X좌표3":318.0,"X좌표1":354.0,"X좌표6":386.0,"X좌표7":450.0,"X좌표4":325.0,"X좌표5":328.0}]},"라벨링":{"스타일":[{"스타일":"리조트","서브스타일":"스트리트"}],"아우터":[{}],"하의":[{"기장":"발목","색상":"베이지","카테고리":"팬츠","프린트":["무지"],"핏":"와이드"}],"원피스":[{}],"상의":[{"색상":"네이비","서브색상":"화이트","카테고리":"탑","소매기장":"긴팔","소재":["저지"],"프린트":["스트라이프"],"핏":"타이트"}]}},"파일 번호":522248,"파일 이름":"pt5021k05-s_9.jpg"}}