{"이미지 정보":{"이미지 식별자":527768,"이미지 높이":1049,"이미지 파일명":"vt326k01-s_14.jpg","이미지 너비":800},"데이터셋 정보":{"파일 생성일자":"2020-10-12 20:19:02","데이터셋 상세설명":{"렉트좌표":{"아우터":[{"X좌표":290.7,"Y좌표":1.49978,"가로":236,"세로":483}],"하의":[{}],"원피스":[{"X좌표":226.7,"Y좌표":125.487,"가로":258,"세로":703}],"상의":[{}]},"폴리곤좌표":{"아우터":[{"Y좌표9":483.949,"Y좌표20":38.9959,"X좌표19":416.2,"X좌표18":435.2,"X좌표17":481.2,"X좌표16":512.2,"X좌표15":528.2,"X좌표14":518.2,"X좌표13":507.2,"X좌표12":485.2,"X좌표11":489.2,"Y좌표4":294.969,"X좌표10":472.2,"Y좌표3":239.975,"Y좌표2":125.987,"Y좌표1":39.9958,"Y좌표8":470.95,"Y좌표7":457.951,"Y좌표6":386.959,"Y좌표5":331.965,"Y좌표15":142.985,"Y좌표14":187.98,"X좌표8":363.2,"Y좌표17":1.99978,"X좌표9":410.2,"Y좌표16":43.9953,"Y좌표11":475.95,"Y좌표10":485.949,"Y좌표13":322.966,"Y좌표12":417.956,"X좌표2":303.2,"X좌표3":312.2,"X좌표20":379.2,"X좌표1":379.2,"X좌표6":291.2,"Y좌표19":25.9972,"X좌표7":296.2,"Y좌표18":1.99978,"X좌표4":324.2,"X좌표5":294.2}],"하의":[{}],"원피스":[{"X좌표39":441.2,"X좌표38":453.2,"X좌표37":468.2,"X좌표36":486.2,"X좌표35":462.2,"X좌표34":437.2,"X좌표33":441.2,"X좌표32":428.2,"X좌표31":397.2,"X좌표30":392.2,"X좌표49":343.2,"X좌표48":325.2,"X좌표47":305.2,"X좌표46":305.2,"X좌표45":326.2,"X좌표44":341.2,"X좌표43":372.2,"X좌표42":374.2,"X좌표41":392.2,"X좌표40":420.2,"Y좌표26":452.885,"Y좌표25":467.884,"Y좌표28":402.891,"Y좌표27":412.89,"Y좌표22":550.875,"Y좌표21":763.852,"Y좌표24":481.882,"Y좌표23":484.882,"Y좌표20":829.845,"X좌표52":280.2,"X좌표51":302.2,"X좌표50":319.2,"Y좌표29":411.89,"Y좌표15":782.85,"Y좌표14":773.851,"Y좌표17":799.849,"Y좌표16":776.851,"Y좌표11":448.952,"Y좌표10":453.952,"Y좌표13":763.852,"Y좌표12":609.869,"Y좌표19":828.846,"Y좌표18":810.847,"Y좌표48":262.972,"Y좌표47":273.971,"Y좌표49":252.973,"Y좌표44":302.968,"Y좌표43":256.973,"Y좌표46":290.969,"Y좌표45":293.969,"Y좌표40":160.983,"Y좌표42":240.974,"Y좌표41":179.981,"Y좌표37":143.985,"Y좌표36":190.98,"X좌표8":333.2,"Y좌표39":141.985,"X좌표9":339.2,"Y좌표38":125.987,"Y좌표33":338.964,"Y좌표32":359.962,"Y좌표35":275.971,"Y좌표34":309.967,"Y좌표31":384.959,"Y좌표30":406.957,"X좌표2":262.2,"X좌표3":288.2,"X좌표1":279.2,"X좌표6":341.2,"X좌표7":329.2,"X좌표4":310.2,"X좌표5":329.2,"Y좌표9":412.956,"X좌표19":391.2,"X좌표18":304.2,"X좌표17":285.2,"X좌표16":283.2,"X좌표15":256.2,"X좌표14":247.2,"X좌표13":227.2,"X좌표12":262.2,"X좌표11":292.2,"Y좌표4":322.966,"X좌표10":321.2,"Y좌표3":307.967,"Y좌표2":282.97,"Y좌표1":230.976,"Y좌표8":380.96,"Y좌표7":334.965,"Y좌표6":304.968,"Y좌표5":297.968,"Y좌표51":227.976,"Y좌표50":239.975,"Y좌표52":229.976,"X좌표29":383.2,"X좌표28":363.2,"X좌표27":339.2,"X좌표26":319.2,"X좌표25":361.2,"X좌표24":397.2,"X좌표23":478.2,"X좌표22":475.2,"X좌표21":469.2,"X좌표20":472.2}],"상의":[{}]},"라벨링":{"스타일":[{"스타일":"컨트리"}],"아우터":[{"기장":"노말","색상":"그린","카테고리":"베스트","디테일":["스트링","드롭숄더"],"소매기장":"캡","소재":["니트"],"프린트":["무지"],"넥라인":"후드","핏":"루즈"}],"하의":[{}],"원피스":[{"기장":"미디","색상":"그린","카테고리":"드레스","디테일":["퍼프"],"소매기장":"긴팔","소재":["우븐"],"프린트":["플로럴"],"핏":"루즈"}],"상의":[{}]}},"파일 번호":527768,"파일 이름":"vt326k01-s_14.jpg"}}