{"이미지 정보":{"이미지 식별자":57360,"이미지 높이":800,"이미지 파일명":"chaplin_450_img.jpg","이미지 너비":800},"데이터셋 정보":{"파일 생성일자":"2020-08-10 02:28:52","데이터셋 상세설명":{"렉트좌표":{"아우터":[{"X좌표":248.161,"Y좌표":9.49304,"가로":233,"세로":536}],"하의":[{}],"원피스":[{}],"상의":[{}]},"폴리곤좌표":{"아우터":[{"Y좌표9":398.453,"Y좌표22":43.9458,"Y좌표21":125.832,"Y좌표24":9.99304,"Y좌표23":15.9847,"Y좌표20":185.749,"X좌표19":280.617,"X좌표18":261.643,"X좌표17":248.661,"X좌표16":291.601,"X좌표15":335.54,"X좌표14":371.49,"X좌표13":432.406,"X좌표12":433.404,"X좌표11":482.336,"Y좌표4":130.825,"X좌표10":478.342,"Y좌표3":81.893,"Y좌표2":35.9569,"Y좌표1":12.9889,"Y좌표8":292.6,"Y좌표7":228.689,"Y좌표6":201.726,"Y좌표5":175.762,"Y좌표15":538.258,"Y좌표14":546.247,"X좌표8":463.362,"Y좌표17":495.318,"X좌표9":477.343,"Y좌표16":498.314,"Y좌표11":509.299,"Y좌표10":481.337,"Y좌표13":533.265,"Y좌표12":510.297,"X좌표24":411.435,"X좌표23":377.482,"X좌표22":352.517,"X좌표2":442.392,"X좌표21":315.568,"X좌표3":458.369,"X좌표20":303.585,"X좌표1":408.439,"X좌표6":451.379,"Y좌표19":292.6,"X좌표7":456.372,"Y좌표18":412.433,"X좌표4":453.376,"X좌표5":453.376}],"하의":[{}],"원피스":[{}],"상의":[{}]},"라벨링":{"스타일":[{"스타일":"로맨틱","서브스타일":"모던"}],"아우터":[{"기장":"롱","색상":"베이지","카테고리":"베스트","디테일":["포켓","프릴"],"소매기장":"민소매","소재":["울\/캐시미어"],"핏":"루즈"}],"하의":[{}],"원피스":[{}],"상의":[{"기장":"노멀","카테고리":"니트웨어","소재":["니트"],"프린트":["무지"],"넥라인":"터틀넥"}]}},"파일 번호":57360,"파일 이름":"chaplin_450_img.jpg"}}