{"이미지 정보":{"이미지 식별자":58471,"이미지 높이":800,"이미지 파일명":"Gstudio_033_01_35.jpg","이미지 너비":800},"데이터셋 정보":{"파일 생성일자":"2020-08-10 02:34:59","데이터셋 상세설명":{"렉트좌표":{"아우터":[{}],"하의":[{}],"원피스":[{"X좌표":271.5,"Y좌표":-0.277771,"가로":259,"세로":792}],"상의":[{}]},"폴리곤좌표":{"아우터":[{}],"하의":[{}],"원피스":[{"Y좌표40":146.889,"Y좌표41":183.333,"X좌표39":304.0,"X좌표38":303.111,"X좌표37":290.667,"X좌표36":287.111,"X좌표35":293.333,"X좌표34":319.111,"X좌표33":370.667,"X좌표32":425.778,"X좌표31":474.667,"X좌표30":477.333,"Y좌표37":43.7778,"Y좌표36":12.6667,"X좌표8":402.667,"Y좌표39":125.556,"X좌표9":400.889,"Y좌표38":89.1111,"Y좌표33":7.33334,"Y좌표32":15.3333,"Y좌표35":1.11111,"Y좌표34":0.222229,"Y좌표31":1.11111,"Y좌표30":6.44445,"X좌표2":280.889,"X좌표3":337.778,"X좌표41":273.778,"X좌표1":272.0,"X좌표40":301.333,"X좌표6":415.111,"X좌표7":399.111,"X좌표4":393.778,"X좌표5":424.889,"Y좌표26":122.0,"Y좌표25":156.667,"Y좌표28":72.2222,"Y좌표9":455.333,"Y좌표27":98.0,"Y좌표22":317.556,"Y좌표21":366.444,"Y좌표24":193.111,"Y좌표23":249.111,"Y좌표20":420.667,"X좌표19":501.333,"X좌표18":501.333,"X좌표17":494.222,"X좌표16":488.889,"X좌표15":466.667,"X좌표14":446.222,"X좌표13":427.556,"X좌표12":420.444,"X좌표11":400.889,"Y좌표4":792.222,"X좌표10":405.333,"Y좌표3":783.333,"Y좌표2":770.0,"Y좌표1":197.556,"Y좌표8":530.0,"Y좌표7":614.445,"Y좌표29":38.4445,"Y좌표6":705.111,"Y좌표5":776.222,"Y좌표15":771.778,"Y좌표14":749.556,"Y좌표17":669.556,"Y좌표16":749.556,"Y좌표11":594.0,"Y좌표10":434.889,"Y좌표13":706.0,"Y좌표12":653.556,"X좌표29":474.667,"X좌표28":472.0,"X좌표27":462.222,"X좌표26":457.778,"X좌표25":478.222,"X좌표24":510.222,"X좌표23":516.445,"X좌표22":527.111,"X좌표21":531.556,"X좌표20":520.889,"Y좌표19":504.222,"Y좌표18":574.444}],"상의":[{}]},"라벨링":{"스타일":[{"스타일":"모던"}],"아우터":[{}],"하의":[{}],"원피스":[{"기장":"발목","색상":"블랙","카테고리":"점프수트","디테일":["포켓","단추","버클","띠"],"소매기장":"민소매","소재":["우븐"],"프린트":["무지"],"핏":"루즈"}],"상의":[{}]}},"파일 번호":58471,"파일 이름":"Gstudio_033_01_35.jpg"}}