{"이미지 정보":{"이미지 식별자":602462,"이미지 높이":1066,"이미지 파일명":"158892838576373100_1316737302.jpg","이미지 너비":800},"데이터셋 정보":{"파일 생성일자":"2020-10-20 11:20:54","데이터셋 상세설명":{"렉트좌표":{"아우터":[{}],"하의":[{}],"원피스":[{}],"상의":[{"X좌표":260.5,"Y좌표":5.50549,"가로":400,"세로":584}]},"폴리곤좌표":{"아우터":[{}],"하의":[{}],"원피스":[{}],"상의":[{"X좌표32":662.0,"X좌표31":648.0,"X좌표30":645.0,"X좌표8":345.0,"X좌표9":313.0,"Y좌표32":324.844,"Y좌표31":338.837,"Y좌표30":344.834,"X좌표2":644.0,"X좌표3":633.0,"X좌표1":661.0,"X좌표6":516.0,"X좌표7":407.0,"X좌표4":602.0,"X좌표5":558.0,"Y좌표26":361.825,"Y좌표25":352.83,"Y좌표28":361.825,"Y좌표9":88.9635,"Y좌표27":364.824,"Y좌표22":456.777,"Y좌표21":498.756,"Y좌표24":370.821,"Y좌표23":423.794,"Y좌표20":525.742,"X좌표19":577.0,"X좌표18":550.0,"X좌표17":515.0,"X좌표16":485.0,"X좌표15":428.0,"X좌표14":373.0,"X좌표13":310.0,"X좌표12":295.0,"X좌표11":296.0,"Y좌표4":51.9822,"X좌표10":261.0,"Y좌표3":100.957,"Y좌표2":149.933,"Y좌표1":324.844,"Y좌표8":44.9857,"Y좌표7":8.00447,"Y좌표29":354.829,"Y좌표6":6.00549,"Y좌표5":26.9949,"Y좌표15":585.712,"Y좌표14":584.712,"Y좌표17":590.709,"Y좌표16":586.711,"Y좌표11":331.84,"Y좌표10":311.851,"Y좌표13":576.716,"Y좌표12":448.781,"X좌표29":631.0,"X좌표28":618.0,"X좌표27":607.0,"X좌표26":586.0,"X좌표25":569.0,"X좌표24":578.0,"X좌표23":599.0,"X좌표22":610.0,"X좌표21":610.0,"X좌표20":603.0,"Y좌표19":550.73,"Y좌표18":575.717}]},"라벨링":{"스타일":[{"스타일":"스트리트","서브스타일":"리조트"}],"아우터":[{}],"하의":[{"기장":"미니","카테고리":"청바지","디테일":["디스트로이드"],"소재":["데님"],"핏":"노멀"}],"원피스":[{}],"상의":[{"기장":"노멀","색상":"스카이블루","서브색상":"블랙","카테고리":"셔츠","옷깃":"셔츠칼라","소매기장":"반팔","소재":["우븐"],"프린트":["타이다이","레터링"],"핏":"노멀"}]}},"파일 번호":602462,"파일 이름":"158892838576373100_1316737302.jpg"}}