{"이미지 정보":{"이미지 식별자":602556,"이미지 높이":1066,"이미지 파일명":"158925896765135000_656641299.jpg","이미지 너비":800},"데이터셋 정보":{"파일 생성일자":"2020-10-20 11:21:45","데이터셋 상세설명":{"렉트좌표":{"아우터":[{}],"하의":[{"X좌표":218.99,"Y좌표":309.381,"가로":260,"세로":611}],"원피스":[{}],"상의":[{"X좌표":205.009,"Y좌표":2.50572,"가로":331,"세로":493}]},"폴리곤좌표":{"아우터":[{}],"하의":[{"X좌표30":246.452,"X좌표8":469.143,"X좌표9":462.152,"Y좌표30":317.433,"X좌표2":480.127,"X좌표3":456.161,"X좌표1":245.454,"X좌표6":443.179,"X좌표7":463.151,"X좌표4":445.176,"X좌표5":453.165,"Y좌표26":876.206,"Y좌표25":921.187,"Y좌표28":493.362,"Y좌표9":891.2,"Y좌표27":789.241,"Y좌표22":903.195,"Y좌표21":852.215,"Y좌표24":917.189,"Y좌표23":913.191,"Y좌표20":751.257,"X좌표19":319.351,"X좌표18":308.366,"X좌표17":316.355,"X좌표16":322.347,"X좌표15":314.358,"X좌표14":322.347,"X좌표13":330.336,"X좌표12":374.275,"X좌표11":407.229,"Y좌표4":605.76,"X좌표10":420.211,"Y좌표3":467.816,"Y좌표2":309.881,"Y좌표1":313.879,"Y좌표8":871.208,"Y좌표7":710.717,"Y좌표29":443.382,"Y좌표6":683.728,"Y좌표5":650.742,"Y좌표15":576.328,"Y좌표14":559.335,"Y좌표17":654.296,"Y좌표16":607.315,"Y좌표11":878.205,"Y좌표10":915.19,"Y좌표13":595.32,"Y좌표12":738.262,"X좌표29":223.484,"X좌표28":223.484,"X좌표27":219.49,"X좌표26":219.49,"X좌표25":228.477,"X좌표24":239.462,"X좌표23":282.402,"X좌표22":309.365,"X좌표21":316.355,"X좌표20":315.357,"Y좌표19":712.272,"Y좌표18":675.287}],"원피스":[{}],"상의":[{"Y좌표40":36.9919,"X좌표39":309.365,"X좌표38":289.393,"X좌표37":262.43,"X좌표36":245.454,"X좌표35":225.482,"X좌표34":222.486,"X좌표33":213.498,"X좌표32":205.509,"X좌표31":209.504,"X좌표30":207.507,"Y좌표37":72.9772,"Y좌표36":93.9687,"X좌표8":453.165,"Y좌표39":32.9935,"X좌표9":483.123,"Y좌표38":49.9866,"Y좌표33":388.849,"Y좌표32":412.839,"Y좌표35":177.934,"Y좌표34":355.862,"Y좌표31":442.827,"Y좌표30":463.818,"X좌표2":332.333,"X좌표3":336.327,"X좌표1":329.337,"X좌표40":332.333,"X좌표6":405.232,"X좌표7":425.204,"X좌표4":358.297,"X좌표5":390.252,"Y좌표26":489.807,"Y좌표25":476.813,"Y좌표28":493.806,"Y좌표9":23.9972,"Y좌표27":496.805,"Y좌표22":440.827,"Y좌표21":492.806,"Y좌표24":460.819,"Y좌표23":445.825,"Y좌표20":493.806,"X좌표19":476.133,"X좌표18":485.12,"X좌표17":487.118,"X좌표16":509.087,"X좌표15":529.059,"X좌표14":537.048,"X좌표13":537.048,"X좌표12":523.068,"X좌표11":513.081,"Y좌표4":52.9854,"X좌표10":510.086,"Y좌표3":81.9735,"Y좌표2":75.976,"Y좌표1":36.9919,"Y좌표8":20.9984,"Y좌표7":10.0029,"Y좌표29":481.811,"Y좌표6":3.00572,"Y좌표5":31.9939,"Y좌표15":295.886,"Y좌표14":199.926,"Y좌표17":332.871,"Y좌표16":333.871,"Y좌표11":62.9813,"Y좌표10":47.9874,"Y좌표13":159.942,"Y좌표12":113.961,"X좌표29":225.482,"X좌표28":277.409,"X좌표27":310.363,"X좌표26":340.322,"X좌표25":387.257,"X좌표24":424.205,"X좌표23":438.186,"X좌표22":456.161,"X좌표21":453.165,"X좌표20":476.133,"Y좌표19":447.825,"Y좌표18":429.832}]},"라벨링":{"스타일":[{"스타일":"스트리트","서브스타일":"모던"}],"아우터":[{}],"하의":[{"기장":"발목","색상":"블랙","카테고리":"팬츠","소재":["우븐"],"핏":"노멀"}],"원피스":[{}],"상의":[{"기장":"노멀","색상":"스카이블루","카테고리":"셔츠","옷깃":"셔츠칼라","소매기장":"7부소매","소재":["니트"],"핏":"루즈"}]}},"파일 번호":602556,"파일 이름":"158925896765135000_656641299.jpg"}}