{"이미지 정보":{"이미지 식별자":60289,"이미지 높이":800,"이미지 파일명":"Gstudio_103_img.jpg","이미지 너비":800},"데이터셋 정보":{"파일 생성일자":"2020-08-10 02:45:32","데이터셋 상세설명":{"렉트좌표":{"아우터":[{}],"하의":[{"X좌표":140.405,"Y좌표":379.305,"가로":424,"세로":381}],"원피스":[{}],"상의":[{"X좌표":52.4596,"Y좌표":4.53596,"가로":518,"세로":434}]},"폴리곤좌표":{"아우터":[{}],"하의":[{"X좌표8":565.644,"X좌표9":535.662,"X좌표2":304.805,"X좌표3":341.782,"X좌표1":236.846,"X좌표6":461.708,"X좌표7":502.683,"X좌표4":385.755,"X좌표5":437.723,"Y좌표26":419.781,"Y좌표25":445.765,"Y좌표28":397.794,"Y좌표9":709.602,"Y좌표27":395.795,"Y좌표22":565.691,"Y좌표21":623.655,"Y좌표24":475.746,"Y좌표23":515.722,"Y좌표20":668.627,"X좌표19":191.874,"X좌표18":241.843,"X좌표17":299.808,"X좌표16":352.775,"X좌표15":340.782,"X좌표14":329.789,"X좌표13":343.781,"X좌표12":361.769,"X좌표11":407.741,"Y좌표4":395.795,"X좌표10":470.702,"Y좌표3":412.785,"Y좌표2":415.783,"Y좌표1":397.794,"Y좌표8":682.619,"Y좌표7":517.72,"Y좌표6":409.787,"Y좌표5":379.805,"Y좌표15":700.608,"Y좌표14":643.643,"Y좌표17":761.57,"Y좌표16":736.586,"Y좌표11":755.574,"Y좌표10":743.581,"Y좌표13":701.607,"Y좌표12":752.576,"X좌표28":235.847,"X좌표27":218.857,"X좌표26":205.865,"X좌표25":188.876,"X좌표24":173.885,"X좌표23":173.885,"X좌표22":167.889,"X좌표21":154.897,"X좌표20":140.905,"Y좌표19":722.594,"Y좌표18":751.576}],"원피스":[{}],"상의":[{"X좌표37":148.901,"X좌표36":119.918,"X좌표35":95.9331,"X좌표34":62.9534,"X좌표33":58.9559,"X좌표32":64.9522,"X좌표31":52.9596,"X좌표30":110.924,"Y좌표37":71.9947,"Y좌표36":65.9984,"X좌표8":368.765,"X좌표9":389.752,"Y좌표33":143.95,"Y좌표32":199.916,"Y좌표35":67.9972,"Y좌표34":92.9818,"Y좌표31":298.855,"Y좌표30":331.835,"X좌표2":185.878,"X좌표3":230.85,"X좌표1":152.898,"X좌표6":359.771,"X좌표7":361.769,"X좌표4":281.819,"X좌표5":316.797,"Y좌표26":413.784,"Y좌표25":428.775,"Y좌표28":377.806,"Y좌표9":9.0335,"Y좌표27":406.789,"Y좌표22":404.79,"Y좌표21":380.805,"Y좌표24":439.768,"Y좌표23":430.774,"Y좌표20":370.811,"X좌표19":493.688,"X좌표18":493.688,"X좌표17":523.67,"X좌표16":547.655,"X좌표15":571.64,"X좌표14":529.666,"X좌표13":508.679,"X좌표12":493.688,"X좌표11":470.702,"Y좌표4":124.962,"X좌표10":442.72,"Y좌표3":130.958,"Y좌표2":107.973,"Y좌표1":74.9929,"Y좌표8":17.0286,"Y좌표7":42.0132,"Y좌표29":338.83,"Y좌표6":92.9818,"Y좌표5":119.965,"Y좌표15":287.862,"Y좌표14":166.936,"Y좌표17":304.851,"Y좌표16":298.855,"Y좌표11":12.0317,"Y좌표10":5.03596,"Y좌표13":104.974,"Y좌표12":64.999,"X좌표29":148.901,"X좌표28":149.9,"X좌표27":166.889,"X좌표26":203.867,"X좌표25":236.846,"X좌표24":302.806,"X좌표23":341.782,"X좌표22":424.731,"X좌표21":445.718,"X좌표20":476.699,"Y좌표19":349.824,"Y좌표18":313.846}]},"라벨링":{"스타일":[{"스타일":"스트리트","서브스타일":"로맨틱"}],"아우터":[{}],"하의":[{"기장":"미니","색상":"스카이블루","카테고리":"팬츠","소재":["데님"],"핏":"노멀"}],"원피스":[{}],"상의":[{"기장":"크롭","색상":"핑크","카테고리":"브라탑","디테일":["리본","단추"],"소매기장":"반팔","넥라인":"스퀘어넥","핏":"노멀"}]}},"파일 번호":60289,"파일 이름":"Gstudio_103_img.jpg"}}