{"이미지 정보":{"이미지 식별자":603963,"이미지 높이":1066,"이미지 파일명":"160006982380567600_196390177.jpg","이미지 너비":800},"데이터셋 정보":{"파일 생성일자":"2020-10-20 11:33:09","데이터셋 상세설명":{"렉트좌표":{"아우터":[{"X좌표":261.167,"Y좌표":6.49562,"가로":349,"세로":487}],"하의":[{"X좌표":213.167,"Y좌표":291.984,"가로":285,"세로":677}],"원피스":[{}],"상의":[{}]},"폴리곤좌표":{"아우터":[{"Y좌표9":187.882,"X좌표19":278.667,"X좌표18":262.667,"X좌표17":261.667,"X좌표16":272.667,"X좌표15":284.667,"X좌표14":337.667,"X좌표13":401.667,"X좌표12":481.667,"X좌표11":573.667,"Y좌표4":14.9906,"X좌표10":582.667,"Y좌표3":6.99562,"Y좌표2":59.9625,"Y좌표1":119.925,"Y좌표8":141.911,"Y좌표7":78.9506,"Y좌표6":15.99,"Y좌표5":9.99375,"Y좌표15":482.698,"Y좌표14":493.691,"X좌표8":592.667,"Y좌표17":326.796,"X좌표9":610.667,"Y좌표16":431.73,"Y좌표11":487.695,"Y좌표10":230.856,"Y좌표13":493.691,"Y좌표12":494.69,"X좌표2":334.667,"X좌표3":365.667,"X좌표1":289.667,"X좌표6":529.667,"Y좌표19":130.918,"X좌표7":564.667,"Y좌표18":226.858,"X좌표4":422.667,"X좌표5":473.667}],"하의":[{"Y좌표9":881.115,"Y좌표22":478.367,"Y좌표21":534.332,"Y좌표24":306.475,"Y좌표23":397.418,"Y좌표20":652.258,"X좌표19":273.667,"X좌표18":245.667,"X좌표17":213.667,"X좌표16":288.667,"X좌표15":348.667,"X좌표14":348.667,"X좌표13":376.667,"X좌표12":388.667,"X좌표11":417.667,"Y좌표4":302.477,"X좌표10":469.667,"Y좌표3":302.477,"Y좌표2":300.479,"Y좌표1":292.484,"Y좌표8":644.263,"Y좌표7":526.337,"Y좌표6":418.405,"Y좌표5":293.483,"Y좌표15":948.073,"Y좌표14":912.096,"X좌표8":473.667,"Y좌표17":968.061,"X좌표9":498.667,"Y좌표16":970.06,"Y좌표11":921.09,"Y좌표10":910.097,"Y좌표13":848.136,"Y좌표12":910.097,"X좌표24":317.667,"X좌표23":290.667,"X좌표22":297.667,"X좌표2":354.667,"X좌표21":314.667,"X좌표3":402.667,"X좌표20":288.667,"X좌표1":317.667,"X좌표6":484.667,"Y좌표19":769.185,"X좌표7":485.667,"Y좌표18":864.126,"X좌표4":445.667,"X좌표5":466.667}],"원피스":[{}],"상의":[{}]},"라벨링":{"스타일":[{"스타일":"스트리트"}],"아우터":[{"기장":"노말","색상":"화이트","카테고리":"패딩","소매기장":"긴팔","소재":["우븐"],"프린트":["무지"],"넥라인":"터틀넥","핏":"노멀"}],"하의":[{"기장":"발목","색상":"블루","카테고리":"청바지","디테일":["롤업"],"소재":["데님"],"프린트":["무지"],"핏":"루즈"}],"원피스":[{}],"상의":[{}]}},"파일 번호":603963,"파일 이름":"160006982380567600_196390177.jpg"}}