{"이미지 정보":{"이미지 식별자":603994,"이미지 높이":1066,"이미지 파일명":"160006984861527400_1436058953.jpg","이미지 너비":800},"데이터셋 정보":{"파일 생성일자":"2020-10-20 11:33:23","데이터셋 상세설명":{"렉트좌표":{"아우터":[{"X좌표":34.375,"Y좌표":-1.48346,"가로":689,"세로":932}],"하의":[{}],"원피스":[{}],"상의":[{}]},"폴리곤좌표":{"아우터":[{"Y좌표43":-0.983455,"Y좌표40":7.00907,"Y좌표42":2.01374,"Y좌표41":22.9941,"X좌표39":269.875,"X좌표38":249.875,"X좌표37":207.875,"X좌표36":171.875,"X좌표35":133.875,"X좌표34":124.875,"X좌표33":84.875,"X좌표32":98.875,"X좌표31":82.875,"X좌표30":49.875,"Y좌표37":103.918,"Y좌표36":127.896,"X좌표8":718.875,"Y좌표39":17.9988,"X좌표9":718.875,"Y좌표38":75.9446,"Y좌표33":426.617,"Y좌표32":495.552,"Y좌표35":205.823,"Y좌표34":346.691,"Y좌표31":502.546,"Y좌표30":647.41,"X좌표2":498.875,"X좌표43":474.875,"X좌표3":587.875,"X좌표42":424.875,"X좌표41":372.875,"X좌표1":476.875,"X좌표40":322.875,"X좌표6":708.875,"X좌표7":723.875,"X좌표4":632.875,"X좌표5":674.875,"Y좌표26":812.256,"Y좌표25":795.272,"Y좌표28":793.274,"Y좌표9":538.512,"Y좌표27":807.261,"Y좌표22":905.169,"Y좌표21":898.176,"Y좌표24":832.237,"Y좌표23":880.192,"Y좌표20":915.16,"X좌표19":472.875,"X좌표18":541.875,"X좌표17":538.875,"X좌표16":574.875,"X좌표15":642.875,"X좌표14":682.875,"X좌표13":708.875,"X좌표12":687.875,"X좌표11":702.875,"Y좌표4":147.877,"X좌표10":724.875,"Y좌표3":103.918,"Y좌표2":45.9726,"Y좌표1":4.01187,"Y좌표8":518.531,"Y좌표7":428.615,"Y좌표29":781.285,"Y좌표6":326.71,"Y좌표5":236.794,"Y좌표15":922.153,"Y좌표14":905.169,"Y좌표17":915.16,"Y좌표16":928.148,"Y좌표11":715.347,"Y좌표10":551.5,"Y좌표13":736.327,"Y좌표12":730.333,"X좌표29":34.875,"X좌표28":58.875,"X좌표27":74.875,"X좌표26":103.875,"X좌표25":133.875,"X좌표24":144.875,"X좌표23":139.875,"X좌표22":214.875,"X좌표21":262.875,"X좌표20":337.875,"Y좌표19":928.148,"Y좌표18":931.145}],"하의":[{}],"원피스":[{}],"상의":[{}]},"라벨링":{"스타일":[{"스타일":"스트리트"}],"아우터":[{"기장":"노말","색상":"화이트","카테고리":"패딩","소매기장":"긴팔","소재":["우븐"],"프린트":["무지"],"넥라인":"터틀넥","핏":"노멀"}],"하의":[{}],"원피스":[{}],"상의":[{}]}},"파일 번호":603994,"파일 이름":"160006984861527400_1436058953.jpg"}}