{"이미지 정보":{"이미지 식별자":671707,"이미지 높이":800,"이미지 파일명":"1 (36868).JPG","이미지 너비":800},"데이터셋 정보":{"파일 생성일자":"2020-10-28 00:04:45","데이터셋 상세설명":{"렉트좌표":{"아우터":[{}],"하의":[{}],"원피스":[{}],"상의":[{"X좌표":6.20312,"Y좌표":60.5,"가로":743,"세로":496}]},"폴리곤좌표":{"아우터":[{}],"하의":[{}],"원피스":[{}],"상의":[{"Y좌표9":361.0,"Y좌표22":105.0,"Y좌표21":208.0,"Y좌표23":61.0,"Y좌표20":272.0,"X좌표19":89.7031,"X좌표18":57.7031,"X좌표17":26.7031,"X좌표16":41.7031,"X좌표15":100.703,"X좌표14":231.703,"X좌표13":362.703,"X좌표12":493.703,"X좌표11":510.703,"Y좌표4":91.0,"X좌표10":515.703,"Y좌표3":75.0,"Y좌표2":79.0,"Y좌표1":74.0,"Y좌표8":357.0,"Y좌표7":329.0,"Y좌표6":235.0,"Y좌표5":139.0,"Y좌표15":523.0,"Y좌표14":557.0,"X좌표8":605.703,"Y좌표17":386.0,"X좌표9":547.703,"Y좌표16":478.0,"Y좌표11":488.0,"Y좌표10":395.0,"Y좌표13":548.0,"Y좌표12":541.0,"X좌표23":79.7031,"X좌표22":22.7031,"X좌표2":116.703,"X좌표21":6.70312,"X좌표3":381.703,"X좌표20":30.7031,"X좌표1":85.7031,"X좌표6":745.703,"Y좌표19":337.0,"X좌표7":749.703,"Y좌표18":338.0,"X좌표4":586.703,"X좌표5":714.703}]},"라벨링":{"스타일":[{"스타일":"스트리트","서브스타일":"페미닌"}],"아우터":[{}],"하의":[{"카테고리":"스커트","소재":["우븐"],"프린트":["무지"],"핏":"루즈"}],"원피스":[{}],"상의":[{"기장":"크롭","색상":"브라운","카테고리":"후드티","디테일":["스트링"],"소매기장":"긴팔","소재":["저지"],"프린트":["무지"],"넥라인":"후드","핏":"노멀"}]}},"파일 번호":671707,"파일 이름":"1 (36868).JPG"}}