{"이미지 정보":{"이미지 식별자":687668,"이미지 높이":800,"이미지 파일명":"wer(2796).jpg","이미지 너비":800},"데이터셋 정보":{"파일 생성일자":"2020-10-28 02:28:39","데이터셋 상세설명":{"렉트좌표":{"아우터":[{}],"하의":[{}],"원피스":[{}],"상의":[{"X좌표":70.4014,"Y좌표":3.49444,"가로":635,"세로":717}]},"폴리곤좌표":{"아우터":[{}],"하의":[{}],"원피스":[{}],"상의":[{"X좌표39":196.726,"X좌표38":240.665,"X좌표37":347.517,"X좌표36":418.418,"X좌표35":504.299,"X좌표34":562.218,"X좌표33":619.139,"X좌표32":620.138,"X좌표31":621.136,"X좌표30":654.09,"X좌표49":204.715,"X좌표48":196.726,"X좌표47":216.699,"X좌표46":212.704,"X좌표45":218.696,"X좌표44":230.679,"X좌표43":224.688,"X좌표42":195.728,"X좌표41":183.744,"X좌표40":183.744,"Y좌표26":499.306,"Y좌표25":457.364,"Y좌표28":569.208,"Y좌표27":523.272,"Y좌표22":142.801,"Y좌표21":77.8917,"Y좌표24":366.49,"Y좌표23":249.653,"Y좌표20":40.9431,"X좌표54":93.8694,"X좌표53":155.783,"X좌표52":147.794,"X좌표51":178.751,"X좌표50":207.711,"Y좌표29":638.112,"Y좌표15":4.99306,"Y좌표14":6.99028,"Y좌표17":64.9097,"Y좌표16":54.9236,"Y좌표11":113.842,"Y좌표10":169.764,"Y좌표13":62.9125,"Y좌표12":74.8958,"Y좌표19":5.99167,"Y좌표18":3.99444,"Y좌표48":436.393,"Y좌표47":417.419,"Y좌표49":482.329,"Y좌표44":387.461,"Y좌표43":534.257,"Y좌표46":385.464,"Y좌표45":356.504,"Y좌표40":684.049,"Y좌표42":581.192,"Y좌표41":654.09,"Y좌표37":714.007,"Y좌표36":720.997,"X좌표8":106.851,"Y좌표39":707.017,"X좌표9":121.831,"Y좌표38":669.069,"Y좌표33":699.028,"Y좌표32":662.079,"Y좌표35":704.021,"Y좌표34":701.025,"Y좌표31":618.14,"Y좌표30":613.147,"X좌표2":115.839,"X좌표3":103.856,"X좌표1":90.8736,"X좌표6":70.9014,"X좌표7":79.8889,"X좌표4":88.8764,"X좌표5":99.8611,"Y좌표9":244.66,"X좌표19":512.288,"X좌표18":495.311,"X좌표17":443.383,"X좌표16":389.458,"X좌표15":377.475,"X좌표14":304.576,"X좌표13":287.6,"X좌표12":223.689,"X좌표11":158.779,"Y좌표4":439.389,"X좌표10":126.824,"Y좌표3":507.294,"Y좌표2":547.239,"Y좌표1":594.174,"Y좌표8":335.533,"Y좌표7":356.504,"Y좌표6":381.469,"Y좌표5":411.428,"Y좌표54":597.169,"Y좌표51":553.231,"Y좌표50":569.208,"Y좌표53":609.153,"Y좌표52":566.213,"X좌표29":686.046,"X좌표28":687.044,"X좌표27":669.069,"X좌표26":673.064,"X좌표25":659.083,"X좌표24":671.067,"X좌표23":706.018,"X좌표22":683.05,"X좌표21":572.204,"X좌표20":521.275}]},"라벨링":{"스타일":[{"스타일":"모던"}],"아우터":[{}],"하의":[{"색상":"베이지","카테고리":"팬츠","소재":["코듀로이"],"프린트":["무지"],"핏":"와이드"}],"원피스":[{}],"상의":[{"색상":"화이트","서브색상":"블랙","카테고리":"니트웨어","소매기장":"긴팔","소재":["니트"],"프린트":["아가일"],"넥라인":"터틀넥","핏":"루즈"}]}},"파일 번호":687668,"파일 이름":"wer(2796).jpg"}}