{"이미지 정보":{"이미지 식별자":70162,"이미지 높이":800,"이미지 파일명":"comes_004_04.jpg","이미지 너비":800},"데이터셋 정보":{"파일 생성일자":"2020-08-10 04:12:33","데이터셋 상세설명":{"렉트좌표":{"아우터":[{}],"하의":[{"X좌표":247.5,"Y좌표":218.389,"가로":293,"세로":465}],"원피스":[{}],"상의":[{"X좌표":300.833,"Y좌표":4.16667,"가로":140,"세로":219}]},"폴리곤좌표":{"아우터":[{}],"하의":[{"Y좌표9":684.667,"Y좌표21":223.333,"Y좌표20":218.889,"X좌표19":435.556,"X좌표18":448.0,"X좌표17":443.556,"X좌표16":475.556,"X좌표15":495.111,"X좌표14":541.333,"X좌표13":515.556,"X좌표12":476.444,"X좌표11":439.111,"Y좌표4":534.444,"X좌표10":392.0,"Y좌표3":438.444,"Y좌표2":324.667,"Y좌표1":232.222,"Y좌표8":682.889,"Y좌표7":661.556,"Y좌표6":649.111,"Y좌표5":537.111,"Y좌표15":545.111,"Y좌표14":626.0,"X좌표8":314.667,"Y좌표17":394.0,"X좌표9":352.0,"Y좌표16":460.667,"Y좌표11":666.0,"Y좌표10":672.222,"Y좌표13":639.333,"Y좌표12":655.333,"X좌표2":299.556,"X좌표21":334.222,"X좌표3":289.778,"X좌표20":412.444,"X좌표1":322.667,"X좌표6":248.0,"Y좌표19":267.778,"X좌표7":290.667,"Y좌표18":319.333,"X좌표4":271.111,"X좌표5":290.667}],"원피스":[{}],"상의":[{"Y좌표9":223.333,"X좌표17":342.222,"X좌표16":391.111,"X좌표15":416.0,"X좌표14":436.444,"X좌표13":441.778,"X좌표12":441.778,"X좌표11":423.111,"Y좌표4":126.444,"X좌표10":398.222,"Y좌표3":104.222,"Y좌표2":49.1111,"Y좌표1":4.66667,"Y좌표8":215.333,"Y좌표7":173.556,"Y좌표6":176.222,"Y좌표5":166.444,"Y좌표15":40.2222,"Y좌표14":99.7778,"X좌표8":323.556,"Y좌표17":9.11111,"X좌표9":359.111,"Y좌표16":6.44445,"Y좌표11":216.222,"Y좌표10":224.222,"Y좌표13":146.0,"Y좌표12":187.778,"X좌표2":334.222,"X좌표3":312.0,"X좌표1":335.111,"X좌표6":308.444,"X좌표7":326.222,"X좌표4":302.222,"X좌표5":301.333}]},"라벨링":{"스타일":[{"스타일":"히피","서브스타일":"웨스턴"}],"아우터":[{}],"하의":[{"기장":"미디","색상":"브라운","카테고리":"스커트","디테일":["프릴","셔링","플리츠","플레어","비대칭"],"소재":["우븐"],"프린트":["무지"]}],"원피스":[{}],"상의":[{"색상":"브라운","카테고리":"탑","소매기장":"긴팔","소재":["저지"],"프린트":["무지"],"넥라인":"터틀넥","핏":"노멀"}]}},"파일 번호":70162,"파일 이름":"comes_004_04.jpg"}}