{"이미지 정보":{"이미지 식별자":779863,"이미지 높이":800,"이미지 파일명":"1-20200207(중국,샘플)-sk2561k02(4)-아카시아(샘플,포이즌)0207얼굴컷-밝기보정해주세요-IMG_8685.JPG","이미지 너비":800},"데이터셋 정보":{"파일 생성일자":"2020-11-02 18:40:07","데이터셋 상세설명":{"렉트좌표":{"아우터":[{}],"하의":[{"X좌표":226.192,"Y좌표":60.4222,"가로":249,"세로":484}],"원피스":[{}],"상의":[{"X좌표":211.212,"Y좌표":-1.49168,"가로":296,"세로":262}]},"폴리곤좌표":{"아우터":[{}],"하의":[{"X좌표37":425.415,"X좌표36":401.449,"X좌표35":362.503,"X좌표34":321.56,"X좌표33":289.604,"X좌표32":293.599,"X좌표31":275.624,"X좌표30":253.654,"Y좌표37":79.8958,"Y좌표36":70.9083,"X좌표8":452.378,"X좌표9":436.4,"Y좌표33":69.9097,"Y좌표32":87.8847,"Y좌표35":60.9222,"Y좌표34":60.9222,"Y좌표31":118.842,"Y좌표30":175.762,"X좌표2":420.422,"X좌표3":441.393,"X좌표1":419.424,"X좌표6":476.344,"X좌표7":471.351,"X좌표4":457.371,"X좌표5":475.346,"Y좌표26":460.367,"Y좌표25":478.342,"Y좌표28":351.518,"Y좌표9":523.279,"Y좌표27":443.39,"Y좌표22":518.286,"Y좌표21":485.332,"Y좌표24":503.307,"Y좌표23":529.271,"Y좌표20":457.371,"X좌표19":319.562,"X좌표18":315.568,"X좌표17":311.574,"X좌표16":332.544,"X좌표15":360.506,"X좌표14":392.461,"X좌표13":392.461,"X좌표12":383.474,"X좌표11":410.436,"Y좌표4":261.643,"X좌표10":432.406,"Y좌표3":159.785,"Y좌표2":101.865,"Y좌표1":82.8917,"Y좌표8":545.249,"Y좌표7":527.274,"Y좌표29":258.647,"Y좌표6":492.322,"Y좌표5":422.419,"Y좌표15":519.285,"Y좌표14":513.293,"Y좌표17":503.307,"Y좌표16":512.294,"Y좌표11":462.364,"Y좌표10":472.35,"Y좌표13":487.329,"Y좌표12":455.374,"X좌표29":245.665,"X좌표28":240.672,"X좌표27":237.676,"X좌표26":226.692,"X좌표25":236.678,"X좌표24":241.671,"X좌표23":241.671,"X좌표22":268.633,"X좌표21":272.628,"X좌표20":278.619,"Y좌표19":457.371,"Y좌표18":470.353}],"원피스":[{}],"상의":[{"X좌표8":439.396,"X좌표9":429.41,"X좌표2":481.337,"X좌표3":497.315,"X좌표1":487.329,"X좌표6":477.343,"X좌표7":443.39,"X좌표4":501.31,"X좌표5":508.3,"Y좌표26":160.783,"Y좌표25":211.712,"Y좌표28":-0.991678,"Y좌표9":153.793,"Y좌표27":82.8917,"Y좌표22":250.658,"Y좌표21":223.696,"Y좌표24":255.651,"Y좌표23":257.649,"Y좌표20":205.721,"X좌표19":278.619,"X좌표18":292.6,"X좌표17":292.6,"X좌표16":302.586,"X좌표15":305.582,"X좌표14":340.533,"X좌표13":373.487,"X좌표12":407.44,"X좌표11":417.426,"Y좌표4":223.696,"X좌표10":429.41,"Y좌표3":178.758,"Y좌표2":7.99582,"Y좌표1":0.00693311,"Y좌표8":211.712,"Y좌표7":258.647,"Y좌표29":0.00693311,"Y좌표6":259.646,"Y좌표5":261.643,"Y좌표15":80.8944,"Y좌표14":75.9014,"Y좌표17":96.8722,"Y좌표16":96.8722,"Y좌표11":95.8736,"Y좌표10":91.8792,"Y좌표13":78.8972,"Y좌표12":87.8847,"X좌표29":492.322,"X좌표28":239.674,"X좌표27":227.69,"X좌표26":216.706,"X좌표25":211.712,"X좌표24":211.712,"X좌표23":231.685,"X좌표22":258.647,"X좌표21":258.647,"X좌표20":263.64,"Y좌표19":156.789,"Y좌표18":110.853}]},"라벨링":{"스타일":[{"스타일":"로맨틱"}],"아우터":[{}],"하의":[{"기장":"미디","색상":"베이지","카테고리":"스커트","디테일":["비대칭"],"소재":["우븐"],"프린트":["무지"],"핏":"루즈"}],"원피스":[{}],"상의":[{"기장":"노멀","색상":"레드","서브색상":"베이지","카테고리":"블라우스","소매기장":"긴팔","소재":["시폰"],"프린트":["플로럴"],"핏":"노멀"}]}},"파일 번호":779863,"파일 이름":"1-20200207(중국,샘플)-sk2561k02(4)-아카시아(샘플,포이즌)0207얼굴컷-밝기보정해주세요-IMG_8685.JPG"}}