{"이미지 정보":{"이미지 식별자":821194,"이미지 높이":1200,"이미지 파일명":"2017_10 촬영원본-반-리ok-없음-13835-13835-lkt_1 (1888).JPG","이미지 너비":800},"데이터셋 정보":{"파일 생성일자":"2020-11-04 14:13:53","데이터셋 상세설명":{"렉트좌표":{"아우터":[{"X좌표":6.24225,"Y좌표":355.539,"가로":467,"세로":836}],"하의":[{}],"원피스":[{}],"상의":[{}]},"폴리곤좌표":{"아우터":[{"X좌표36":302.745,"X좌표35":294.745,"X좌표34":264.745,"X좌표33":273.745,"X좌표32":210.744,"X좌표31":165.744,"X좌표30":123.743,"Y좌표36":360.539,"X좌표8":416.746,"X좌표9":432.746,"Y좌표33":399.539,"Y좌표32":469.539,"Y좌표35":360.539,"Y좌표34":384.539,"Y좌표31":567.539,"Y좌표30":625.539,"X좌표2":348.746,"X좌표3":386.746,"X좌표1":302.745,"X좌표6":408.746,"X좌표7":386.746,"X좌표4":386.746,"X좌표5":416.746,"Y좌표26":1138.54,"Y좌표25":1171.54,"Y좌표28":738.539,"Y좌표9":458.039,"Y좌표27":852.539,"Y좌표22":1183.54,"Y좌표21":1131.54,"Y좌표24":1192.54,"Y좌표23":1192.54,"Y좌표20":1035.54,"X좌표19":392.746,"X좌표18":417.746,"X좌표17":473.747,"X좌표16":458.747,"X좌표15":450.747,"X좌표14":465.747,"X좌표13":459.747,"X좌표12":470.747,"X좌표11":461.747,"Y좌표4":470.039,"X좌표10":438.746,"Y좌표3":437.039,"Y좌표2":405.039,"Y좌표1":356.039,"Y좌표8":429.039,"Y좌표7":410.039,"Y좌표29":681.539,"Y좌표6":447.039,"Y좌표5":549.039,"Y좌표15":984.039,"Y좌표14":827.039,"Y좌표17":1174.54,"Y좌표16":1107.54,"Y좌표11":657.039,"Y좌표10":551.039,"Y좌표13":731.039,"Y좌표12":678.039,"X좌표29":110.743,"X좌표28":126.743,"X좌표27":71.7429,"X좌표26":6.74225,"X좌표25":30.7425,"X좌표24":99.7432,"X좌표23":272.745,"X좌표22":332.745,"X좌표21":345.746,"X좌표20":368.746,"Y좌표19":1126.54,"Y좌표18":1149.54}],"하의":[{}],"원피스":[{}],"상의":[{}]},"라벨링":{"스타일":[{"스타일":"스트리트"}],"아우터":[{"기장":"하프","색상":"블랙","카테고리":"코트","옷깃":"테일러드칼라","디테일":["단추"],"소매기장":"긴팔","소재":["울\/캐시미어"],"프린트":["무지"],"핏":"루즈"}],"하의":[{}],"원피스":[{}],"상의":[{}]}},"파일 번호":821194,"파일 이름":"2017_10 촬영원본-반-리ok-없음-13835-13835-lkt_1 (1888).JPG"}}