{"이미지 정보":{"이미지 식별자":844229,"이미지 높이":1200,"이미지 파일명":"없음-3026-3026-ops1863(2)-송(대행,포근머털바바OPS)11.23-메인-IMG_7756.jpg","이미지 너비":800},"데이터셋 정보":{"파일 생성일자":"2020-11-04 17:03:13","데이터셋 상세설명":{"렉트좌표":{"아우터":[{}],"하의":[{}],"원피스":[{"X좌표":132.87,"Y좌표":3.28122,"가로":634,"세로":924}],"상의":[{}]},"폴리곤좌표":{"아우터":[{}],"하의":[{}],"원피스":[{"X좌표39":253.203,"X좌표38":247.212,"X좌표37":231.234,"X좌표36":216.255,"X좌표35":215.256,"X좌표34":246.213,"X좌표33":321.109,"X좌표32":412.981,"X좌표31":520.831,"X좌표30":576.753,"X좌표49":198.28,"X좌표48":178.308,"X좌표47":162.33,"X좌표46":138.363,"X좌표45":133.37,"X좌표44":174.313,"X좌표43":224.244,"X좌표42":276.171,"X좌표41":276.171,"X좌표40":263.189,"Y좌표26":507.315,"Y좌표25":450.367,"Y좌표28":846.334,"Y좌표27":671.496,"Y좌표22":354.456,"Y좌표21":328.48,"Y좌표24":420.395,"Y좌표23":385.428,"Y좌표20":308.499,"X좌표59":411.983,"X좌표58":388.016,"X좌표57":372.038,"X좌표56":350.069,"X좌표55":316.116,"X좌표54":287.156,"X좌표53":258.196,"X좌표52":232.233,"X좌표51":221.248,"X좌표50":213.259,"Y좌표29":861.32,"Y좌표15":377.435,"Y좌표14":387.426,"Y좌표17":341.468,"Y좌표16":365.446,"Y좌표11":236.565,"Y좌표10":183.615,"Y좌표13":404.41,"Y좌표12":318.49,"Y좌표19":314.493,"Y좌표18":325.483,"Y좌표48":197.602,"Y좌표47":228.573,"Y좌표49":170.627,"Y좌표44":335.474,"Y좌표43":359.563,"Y좌표46":274.53,"Y좌표45":313.494,"Y좌표40":566.371,"Y좌표42":368.554,"Y좌표41":485.446,"Y좌표37":792.384,"Y좌표36":853.327,"X좌표8":664.631,"Y좌표39":623.54,"X좌표9":686.601,"Y좌표38":743.429,"Y좌표33":928.258,"Y좌표32":910.274,"Y좌표35":912.273,"Y좌표34":928.258,"Y좌표31":898.286,"Y좌표30":886.297,"X좌표2":451.927,"X좌표3":474.895,"X좌표1":414.978,"X좌표6":581.746,"X좌표7":644.659,"X좌표4":485.88,"X좌표5":530.817,"Y좌표9":136.658,"X좌표19":617.696,"X좌표18":606.712,"X좌표17":586.739,"X좌표16":580.748,"X좌표15":591.733,"X좌표14":632.676,"X좌표13":694.589,"X좌표12":740.526,"X좌표11":767.488,"Y좌표4":3.78122,"X좌표10":735.533,"Y좌표3":27.759,"Y좌표2":55.7331,"Y좌표1":65.7238,"Y좌표8":101.69,"Y좌표7":88.7025,"Y좌표6":27.759,"Y좌표5":6.77844,"Y좌표59":67.722,"Y좌표58":59.7294,"Y좌표55":44.7433,"Y좌표54":63.7257,"Y좌표57":48.7396,"Y좌표56":30.7562,"Y좌표51":146.649,"Y좌표50":166.63,"Y좌표53":97.6942,"Y좌표52":125.668,"X좌표29":595.727,"X좌표28":592.731,"X좌표27":581.746,"X좌표26":582.745,"X좌표25":575.755,"X좌표24":567.766,"X좌표23":574.756,"X좌표22":581.746,"X좌표21":597.724,"X좌표20":617.696}],"상의":[{}]},"라벨링":{"스타일":[{"스타일":"키치"}],"아우터":[{}],"하의":[{}],"원피스":[{"기장":"미디","색상":"오렌지","카테고리":"드레스","소매기장":"긴팔","소재":["저지"],"프린트":["그래픽"],"넥라인":"라운드넥","핏":"루즈"}],"상의":[{}]}},"파일 번호":844229,"파일 이름":"없음-3026-3026-ops1863(2)-송(대행,포근머털바바OPS)11.23-메인-IMG_7756.jpg"}}