{"이미지 정보":{"이미지 식별자":868466,"이미지 높이":533,"이미지 파일명":"20190325(대행)-할당-제품컷잇음-pt3504k93(3)-엘투(대행,330)03.25-밑단 롤업한 것 , 안한 이미지 반반 섞어 사용해주세요~-DSC05499.jpg","이미지 너비":800},"데이터셋 정보":{"파일 생성일자":"2020-11-05 14:57:14","데이터셋 상세설명":{"렉트좌표":{"아우터":[{}],"하의":[{"X좌표":335.5,"Y좌표":71.4249,"가로":121,"세로":275}],"원피스":[{}],"상의":[{"X좌표":306.5,"Y좌표":0.498958,"가로":169,"세로":87}]},"폴리곤좌표":{"아우터":[{}],"하의":[{"X좌표31":349.0,"X좌표30":377.0,"X좌표8":359.0,"X좌표9":377.0,"Y좌표31":76.9197,"Y좌표30":76.9197,"X좌표2":338.0,"X좌표3":336.0,"X좌표1":344.0,"X좌표6":347.0,"X좌표7":344.0,"X좌표4":342.0,"X좌표5":342.0,"Y좌표26":161.831,"Y좌표25":203.787,"Y좌표28":71.9249,"Y좌표9":339.646,"Y좌표27":128.866,"Y좌표22":347.637,"Y좌표21":346.638,"Y좌표24":272.715,"Y좌표23":337.648,"Y좌표20":336.649,"X좌표19":403.0,"X좌표18":399.0,"X좌표17":397.0,"X좌표16":397.0,"X좌표15":396.0,"X좌표14":389.0,"X좌표13":388.0,"X좌표12":392.0,"X좌표11":392.0,"Y좌표4":201.789,"X좌표10":384.0,"Y좌표3":155.837,"Y좌표2":106.888,"Y좌표1":76.9197,"Y좌표8":331.654,"Y좌표7":275.712,"Y좌표29":78.9177,"Y좌표6":259.729,"Y좌표5":240.749,"Y좌표15":179.812,"Y좌표14":243.746,"Y좌표17":225.764,"Y좌표16":207.783,"Y좌표11":312.674,"Y좌표10":333.652,"Y좌표13":263.725,"Y좌표12":289.698,"X좌표29":413.0,"X좌표28":441.0,"X좌표27":457.0,"X좌표26":456.0,"X좌표25":451.0,"X좌표24":443.0,"X좌표23":436.0,"X좌표22":423.0,"X좌표21":407.0,"X좌표20":395.0,"Y좌표19":278.709,"Y좌표18":252.736}],"원피스":[{}],"상의":[{"X좌표8":446.0,"X좌표9":472.0,"Y좌표9":25.9729,"Y좌표11":3.99583,"Y좌표10":0.998958,"X좌표11":310.0,"X좌표2":307.0,"Y좌표4":82.9135,"X좌표10":476.0,"X좌표3":342.0,"Y좌표3":34.9635,"Y좌표2":23.975,"X좌표1":309.0,"Y좌표1":3.99583,"X좌표6":428.0,"Y좌표8":34.9635,"X좌표7":452.0,"Y좌표7":63.9333,"X좌표4":348.0,"Y좌표6":87.9083,"X좌표5":391.0,"Y좌표5":88.9072}]},"라벨링":{"스타일":[{"스타일":"스트리트"}],"아우터":[{}],"하의":[{"기장":"발목","색상":"네이비","카테고리":"팬츠","소재":["우븐"],"프린트":["무지"],"핏":"노멀"}],"원피스":[{}],"상의":[{"색상":"화이트","카테고리":"티셔츠","소매기장":"반팔","소재":["우븐"],"프린트":["레터링"],"넥라인":"라운드넥","핏":"노멀"}]}},"파일 번호":868466,"파일 이름":"20190325(대행)-할당-제품컷잇음-pt3504k93(3)-엘투(대행,330)03.25-밑단 롤업한 것 , 안한 이미지 반반 섞어 사용해주세요~-DSC05499.jpg"}}