{"이미지 정보":{"이미지 식별자":972202,"이미지 높이":1049,"이미지 파일명":"꿩-ops1812-ops1812-s_19.jpg","이미지 너비":800},"데이터셋 정보":{"파일 생성일자":"2020-11-09 19:12:38","데이터셋 상세설명":{"렉트좌표":{"아우터":[{}],"하의":[{}],"원피스":[{"X좌표":191.411,"Y좌표":1.49905,"가로":383,"세로":901}],"상의":[{}]},"폴리곤좌표":{"아우터":[{}],"하의":[{}],"원피스":[{"X좌표8":191.911,"X좌표9":195.909,"X좌표2":231.886,"X좌표3":227.889,"X좌표1":301.842,"X좌표6":255.871,"X좌표7":223.891,"X좌표4":195.909,"X좌표5":239.881,"Y좌표26":1.99905,"Y좌표25":31.9847,"Y좌표28":7.99619,"Y좌표9":857.591,"Y좌표27":15.9924,"Y좌표22":481.77,"Y좌표21":563.731,"Y좌표24":261.875,"Y좌표23":461.78,"Y좌표20":665.683,"X좌표19":515.709,"X좌표18":575.671,"X좌표17":521.705,"X좌표16":465.74,"X좌표15":445.752,"X좌표14":423.766,"X좌표13":425.765,"X좌표12":335.821,"X좌표11":277.857,"Y좌표4":141.932,"X좌표10":283.854,"Y좌표3":101.951,"Y좌표2":65.9685,"Y좌표1":5.99714,"Y좌표8":783.626,"Y좌표7":393.812,"Y좌표6":259.876,"Y좌표5":247.882,"Y좌표15":785.625,"Y좌표14":835.602,"Y좌표17":835.602,"Y좌표16":845.597,"Y좌표11":889.576,"Y좌표10":861.589,"Y좌표13":893.574,"Y좌표12":903.569,"X좌표28":305.84,"X좌표27":383.791,"X좌표26":473.735,"X좌표25":523.704,"X좌표24":545.69,"X좌표23":551.686,"X좌표22":525.702,"X좌표21":515.709,"X좌표20":483.729,"Y좌표19":705.663,"Y좌표18":781.627}],"상의":[{}]},"라벨링":{"스타일":[{"스타일":"스트리트"}],"아우터":[{}],"하의":[{}],"원피스":[{"기장":"발목","색상":"그레이","카테고리":"드레스","디테일":["슬릿","드롭숄더"],"소매기장":"긴팔","소재":["저지"],"프린트":["무지"],"넥라인":"라운드넥","핏":"오버사이즈"}],"상의":[{}]}},"파일 번호":972202,"파일 이름":"꿩-ops1812-ops1812-s_19.jpg"}}