{"이미지 정보":{"이미지 식별자":976421,"이미지 높이":1049,"이미지 파일명":"6sk1938-1 (1964).jpg","이미지 너비":800},"데이터셋 정보":{"파일 생성일자":"2020-11-10 12:46:49","데이터셋 상세설명":{"렉트좌표":{"아우터":[{"X좌표":168.594,"Y좌표":1.00002,"가로":483,"세로":482}],"하의":[{"X좌표":228.594,"Y좌표":352.0,"가로":399,"세로":580}],"원피스":[{}],"상의":[{}]},"폴리곤좌표":{"아우터":[{"X좌표8":359.094,"X좌표9":169.094,"Y좌표9":1.50002,"X좌표2":238.094,"Y좌표4":477.5,"X좌표3":246.094,"Y좌표3":377.5,"Y좌표2":204.5,"X좌표1":174.094,"Y좌표1":6.50002,"X좌표6":652.094,"Y좌표8":23.5,"X좌표7":560.094,"Y좌표7":16.5,"X좌표4":522.094,"Y좌표6":261.5,"X좌표5":599.094,"Y좌표5":484.5}],"하의":[{"X좌표8":244.094,"X좌표2":229.094,"Y좌표4":606.5,"X좌표3":364.094,"Y좌표3":928.5,"Y좌표2":932.5,"X좌표1":245.094,"Y좌표1":362.5,"X좌표6":628.094,"Y좌표8":352.5,"X좌표7":515.094,"Y좌표7":368.5,"X좌표4":396.094,"Y좌표6":853.5,"X좌표5":510.094,"Y좌표5":916.5}],"원피스":[{}],"상의":[{}]},"라벨링":{"스타일":[{"스타일":"스포티","서브스타일":"스트리트"}],"아우터":[{"기장":"노말","색상":"핑크","카테고리":"점퍼","디테일":["셔링"],"소매기장":"긴팔","소재":["우븐"],"프린트":["무지"],"넥라인":"후드","핏":"루즈"}],"하의":[{"색상":"베이지","카테고리":"조거팬츠","디테일":["포켓"],"소재":["우븐"],"프린트":["무지"],"핏":"노멀"}],"원피스":[{}],"상의":[{}]}},"파일 번호":976421,"파일 이름":"6sk1938-1 (1964).jpg"}}