{"이미지 정보":{"이미지 식별자":976997,"이미지 높이":1049,"이미지 파일명":"6sk1938-1 (2540).jpg","이미지 너비":800},"데이터셋 정보":{"파일 생성일자":"2020-11-10 12:49:58","데이터셋 상세설명":{"렉트좌표":{"아우터":[{"X좌표":134.501,"Y좌표":-1.46072,"가로":526,"세로":714}],"하의":[{}],"원피스":[{}],"상의":[{"X좌표":273.503,"Y좌표":185.496,"가로":122,"세로":388}]},"폴리곤좌표":{"아우터":[{"X좌표39":456.004,"X좌표38":445.004,"X좌표37":427.004,"X좌표36":402.004,"X좌표35":376.004,"X좌표34":361.004,"X좌표33":342.003,"X좌표32":331.003,"X좌표31":330.003,"X좌표30":328.003,"X좌표49":292.003,"X좌표48":301.003,"X좌표47":304.003,"X좌표46":315.003,"X좌표45":324.003,"X좌표44":316.003,"X좌표43":316.003,"X좌표42":309.003,"X좌표41":307.003,"X좌표40":325.003,"Y좌표26":671.884,"Y좌표25":554.911,"Y좌표28":694.879,"Y좌표27":679.882,"Y좌표22":128.01,"Y좌표21":75.0217,"Y좌표24":427.94,"Y좌표23":224.987,"Y좌표20":77.0213,"X좌표54":172.002,"X좌표53":201.002,"X좌표52":240.002,"X좌표51":274.003,"X좌표50":289.003,"Y좌표29":697.878,"Y좌표15":18.0349,"Y좌표14":-0.960716,"Y좌표17":45.0287,"Y좌표16":35.031,"Y좌표11":32.0317,"Y좌표10":59.0254,"Y좌표13":2.03859,"Y좌표12":2.03859,"Y좌표19":50.0275,"Y좌표18":47.0282,"Y좌표48":431.939,"Y좌표47":371.953,"Y좌표49":518.919,"Y좌표44":175.998,"Y좌표43":137.007,"Y좌표46":278.975,"Y좌표45":211.99,"Y좌표40":32.0317,"Y좌표42":81.0203,"Y좌표41":54.0266,"Y좌표37":111.013,"Y좌표36":141.007,"X좌표8":150.001,"Y좌표39":14.0358,"X좌표9":195.002,"Y좌표38":48.028,"Y좌표33":398.947,"Y좌표32":514.92,"Y좌표35":176.998,"Y좌표34":254.98,"Y좌표31":635.892,"Y좌표30":700.877,"X좌표2":201.002,"X좌표3":162.002,"X좌표1":178.002,"X좌표6":135.001,"X좌표7":135.001,"X좌표4":142.001,"X좌표5":138.001,"Y좌표9":83.0199,"X좌표19":658.006,"X좌표18":636.006,"X좌표17":595.006,"X좌표16":535.005,"X좌표15":514.005,"X좌표14":493.005,"X좌표13":325.003,"X좌표12":298.003,"X좌표11":276.003,"Y좌표4":323.964,"X좌표10":250.002,"Y좌표3":439.937,"Y좌표2":565.908,"Y좌표1":670.884,"Y좌표8":102.016,"Y좌표7":134.008,"Y좌표6":200.993,"Y좌표5":260.979,"Y좌표54":653.888,"Y좌표51":703.877,"Y좌표50":623.895,"Y좌표53":679.882,"Y좌표52":713.874,"X좌표29":340.003,"X좌표28":427.004,"X좌표27":577.006,"X좌표26":597.006,"X좌표25":597.006,"X좌표24":586.006,"X좌표23":627.006,"X좌표22":646.006,"X좌표21":652.006,"X좌표20":661.006}],"하의":[{}],"원피스":[{}],"상의":[{"Y좌표9":191.995,"X좌표19":274.003,"X좌표18":277.003,"X좌표17":303.003,"X좌표16":358.003,"X좌표15":358.003,"X좌표14":354.003,"X좌표13":363.004,"X좌표12":372.004,"X좌표11":382.004,"Y좌표4":335.961,"X좌표10":396.004,"Y좌표3":400.946,"Y좌표2":499.924,"Y좌표1":551.912,"Y좌표8":194.994,"Y좌표7":185.996,"Y좌표6":221.988,"Y좌표5":278.975,"Y좌표15":568.908,"Y좌표14":502.923,"X좌표8":333.003,"Y좌표17":563.909,"X좌표9":369.004,"Y좌표16":574.906,"Y좌표11":235.985,"Y좌표10":190.995,"Y좌표13":412.944,"Y좌표12":307.968,"X좌표2":277.003,"X좌표3":285.003,"X좌표1":277.003,"X좌표6":306.003,"Y좌표19":529.917,"X좌표7":304.003,"Y좌표18":554.911,"X좌표4":288.003,"X좌표5":295.003}]},"라벨링":{"스타일":[{"스타일":"스트리트"}],"아우터":[{"기장":"노말","색상":"블루","카테고리":"베스트","옷깃":"셔츠칼라","디테일":["포켓","단추"],"소매기장":"민소매","소재":["데님"],"프린트":["무지"],"핏":"노멀"}],"하의":[{}],"원피스":[{}],"상의":[{"색상":"화이트","서브색상":"네이비","카테고리":"탑","소매기장":"없음","소재":["저지"],"프린트":["무지"],"넥라인":"라운드넥","핏":"타이트"}]}},"파일 번호":976997,"파일 이름":"6sk1938-1 (2540).jpg"}}