{"이미지 정보":{"이미지 식별자":977227,"이미지 높이":1049,"이미지 파일명":"6sk1938-1 (2770).jpg","이미지 너비":800},"데이터셋 정보":{"파일 생성일자":"2020-11-10 12:51:17","데이터셋 상세설명":{"렉트좌표":{"아우터":[{"X좌표":185.516,"Y좌표":-1.48416,"가로":324,"세로":451}],"하의":[{"X좌표":233.516,"Y좌표":267.206,"가로":331,"세로":717}],"원피스":[{}],"상의":[{"X좌표":282.516,"Y좌표":91.4951,"가로":94,"세로":206}]},"폴리곤좌표":{"아우터":[{"X좌표39":439.016,"X좌표38":467.016,"X좌표37":468.016,"X좌표36":466.016,"X좌표35":474.016,"X좌표34":474.016,"X좌표33":486.016,"X좌표32":487.016,"X좌표31":498.016,"X좌표30":508.016,"Y좌표76":401.926,"Y좌표73":410.924,"Y좌표72":392.928,"Y좌표75":406.925,"Y좌표74":413.923,"Y좌표71":392.928,"Y좌표70":398.926,"X좌표49":328.016,"X좌표48":332.016,"X좌표47":339.016,"X좌표46":353.016,"X좌표45":357.016,"X좌표44":377.016,"X좌표43":406.016,"X좌표42":416.016,"X좌표41":433.016,"X좌표40":443.016,"Y좌표26":348.938,"Y좌표25":311.946,"Y좌표28":380.93,"Y좌표27":360.935,"Y좌표22":186.974,"Y좌표21":157.98,"Y좌표24":277.953,"Y좌표23":210.968,"Y좌표20":115.99,"X좌표59":309.016,"X좌표58":319.016,"X좌표57":327.016,"X좌표56":381.016,"X좌표55":383.016,"X좌표54":386.016,"X좌표53":379.016,"X좌표52":366.016,"X좌표51":348.016,"X좌표50":333.016,"Y좌표29":402.926,"Y좌표15":31.0087,"Y좌표14":21.0109,"Y좌표17":52.004,"Y좌표16":42.0062,"Y좌표11":9.01361,"Y좌표10":27.0096,"Y좌표13":9.01361,"Y좌표12":-0.984155,"X좌표69":293.016,"X좌표68":294.016,"X좌표67":302.016,"X좌표66":307.016,"X좌표65":311.016,"X좌표64":314.016,"X좌표63":321.016,"X좌표62":322.016,"Y좌표19":90.9953,"X좌표61":318.016,"Y좌표18":62.0018,"X좌표60":309.016,"Y좌표48":213.968,"Y좌표47":277.953,"Y좌표49":158.98,"Y좌표44":397.927,"Y좌표43":388.929,"Y좌표46":361.935,"Y좌표45":401.926,"Y좌표40":371.932,"Y좌표42":366.934,"Y좌표41":371.932,"X좌표76":186.016,"X좌표75":192.016,"X좌표74":234.016,"X좌표73":246.016,"X좌표72":249.016,"X좌표71":258.016,"X좌표70":267.016,"Y좌표37":395.927,"Y좌표36":406.925,"X좌표8":267.016,"Y좌표39":382.93,"X좌표9":281.016,"Y좌표38":383.93,"Y좌표33":450.915,"Y좌표32":433.919,"Y좌표35":422.921,"Y좌표34":448.915,"Y좌표31":431.919,"Y좌표30":418.922,"X좌표2":201.016,"X좌표3":202.016,"X좌표1":187.016,"X좌표6":222.016,"X좌표7":231.016,"X좌표4":209.016,"X좌표5":216.016,"Y좌표69":401.926,"Y좌표9":48.0049,"Y좌표66":316.945,"Y좌표65":265.956,"Y좌표68":371.932,"Y좌표67":368.933,"Y좌표62":141.984,"Y좌표61":117.989,"Y좌표64":225.965,"Y좌표63":175.976,"Y좌표60":85.9964,"X좌표19":493.016,"X좌표18":484.016,"X좌표17":467.016,"X좌표16":439.016,"X좌표15":416.016,"X좌표14":409.016,"X좌표13":398.016,"X좌표12":383.016,"X좌표11":324.016,"Y좌표4":232.964,"X좌표10":297.016,"Y좌표3":295.949,"Y좌표2":362.935,"Y좌표1":410.924,"Y좌표8":68.0004,"Y좌표7":86.9962,"Y좌표6":117.989,"Y좌표5":170.977,"Y좌표59":68.0004,"Y좌표58":46.0053,"Y좌표55":36.0076,"Y좌표54":51.0042,"Y좌표57":22.0107,"Y좌표56":16.012,"Y좌표51":111.991,"Y좌표50":126.987,"Y좌표53":72.9993,"Y좌표52":87.996,"X좌표29":509.016,"X좌표28":501.016,"X좌표27":488.016,"X좌표26":488.016,"X좌표25":502.016,"X좌표24":503.016,"X좌표23":511.016,"X좌표22":509.016,"X좌표21":507.016,"X좌표20":497.016}],"하의":[{"X좌표39":366.016,"X좌표38":368.016,"X좌표37":367.016,"X좌표36":362.016,"X좌표35":359.016,"X좌표34":362.016,"X좌표33":368.016,"X좌표32":379.016,"X좌표31":386.016,"X좌표30":389.016,"Y좌표72":277.704,"Y좌표71":275.704,"Y좌표70":271.705,"X좌표49":283.016,"X좌표48":311.016,"X좌표47":336.016,"X좌표46":362.016,"X좌표45":374.016,"X좌표44":378.016,"X좌표43":376.016,"X좌표42":377.016,"X좌표41":373.016,"X좌표40":371.016,"Y좌표26":700.609,"Y좌표25":756.597,"Y좌표28":632.624,"Y좌표27":674.615,"Y좌표22":975.548,"Y좌표21":985.545,"Y좌표24":834.579,"Y좌표23":971.548,"Y좌표20":979.547,"X좌표59":279.016,"X좌표58":276.016,"X좌표57":281.016,"X좌표56":278.016,"X좌표55":276.016,"X좌표54":277.016,"X좌표53":288.016,"X좌표52":274.016,"X좌표51":263.016,"X좌표50":276.016,"Y좌표29":612.629,"Y좌표15":757.596,"Y좌표14":702.609,"Y좌표17":900.564,"Y좌표16":816.583,"Y좌표11":629.625,"Y좌표10":585.635,"Y좌표13":684.613,"Y좌표12":650.62,"X좌표69":259.016,"X좌표68":259.016,"X좌표67":252.016,"X좌표66":241.016,"X좌표65":234.016,"X좌표64":238.016,"X좌표63":253.016,"X좌표62":264.016,"Y좌표19":955.552,"X좌표61":264.016,"Y좌표18":935.557,"X좌표60":276.016,"Y좌표48":977.547,"Y좌표47":982.546,"Y좌표49":980.546,"Y좌표44":942.555,"Y좌표43":927.558,"Y좌표46":975.548,"Y좌표45":962.55,"Y좌표40":746.599,"Y좌표42":891.566,"Y좌표41":812.584,"X좌표72":331.016,"X좌표71":312.016,"X좌표70":269.016,"Y좌표37":612.629,"Y좌표36":574.637,"X좌표8":493.016,"Y좌표39":674.615,"X좌표9":492.016,"Y좌표38":654.619,"Y좌표33":497.654,"Y좌표32":546.643,"Y좌표35":527.648,"Y좌표34":476.659,"Y좌표31":575.637,"Y좌표30":597.632,"X좌표2":352.016,"X좌표3":409.016,"X좌표1":292.016,"X좌표6":474.016,"X좌표7":486.016,"X좌표4":448.016,"X좌표5":457.016,"Y좌표69":267.706,"Y좌표9":546.643,"Y좌표66":366.684,"Y좌표65":417.672,"Y좌표68":277.704,"Y좌표67":316.695,"Y좌표62":570.638,"Y좌표61":605.63,"Y좌표64":467.661,"Y좌표63":532.647,"Y좌표60":626.626,"X좌표19":566.016,"X좌표18":552.016,"X좌표17":541.016,"X좌표16":526.016,"X좌표15":516.016,"X좌표14":507.016,"X좌표13":502.016,"X좌표12":501.016,"X좌표11":493.016,"Y좌표4":267.956,"X좌표10":494.016,"Y좌표3":271.955,"Y좌표2":275.954,"Y좌표1":275.954,"Y좌표8":486.657,"Y좌표7":446.666,"Y좌표6":382.93,"Y좌표5":307.947,"Y좌표59":662.618,"Y좌표58":684.613,"Y좌표55":896.565,"Y좌표54":936.556,"Y좌표57":732.602,"Y좌표56":826.581,"Y좌표51":967.549,"Y좌표50":974.548,"Y좌표53":947.554,"Y좌표52":956.552,"X좌표29":398.016,"X좌표28":398.016,"X좌표27":402.016,"X좌표26":409.016,"X좌표25":417.016,"X좌표24":422.016,"X좌표23":423.016,"X좌표22":439.016,"X좌표21":482.016,"X좌표20":542.016}],"원피스":[{}],"상의":[{"Y좌표9":91.9951,"X좌표17":283.016,"X좌표16":353.016,"X좌표15":352.016,"X좌표14":343.016,"X좌표13":341.016,"X좌표12":344.016,"X좌표11":353.016,"Y좌표4":155.981,"X좌표10":363.016,"Y좌표3":207.969,"Y좌표2":262.957,"Y좌표1":298.949,"Y좌표8":95.9942,"Y좌표7":105.992,"Y좌표6":101.993,"Y좌표5":118.989,"Y좌표15":266.956,"Y좌표14":205.97,"X좌표8":371.016,"Y좌표17":296.949,"X좌표9":378.016,"Y좌표16":290.951,"Y좌표11":130.986,"Y좌표10":115.99,"Y좌표13":167.978,"Y좌표12":143.983,"X좌표2":298.016,"X좌표3":303.016,"X좌표1":292.016,"X좌표6":301.016,"X좌표7":341.016,"X좌표4":307.016,"X좌표5":304.016}]},"라벨링":{"스타일":[{"스타일":"스트리트"}],"아우터":[{"기장":"노말","색상":"베이지","카테고리":"점퍼","디테일":["지퍼","드롭숄더"],"소매기장":"7부소매","소재":["우븐"],"프린트":["무지"],"핏":"루즈"}],"하의":[{"기장":"맥시","색상":"스카이블루","카테고리":"청바지","소재":["데님"],"프린트":["무지"],"핏":"와이드"}],"원피스":[{}],"상의":[{"색상":"화이트","카테고리":"티셔츠","소매기장":"없음","소재":["우븐"],"핏":"노멀"}]}},"파일 번호":977227,"파일 이름":"6sk1938-1 (2770).jpg"}}