{"이미지 정보":{"이미지 식별자":977328,"이미지 높이":1049,"이미지 파일명":"6sk1938-1 (2871).jpg","이미지 너비":800},"데이터셋 정보":{"파일 생성일자":"2020-11-10 12:51:50","데이터셋 상세설명":{"렉트좌표":{"아우터":[{"X좌표":115.346,"Y좌표":-1.49296,"가로":601,"세로":617}],"하의":[{"X좌표":218.203,"Y좌표":375.914,"가로":368,"세로":617}],"원피스":[{}],"상의":[{"X좌표":280.117,"Y좌표":25.5044,"가로":184,"세로":391}]},"폴리곤좌표":{"아우터":[{"Y좌표26":119.995,"Y좌표25":121.995,"Y좌표28":103.997,"Y좌표27":108.996,"Y좌표22":132.994,"Y좌표21":151.992,"Y좌표24":113.996,"Y좌표23":125.994,"Y좌표20":168.99,"Y좌표29":87.9982,"Y좌표15":265.98,"Y좌표14":281.979,"Y좌표17":232.984,"Y좌표16":236.983,"Y좌표11":265.98,"Y좌표10":267.98,"Y좌표13":286.978,"Y좌표12":278.979,"Y좌표19":177.989,"Y좌표18":208.986,"Y좌표48":71.9998,"Y좌표47":53.0017,"Y좌표49":87.9982,"Y좌표44":27.0043,"Y좌표43":16.0054,"Y좌표46":39.0031,"Y좌표45":39.0031,"Y좌표40":-0.992959,"Y좌표42":7.00625,"Y좌표41":2.00674,"Y좌표37":46.0024,"Y좌표36":50.002,"X좌표8":195.735,"Y좌표39":0.00694206,"X좌표9":202.725,"Y좌표38":30.004,"Y좌표33":62.0008,"Y좌표32":64.0006,"Y좌표35":48.0022,"Y좌표34":56.0014,"Y좌표31":68.0002,"Y좌표30":77.9992,"X좌표2":177.76,"X좌표3":160.783,"X좌표1":199.729,"X좌표6":172.767,"X좌표7":181.754,"X좌표4":157.787,"X좌표5":161.782,"Y좌표69":612.946,"Y좌표9":283.979,"Y좌표66":581.949,"Y좌표65":538.953,"Y좌표68":605.947,"Y좌표67":588.948,"Y좌표62":418.965,"Y좌표61":409.966,"Y좌표64":500.957,"Y좌표63":440.963,"Y좌표60":409.966,"X좌표19":133.821,"X좌표18":147.801,"X좌표17":150.797,"X좌표16":115.846,"X좌표15":130.825,"X좌표14":140.811,"X좌표13":151.796,"X좌표12":172.767,"X좌표11":207.718,"Y좌표4":433.964,"X좌표10":206.719,"Y좌표3":451.962,"Y좌표2":473.96,"Y좌표1":497.957,"Y좌표8":308.976,"Y좌표7":346.972,"Y좌표6":367.97,"Y좌표5":402.967,"Y좌표59":412.966,"Y좌표58":425.965,"Y좌표55":413.966,"Y좌표54":371.97,"Y좌표57":423.965,"Y좌표56":415.966,"Y좌표51":149.992,"Y좌표50":116.995,"Y좌표53":268.98,"Y좌표52":215.985,"X좌표29":219.701,"X좌표28":209.715,"X좌표27":202.725,"X좌표26":198.731,"X좌표25":187.746,"X좌표24":171.768,"X좌표23":148.8,"X좌표22":143.807,"X좌표21":139.812,"X좌표20":127.829,"Y좌표88":34.0036,"Y좌표87":6.00635,"Y좌표89":57.0013,"Y좌표84":9.00605,"Y좌표83":16.0054,"Y좌표86":4.00654,"Y좌표85":4.00654,"Y좌표80":155.991,"Y좌표82":60.001,"Y좌표81":108.996,"X좌표39":371.49,"X좌표38":357.51,"X좌표37":330.547,"X좌표36":313.571,"X좌표35":282.614,"X좌표34":271.629,"X좌표33":259.646,"X좌표32":247.662,"X좌표31":231.685,"X좌표30":221.699,"Y좌표77":319.975,"Y좌표76":391.968,"Y좌표79":213.986,"Y좌표78":268.98,"Y좌표73":553.952,"Y좌표72":606.947,"Y좌표75":460.961,"Y좌표74":507.956,"Y좌표71":612.946,"Y좌표70":616.946,"X좌표49":717.01,"X좌표48":710.019,"X좌표47":697.037,"X좌표46":673.071,"X좌표45":659.09,"X좌표44":611.157,"X좌표43":568.217,"X좌표42":547.246,"X좌표41":549.243,"X좌표40":545.249,"X좌표59":645.11,"X좌표58":641.115,"X좌표57":673.071,"X좌표56":683.057,"X좌표55":688.05,"X좌표54":695.04,"X좌표53":701.032,"X좌표52":707.024,"X좌표51":712.017,"X좌표50":716.011,"Y좌표99":481.959,"Y좌표98":446.963,"Y좌표95":280.979,"Y좌표94":241.983,"Y좌표97":401.967,"Y좌표96":337.973,"Y좌표91":150.992,"Y좌표90":96.9973,"Y좌표93":199.987,"Y좌표92":169.99,"X좌표69":413.432,"X좌표68":491.324,"X좌표67":545.249,"X좌표66":553.237,"X좌표65":568.217,"X좌표64":569.215,"X좌표63":569.215,"X좌표62":566.219,"X좌표61":575.207,"X좌표60":595.179,"X좌표104":248.661,"X좌표103":256.65,"X좌표106":243.668,"Y좌표108":506.957,"X좌표105":247.662,"Y좌표109":490.958,"X좌표100":276.622,"X좌표102":261.643,"X좌표101":270.631,"Y좌표102":562.951,"Y좌표103":565.951,"Y좌표100":510.956,"Y좌표101":536.954,"Y좌표106":520.955,"X좌표108":217.704,"X좌표79":395.457,"X좌표107":235.679,"Y좌표107":511.956,"X좌표78":382.475,"Y좌표104":560.951,"X좌표77":373.487,"Y좌표105":540.953,"X좌표109":192.739,"X좌표76":358.508,"X좌표75":347.524,"X좌표74":332.544,"X좌표73":330.547,"X좌표72":331.546,"X좌표71":333.543,"X좌표70":360.506,"X좌표90":376.483,"X좌표89":385.471,"X좌표88":389.465,"X좌표87":381.476,"X좌표86":385.471,"X좌표85":469.354,"X좌표84":468.356,"X좌표83":465.36,"X좌표82":448.383,"X좌표81":429.41,"X좌표80":412.433,"X좌표99":278.619,"X좌표98":283.612,"X좌표97":290.603,"X좌표96":301.587,"X좌표95":310.575,"X좌표94":320.561,"X좌표93":340.533,"X좌표92":356.511,"X좌표91":363.501}],"하의":[{"Y좌표47":512.178,"Y좌표44":614.168,"Y좌표43":673.162,"Y좌표46":539.176,"Y좌표45":554.174,"Y좌표40":840.146,"Y좌표42":746.155,"Y좌표41":805.149,"X좌표39":226.692,"X좌표38":221.699,"X좌표37":239.674,"X좌표36":272.628,"X좌표35":307.579,"X좌표34":323.557,"X좌표33":328.55,"X좌표32":333.543,"X좌표31":345.526,"X좌표30":379.479,"Y좌표37":895.14,"Y좌표36":909.139,"X좌표8":288.606,"Y좌표39":858.144,"X좌표9":328.55,"Y좌표38":884.141,"Y좌표33":952.135,"Y좌표32":964.133,"Y좌표35":921.138,"Y좌표34":940.136,"Y좌표31":975.132,"Y좌표30":986.131,"X좌표47":262.642,"X좌표46":256.65,"X좌표45":250.658,"X좌표44":245.665,"X좌표2":270.631,"X좌표43":241.671,"X좌표3":280.617,"X좌표42":233.682,"X좌표41":226.692,"X좌표1":258.647,"X좌표40":218.703,"X좌표6":282.614,"X좌표7":281.615,"X좌표4":280.617,"X좌표5":282.614,"Y좌표26":985.131,"Y좌표25":979.132,"Y좌표28":994.13,"Y좌표9":378.414,"Y좌표27":991.131,"Y좌표22":891.141,"Y좌표21":686.161,"Y좌표24":976.132,"Y좌표23":951.135,"Y좌표20":580.172,"X좌표19":581.199,"X좌표18":571.212,"X좌표17":565.221,"X좌표16":562.225,"X좌표15":561.226,"X좌표14":560.228,"X좌표13":557.232,"X좌표12":530.269,"X좌표11":448.383,"Y좌표4":450.407,"X좌표10":372.489,"Y좌표3":458.406,"Y좌표2":488.403,"Y좌표1":530.399,"Y좌표8":376.414,"Y좌표7":384.413,"Y좌표29":994.13,"Y좌표6":407.411,"Y좌표5":426.409,"Y좌표15":440.185,"Y좌표14":406.189,"Y좌표17":474.182,"Y좌표16":463.183,"Y좌표11":382.413,"Y좌표10":381.413,"Y좌표13":378.192,"Y좌표12":381.525,"X좌표29":415.429,"X좌표28":460.367,"X좌표27":478.342,"X좌표26":502.308,"X좌표25":536.261,"X좌표24":555.235,"X좌표23":586.192,"X좌표22":583.196,"X좌표21":587.19,"X좌표20":586.192,"Y좌표19":545.175,"Y좌표18":496.18}],"원피스":[{}],"상의":[{"X좌표30":372.489,"X좌표8":295.596,"X좌표9":290.603,"Y좌표30":29.0041,"X좌표2":369.493,"X좌표3":361.504,"X좌표1":379.479,"X좌표6":321.56,"X좌표7":303.585,"X좌표4":353.515,"X좌표5":341.532,"Y좌표26":66.0004,"Y좌표25":66.0004,"Y좌표28":49.0021,"Y좌표9":322.975,"Y좌표27":62.0008,"Y좌표22":83.9986,"Y좌표21":136.993,"Y좌표24":62.0008,"Y좌표23":50.002,"Y좌표20":200.987,"X좌표19":395.457,"X좌표18":382.475,"X좌표17":369.493,"X좌표16":363.501,"X좌표15":352.517,"X좌표14":341.532,"X좌표13":319.562,"X좌표12":298.592,"X좌표11":280.617,"Y좌표4":130.994,"X좌표10":281.615,"Y좌표3":93.9976,"Y좌표2":62.0008,"Y좌표1":26.0044,"Y좌표8":283.979,"Y좌표7":242.983,"Y좌표29":31.0039,"Y좌표6":203.987,"Y좌표5":163.991,"Y좌표15":402.967,"Y좌표14":392.968,"Y좌표17":390.968,"Y좌표16":417.965,"Y좌표11":393.968,"Y좌표10":390.968,"Y좌표13":390.968,"Y좌표12":390.968,"X좌표29":387.468,"X좌표28":391.462,"X좌표27":398.453,"X좌표26":407.44,"X좌표25":421.421,"X좌표24":441.393,"X좌표23":465.36,"X좌표22":453.376,"X좌표21":433.404,"X좌표20":410.436,"Y좌표19":267.98,"Y좌표18":326.974}]},"라벨링":{"스타일":[{"스타일":"클래식"}],"아우터":[{"기장":"노말","색상":"핑크","서브색상":"화이트","카테고리":"재킷","옷깃":"테일러드칼라","디테일":["단추"],"소매기장":"반팔","소재":["트위드"],"핏":"노멀"}],"하의":[{"기장":"미니","색상":"핑크","카테고리":"스커트","소재":["트위드"],"핏":"노멀"}],"원피스":[{}],"상의":[{"색상":"화이트","카테고리":"티셔츠","소매기장":"없음","소재":["우븐"],"넥라인":"라운드넥"}]}},"파일 번호":977328,"파일 이름":"6sk1938-1 (2871).jpg"}}