{"이미지 정보":{"이미지 식별자":99470,"이미지 높이":800,"이미지 파일명":"AnotherC_001_09_3.jpg","이미지 너비":800},"데이터셋 정보":{"파일 생성일자":"2020-08-10 08:29:37","데이터셋 상세설명":{"렉트좌표":{"아우터":[{}],"하의":[{}],"원피스":[{"X좌표":215.645,"Y좌표":-1.48438,"가로":353,"세로":596}],"상의":[{}]},"폴리곤좌표":{"아우터":[{}],"하의":[{}],"원피스":[{"X좌표39":523.145,"X좌표38":516.145,"X좌표37":506.145,"X좌표36":494.145,"X좌표35":476.145,"X좌표34":450.145,"X좌표33":433.145,"X좌표32":415.145,"X좌표31":378.145,"X좌표30":353.145,"X좌표49":494.145,"X좌표48":489.145,"X좌표47":479.145,"X좌표46":479.145,"X좌표45":491.145,"X좌표44":505.145,"X좌표43":515.145,"X좌표42":524.145,"X좌표41":534.145,"X좌표40":534.145,"Y좌표26":527.016,"Y좌표25":449.016,"Y좌표28":563.016,"Y좌표27":552.016,"Y좌표22":223.016,"Y좌표21":169.016,"Y좌표24":428.016,"Y좌표23":303.016,"Y좌표20":129.016,"X좌표57":250.145,"X좌표56":250.145,"X좌표55":543.145,"X좌표54":570.145,"X좌표53":553.145,"X좌표52":525.145,"X좌표51":480.145,"X좌표50":488.145,"Y좌표29":571.016,"Y좌표15":124.016,"Y좌표14":111.016,"Y좌표17":128.016,"Y좌표16":127.016,"Y좌표11":142.016,"Y좌표10":144.016,"Y좌표13":126.016,"Y좌표12":133.016,"Y좌표19":131.016,"Y좌표18":131.016,"Y좌표48":101.016,"Y좌표47":112.016,"Y좌표49":77.0156,"Y좌표44":147.016,"Y좌표43":179.016,"Y좌표46":128.016,"Y좌표45":123.016,"Y좌표40":348.016,"Y좌표42":226.016,"Y좌표41":279.016,"Y좌표37":532.016,"Y좌표36":532.016,"X좌표8":321.145,"Y좌표39":422.016,"X좌표9":323.145,"Y좌표38":483.016,"Y좌표33":567.016,"Y좌표32":593.016,"Y좌표35":537.016,"Y좌표34":558.016,"Y좌표31":596.016,"Y좌표30":586.016,"X좌표2":224.145,"X좌표3":258.145,"X좌표1":246.145,"X좌표6":290.145,"X좌표7":314.145,"X좌표4":293.145,"X좌표5":305.145,"Y좌표9":131.016,"X좌표19":348.145,"X좌표18":386.145,"X좌표17":419.145,"X좌표16":453.145,"X좌표15":478.145,"X좌표14":474.145,"X좌표13":480.145,"X좌표12":451.145,"X좌표11":409.145,"Y좌표4":91.0156,"X좌표10":355.145,"Y좌표3":89.0156,"Y좌표2":67.0156,"Y좌표1":2.01562,"Y좌표8":119.016,"Y좌표7":104.016,"Y좌표6":7.01562,"Y좌표5":84.0156,"Y좌표55":-0.984375,"Y좌표54":66.0156,"Y좌표57":3.01562,"Y좌표56":3.01562,"Y좌표51":83.0156,"Y좌표50":34.0156,"Y좌표53":73.0156,"Y좌표52":86.0156,"X좌표29":319.145,"X좌표28":296.145,"X좌표27":243.145,"X좌표26":216.145,"X좌표25":274.145,"X좌표24":275.145,"X좌표23":280.145,"X좌표22":290.145,"X좌표21":305.145,"X좌표20":320.145}],"상의":[{}]},"라벨링":{"스타일":[{"스타일":"스트리트","서브스타일":"리조트"}],"아우터":[{}],"하의":[{}],"원피스":[{"기장":"미디","색상":"베이지","카테고리":"드레스","디테일":["띠"],"소매기장":"반팔","소재":["우븐"],"프린트":["무지"],"핏":"노멀"}],"상의":[{}]}},"파일 번호":99470,"파일 이름":"AnotherC_001_09_3.jpg"}}