{"이미지 정보":{"이미지 식별자":994955,"이미지 높이":533,"이미지 파일명":"20180305(샘플)-bl1-지끼(샘플IMG_0576 (972).jpg","이미지 너비":800},"데이터셋 정보":{"파일 생성일자":"2020-11-10 14:42:43","데이터셋 상세설명":{"렉트좌표":{"아우터":[{}],"하의":[{"X좌표":306.516,"Y좌표":166.363,"가로":154,"세로":269}],"원피스":[{}],"상의":[{"X좌표":336.516,"Y좌표":1.51378,"가로":106,"세로":210}]},"폴리곤좌표":{"아우터":[{}],"하의":[{"X좌표8":331.016,"X좌표9":347.016,"X좌표2":344.016,"X좌표3":332.016,"X좌표1":368.016,"X좌표6":307.016,"X좌표7":307.016,"X좌표4":323.016,"X좌표5":317.016,"Y좌표26":167.862,"Y좌표25":166.863,"Y좌표9":398.65,"Y좌표22":228.806,"Y좌표21":262.775,"Y좌표24":170.859,"Y좌표23":196.835,"Y좌표20":306.734,"X좌표19":442.016,"X좌표18":458.016,"X좌표17":462.016,"X좌표16":436.016,"X좌표15":429.016,"X좌표14":407.016,"X좌표13":394.016,"X좌표12":379.016,"X좌표11":357.016,"Y좌표4":315.726,"X좌표10":357.016,"Y좌표3":280.758,"Y좌표2":222.811,"Y좌표1":167.862,"Y좌표8":436.615,"Y좌표7":427.624,"Y좌표6":410.639,"Y좌표5":355.689,"Y좌표15":411.638,"Y좌표14":361.684,"Y좌표17":431.62,"Y좌표16":433.618,"Y좌표11":332.711,"Y좌표10":357.688,"Y좌표13":338.705,"Y좌표12":280.758,"X좌표26":368.016,"X좌표25":408.016,"X좌표24":434.016,"X좌표23":438.016,"X좌표22":432.016,"X좌표21":429.016,"X좌표20":428.016,"Y좌표19":336.707,"Y좌표18":378.668}],"원피스":[{}],"상의":[{"Y좌표9":212.82,"X좌표14":418.016,"X좌표13":434.016,"X좌표12":442.016,"X좌표11":444.016,"Y좌표4":103.92,"X좌표10":439.016,"Y좌표3":53.9661,"Y좌표2":20.9964,"Y좌표1":2.01378,"Y좌표8":200.831,"Y좌표7":175.854,"Y좌표6":170.859,"Y좌표5":155.873,"Y좌표14":6.01011,"X좌표8":418.016,"X좌표9":434.016,"Y좌표11":103.92,"Y좌표10":155.873,"Y좌표13":17.9991,"Y좌표12":58.9616,"X좌표2":371.016,"X좌표3":346.016,"X좌표1":393.016,"X좌표6":361.016,"X좌표7":386.016,"X좌표4":344.016,"X좌표5":337.016}]},"라벨링":{"스타일":[{"스타일":"힙합"}],"아우터":[{}],"하의":[{"기장":"발목","색상":"블랙","카테고리":"팬츠","디테일":["디스트로이드","단추"],"소재":["우븐"],"프린트":["무지"],"핏":"스키니"}],"원피스":[{}],"상의":[{"기장":"노멀","색상":"화이트","서브색상":"레드","카테고리":"티셔츠","소매기장":"7부소매","소재":["우븐"],"프린트":["레터링","무지"],"넥라인":"라운드넥","핏":"루즈"}]}},"파일 번호":994955,"파일 이름":"20180305(샘플)-bl1-지끼(샘플IMG_0576 (972).jpg"}}