{"이미지 정보":{"이미지 식별자":999469,"이미지 높이":800,"이미지 파일명":"20180305(샘플)-bl1-지끼(샘플IMG_0576 (5486).JPG","이미지 너비":800},"데이터셋 정보":{"파일 생성일자":"2020-11-10 15:13:27","데이터셋 상세설명":{"렉트좌표":{"아우터":[{"X좌표":320.167,"Y좌표":19.5,"가로":430,"세로":567}],"하의":[{}],"원피스":[{}],"상의":[{"X좌표":463.855,"Y좌표":7.53412,"가로":136,"세로":450}]},"폴리곤좌표":{"아우터":[{"Y좌표44":35.0,"Y좌표43":39.0,"Y좌표45":46.0,"Y좌표40":135.0,"Y좌표42":66.0,"Y좌표41":90.0,"X좌표39":732.667,"X좌표38":750.667,"X좌표37":749.667,"X좌표36":721.667,"X좌표35":701.667,"X좌표34":726.667,"X좌표33":724.667,"X좌표32":717.667,"X좌표31":705.667,"X좌표30":666.667,"Y좌표37":302.0,"Y좌표36":364.0,"X좌표8":368.667,"Y좌표39":172.0,"X좌표9":357.667,"Y좌표38":226.0,"Y좌표33":479.0,"Y좌표32":554.0,"Y좌표35":399.0,"Y좌표34":434.0,"Y좌표31":575.0,"Y좌표30":587.0,"X좌표45":604.667,"X좌표44":624.667,"X좌표2":557.667,"X좌표43":673.667,"X좌표3":548.667,"X좌표42":713.667,"X좌표41":738.667,"X좌표1":597.667,"X좌표40":742.667,"X좌표6":428.667,"X좌표7":394.667,"X좌표4":524.667,"X좌표5":492.667,"Y좌표26":468.0,"Y좌표25":400.0,"Y좌표28":568.0,"Y좌표9":102.0,"Y좌표27":496.0,"Y좌표22":503.0,"Y좌표21":552.0,"Y좌표24":396.0,"Y좌표23":440.0,"Y좌표20":571.0,"X좌표19":413.667,"X좌표18":365.667,"X좌표17":348.667,"X좌표16":352.667,"X좌표15":346.667,"X좌표14":356.667,"X좌표13":352.667,"X좌표12":329.667,"X좌표11":326.667,"Y좌표4":94.0,"X좌표10":320.667,"Y좌표3":120.0,"Y좌표2":102.0,"Y좌표1":48.0,"Y좌표8":67.0,"Y좌표7":27.0,"Y좌표29":575.0,"Y좌표6":20.0,"Y좌표5":71.0,"Y좌표15":420.0,"Y좌표14":399.0,"Y좌표17":496.0,"Y좌표16":462.0,"Y좌표11":291.0,"Y좌표10":208.0,"Y좌표13":367.0,"Y좌표12":320.0,"X좌표29":592.667,"X좌표28":574.667,"X좌표27":550.667,"X좌표26":569.667,"X좌표25":566.667,"X좌표24":541.667,"X좌표23":537.667,"X좌표22":524.667,"X좌표21":504.667,"X좌표20":488.667,"Y좌표19":563.0,"Y좌표18":534.0}],"하의":[{}],"원피스":[{}],"상의":[{"Y좌표9":458.757,"X좌표14":497.334,"X좌표13":464.355,"X좌표12":473.349,"X좌표11":515.323,"Y좌표4":91.9824,"X좌표10":506.329,"Y좌표3":23.0249,"Y좌표2":8.03412,"Y좌표1":12.0317,"Y좌표8":458.757,"Y좌표7":292.859,"Y좌표6":251.884,"Y좌표5":124.962,"Y좌표14":8.03412,"X좌표8":574.287,"X좌표9":521.32,"Y좌표11":91.9824,"Y좌표10":233.895,"Y좌표13":32.0193,"Y좌표12":60.0021,"X좌표2":565.293,"X좌표3":593.275,"X좌표1":514.324,"X좌표6":590.277,"X좌표7":575.286,"X좌표4":601.27,"X좌표5":551.301}]},"라벨링":{"스타일":[{"스타일":"모던"}],"아우터":[{"기장":"하프","색상":"화이트","서브색상":"블랙","카테고리":"재킷","디테일":["단추","포켓"],"소매기장":"긴팔","소재":["트위드"],"프린트":["체크"],"넥라인":"노카라","핏":"노멀"}],"하의":[{}],"원피스":[{}],"상의":[{"카테고리":"니트웨어","소재":["니트"],"프린트":["무지"],"넥라인":"터틀넥","핏":"타이트"}]}},"파일 번호":999469,"파일 이름":"20180305(샘플)-bl1-지끼(샘플IMG_0576 (5486).JPG"}}