{"이미지 정보":{"이미지 식별자":1012123,"이미지 높이":533,"이미지 파일명":"없음-1526-1526-jp045(2)-중국재고4.25-1-IMG_1290.jpg","이미지 너비":800},"데이터셋 정보":{"파일 생성일자":"2020-11-10 16:40:17","데이터셋 상세설명":{"렉트좌표":{"아우터":[{"X좌표":301.635,"Y좌표":7.05165,"가로":131,"세로":251}],"하의":[{"X좌표":332.592,"Y좌표":203.769,"가로":82,"세로":86}],"원피스":[{}],"상의":[{}]},"폴리곤좌표":{"아우터":[{"Y좌표9":179.305,"Y좌표22":19.5345,"Y좌표21":34.513,"Y좌표24":12.5445,"Y좌표23":7.55165,"Y좌표20":78.4499,"X좌표19":433.952,"X좌표18":426.962,"X좌표17":427.96,"X좌표16":419.971,"X좌표15":401.996,"X좌표14":376.033,"X좌표13":338.085,"X좌표12":327.101,"X좌표11":333.092,"Y좌표4":94.427,"X좌표10":336.088,"Y좌표3":75.4542,"Y좌표2":36.5101,"Y좌표1":14.5416,"Y좌표8":174.312,"Y좌표7":154.341,"Y좌표6":123.385,"Y좌표5":107.408,"Y좌표15":255.196,"Y좌표14":259.19,"X좌표8":305.131,"Y좌표17":223.242,"X좌표9":318.113,"Y좌표16":255.196,"Y좌표11":197.279,"Y좌표10":178.307,"Y좌표13":249.205,"Y좌표12":237.222,"X좌표24":338.085,"X좌표23":363.051,"X좌표22":388.016,"X좌표2":322.108,"X좌표21":409.985,"X좌표3":326.102,"X좌표20":403.994,"X좌표1":338.085,"X좌표6":307.128,"Y좌표19":154.341,"X좌표7":302.135,"Y좌표18":176.309,"X좌표4":333.092,"X좌표5":326.102}],"하의":[{"X좌표8":415.977,"X좌표9":410.984,"Y좌표9":204.269,"Y좌표10":212.258,"X좌표2":333.092,"Y좌표4":262.186,"X좌표10":336.088,"X좌표3":358.058,"Y좌표3":276.166,"Y좌표2":275.168,"X좌표1":334.091,"Y좌표1":212.258,"X좌표6":391.012,"Y좌표8":243.213,"X좌표7":414.978,"Y좌표7":281.159,"X좌표4":361.053,"Y좌표6":285.153,"X좌표5":364.049,"Y좌표5":291.145}],"원피스":[{}],"상의":[{}]},"라벨링":{"스타일":[{"스타일":"스포티","서브스타일":"스트리트"}],"아우터":[{"기장":"하프","색상":"블랙","카테고리":"점퍼","디테일":["단추"],"소매기장":"긴팔","소재":["우븐"],"프린트":["무지"],"넥라인":"후드","핏":"루즈"}],"하의":[{"기장":"미니","색상":"블루","카테고리":"청바지","디테일":["디스트로이드"],"소재":["데님"],"프린트":["무지"],"핏":"노멀"}],"원피스":[{}],"상의":[{}]}},"파일 번호":1012123,"파일 이름":"없음-1526-1526-jp045(2)-중국재고4.25-1-IMG_1290.jpg"}}