{"이미지 정보":{"이미지 식별자":1018303,"이미지 높이":533,"이미지 파일명":"1107-14428-14428 (2-1)-20200129-1 (3787).JPG","이미지 너비":800},"데이터셋 정보":{"파일 생성일자":"2020-11-11 13:03:51","데이터셋 상세설명":{"렉트좌표":{"아우터":[{}],"하의":[{"X좌표":293.5,"Y좌표":141.447,"가로":153,"세로":301}],"원피스":[{}],"상의":[{"X좌표":301.5,"Y좌표":9.49625,"가로":170,"세로":249}]},"폴리곤좌표":{"아우터":[{}],"하의":[{"X좌표8":328.0,"X좌표2":447.0,"Y좌표4":443.833,"X좌표3":435.0,"Y좌표3":287.892,"Y좌표2":171.935,"X좌표1":325.0,"Y좌표1":151.943,"X좌표6":343.0,"Y좌표8":141.947,"X좌표7":294.0,"Y좌표7":211.92,"X좌표4":426.0,"Y좌표6":351.868,"X좌표5":320.0,"Y좌표5":428.839}],"원피스":[{}],"상의":[{"X좌표8":358.0,"X좌표9":302.0,"Y좌표9":142.946,"Y좌표11":14.9944,"Y좌표10":30.9884,"X좌표11":374.0,"X좌표2":381.0,"Y좌표4":29.9887,"X좌표10":328.0,"X좌표3":416.0,"Y좌표3":9.99625,"Y좌표2":35.9865,"X좌표1":367.0,"Y좌표1":15.994,"X좌표6":448.0,"Y좌표8":234.912,"X좌표7":437.0,"Y좌표7":259.902,"X좌표4":466.0,"Y좌표6":218.918,"X좌표5":472.0,"Y좌표5":219.917}]},"라벨링":{"스타일":[{"스타일":"톰보이","서브스타일":"스트리트"}],"아우터":[{}],"하의":[{"기장":"발목","색상":"블랙","카테고리":"팬츠","디테일":["롤업"],"소재":["저지"],"핏":"루즈"}],"원피스":[{}],"상의":[{"기장":"노멀","색상":"화이트","서브색상":"블랙","카테고리":"후드티","디테일":["스트링","드롭숄더"],"소매기장":"긴팔","소재":["저지"],"프린트":["스트라이프"],"넥라인":"후드","핏":"루즈"}]}},"파일 번호":1018303,"파일 이름":"1107-14428-14428 (2-1)-20200129-1 (3787).JPG"}}