{"이미지 정보":{"이미지 식별자":103040,"이미지 높이":800,"이미지 파일명":"batch_GATE_092_07.jpg","이미지 너비":800},"데이터셋 정보":{"파일 생성일자":"2020-08-10 08:51:09","데이터셋 상세설명":{"렉트좌표":{"아우터":[{"X좌표":241.958,"Y좌표":9.49304,"가로":222,"세로":608}],"하의":[{}],"원피스":[{}],"상의":[{}]},"폴리곤좌표":{"아우터":[{"X좌표8":465.148,"X좌표9":409.226,"X좌표2":380.266,"X좌표3":407.229,"X좌표1":338.325,"X좌표6":417.215,"X좌표7":432.194,"X좌표4":429.198,"X좌표5":434.191,"Y좌표26":0.0,"Y좌표25":0.0,"Y좌표9":585.193,"Y좌표22":0.0,"Y좌표21":0.0,"Y좌표24":0.0,"Y좌표23":0.0,"Y좌표20":0.0,"X좌표19":0.0,"X좌표18":0.0,"X좌표17":334.33,"X좌표16":274.413,"X좌표15":248.45,"X좌표14":242.458,"X좌표13":253.443,"X좌표12":272.416,"X좌표11":312.361,"Y좌표4":153.793,"X좌표10":377.27,"Y좌표3":111.851,"Y좌표2":49.9375,"Y좌표1":9.99304,"Y좌표8":551.24,"Y좌표7":358.508,"Y좌표6":227.69,"Y좌표5":198.731,"Y좌표15":210.714,"Y좌표14":297.593,"Y좌표17":9.99304,"Y좌표16":101.865,"Y좌표11":608.161,"Y좌표10":618.147,"Y좌표13":466.358,"Y좌표12":617.149,"X좌표26":0.0,"X좌표25":0.0,"X좌표24":0.0,"X좌표23":0.0,"X좌표22":0.0,"X좌표21":0.0,"X좌표20":0.0,"Y좌표19":0.0,"Y좌표18":0.0}],"하의":[{}],"원피스":[{}],"상의":[{}]},"라벨링":{"스타일":[{"스타일":"클래식","서브스타일":"스트리트"}],"아우터":[{"기장":"롱","색상":"그레이","카테고리":"코트","디테일":["띠","포켓","단추"],"소매기장":"긴팔","소재":["울\/캐시미어"],"핏":"루즈"}],"하의":[{"기장":"발목","카테고리":"청바지","소재":["데님"],"핏":"벨보텀"}],"원피스":[{}],"상의":[{}]}},"파일 번호":103040,"파일 이름":"batch_GATE_092_07.jpg"}}