{"이미지 정보":{"이미지 식별자":1032053,"이미지 높이":1049,"이미지 파일명":"jk1920c9al-jk1920c9al-s_8.jpg","이미지 너비":800},"데이터셋 정보":{"파일 생성일자":"2020-11-11 14:34:51","데이터셋 상세설명":{"렉트좌표":{"아우터":[{"X좌표":141.31,"Y좌표":5.50635,"가로":594,"세로":1039}],"하의":[{}],"원피스":[{}],"상의":[{"X좌표":243.168,"Y좌표":26.171,"가로":242,"세로":403}]},"폴리곤좌표":{"아우터":[{"X좌표39":342.531,"X좌표38":333.543,"X좌표37":333.543,"X좌표36":323.557,"X좌표35":271.629,"X좌표34":259.646,"X좌표33":276.622,"X좌표32":252.656,"X좌표31":197.732,"X좌표30":167.774,"X좌표49":351.518,"X좌표48":307.579,"X좌표47":270.631,"X좌표46":262.642,"X좌표45":267.635,"X좌표44":263.64,"X좌표43":279.618,"X좌표42":303.585,"X좌표41":326.553,"X좌표40":335.54,"Y좌표26":715.603,"Y좌표25":958.578,"Y좌표28":472.96,"Y좌표27":573.728,"Y좌표22":1025.57,"Y좌표21":940.247,"Y좌표24":1045.57,"Y좌표23":1044.57,"Y좌표20":880.253,"X좌표55":455.374,"X좌표54":460.367,"X좌표53":467.357,"X좌표52":466.358,"X좌표51":427.412,"X좌표50":387.468,"Y좌표29":431.964,"Y좌표15":559.951,"Y좌표14":506.957,"Y좌표17":710.27,"Y좌표16":665.274,"Y좌표11":347.972,"Y좌표10":335.974,"Y좌표13":423.965,"Y좌표12":343.973,"Y좌표19":867.254,"Y좌표18":797.261,"Y좌표48":331.974,"Y좌표47":402.967,"Y좌표49":209.986,"Y좌표44":292.978,"Y좌표43":260.981,"Y좌표46":411.966,"Y좌표45":341.973,"Y좌표40":123.995,"Y좌표42":219.985,"Y좌표41":166.99,"Y좌표37":48.0022,"Y좌표36":26.0044,"X좌표8":735.983,"Y좌표39":97.9972,"X좌표9":713.015,"Y좌표38":63.0007,"Y좌표33":120.995,"Y좌표32":205.986,"Y좌표35":67.0003,"Y좌표34":91.9978,"Y좌표31":411.966,"Y좌표30":419.965,"X좌표2":491.324,"X좌표3":547.246,"X좌표1":453.376,"X좌표6":708.022,"X좌표7":729.992,"X좌표4":585.193,"X좌표5":651.101,"Y좌표9":307.976,"X좌표19":678.064,"X좌표18":669.076,"X좌표17":652.1,"X좌표16":648.106,"X좌표15":632.128,"X좌표14":628.133,"X좌표13":611.157,"X좌표12":611.157,"X좌표11":646.108,"Y좌표4":53.0017,"X좌표10":680.061,"Y좌표3":20.005,"Y좌표2":6.00635,"Y좌표1":13.0057,"Y좌표8":258.981,"Y좌표7":173.99,"Y좌표6":150.992,"Y좌표5":91.9978,"Y좌표55":13.0057,"Y좌표54":49.0021,"Y좌표51":127.994,"Y좌표50":148.992,"Y좌표53":79.999,"Y좌표52":101.997,"X좌표29":141.81,"X좌표28":149.799,"X좌표27":185.749,"X좌표26":177.76,"X좌표25":182.753,"X좌표24":165.776,"X좌표23":691.046,"X좌표22":688.05,"X좌표21":681.06,"X좌표20":672.072}],"하의":[{}],"원피스":[{}],"상의":[{"Y좌표9":26.671,"Y좌표21":427.631,"Y좌표20":430.631,"X좌표19":279.618,"X좌표18":292.6,"X좌표17":317.565,"X좌표16":330.547,"X좌표15":359.507,"X좌표14":396.456,"X좌표13":435.401,"X좌표12":486.331,"X좌표11":476.344,"Y좌표4":230.651,"X좌표10":456.372,"Y좌표3":262.647,"Y좌표2":342.64,"Y좌표1":419.632,"Y좌표8":28.6708,"Y좌표7":54.6682,"Y좌표6":89.6647,"Y좌표5":138.66,"Y좌표15":230.651,"Y좌표14":166.657,"X좌표8":356.511,"Y좌표17":354.638,"X좌표9":408.439,"Y좌표16":306.643,"Y좌표11":74.6662,"Y좌표10":39.6697,"Y좌표13":147.659,"Y좌표12":115.662,"X좌표2":250.658,"X좌표21":245.665,"X좌표3":257.649,"X좌표20":248.661,"X좌표1":243.668,"X좌표6":321.56,"Y좌표19":420.632,"X좌표7":315.568,"Y좌표18":390.635,"X좌표4":286.608,"X좌표5":315.568}]},"라벨링":{"스타일":[{"스타일":"스트리트"}],"아우터":[{"기장":"롱","색상":"블랙","카테고리":"패딩","소매기장":"긴팔","소재":["패딩","퍼"],"프린트":["무지"],"넥라인":"후드","핏":"루즈"}],"하의":[{}],"원피스":[{}],"상의":[{"카테고리":"니트웨어","소재":["니트"],"프린트":["무지"],"넥라인":"터틀넥","핏":"노멀"}]}},"파일 번호":1032053,"파일 이름":"jk1920c9al-jk1920c9al-s_8.jpg"}}