{"이미지 정보":{"이미지 식별자":1083168,"이미지 높이":1049,"이미지 파일명":"pt4850k04-pt4850k04-s_11.jpg","이미지 너비":800},"데이터셋 정보":{"파일 생성일자":"2020-11-12 17:50:14","데이터셋 상세설명":{"렉트좌표":{"아우터":[{}],"하의":[{"X좌표":160.831,"Y좌표":413.466,"가로":428,"세로":568}],"원피스":[{}],"상의":[{"X좌표":153.841,"Y좌표":1.50674,"가로":458,"세로":529}]},"폴리곤좌표":{"아우터":[{}],"하의":[{"X좌표34":405.991,"X좌표33":313.12,"X좌표32":246.213,"X좌표31":228.238,"X좌표30":218.252,"X좌표8":589.735,"X좌표9":587.738,"Y좌표33":419.965,"Y좌표32":413.966,"Y좌표34":422.965,"Y좌표31":487.958,"Y좌표30":513.956,"X좌표2":476.892,"X좌표3":519.833,"X좌표1":405.991,"X좌표6":570.762,"X좌표7":585.741,"X좌표4":529.819,"X좌표5":546.795,"Y좌표26":668.94,"Y좌표25":708.937,"Y좌표28":588.948,"Y좌표9":783.929,"Y좌표27":648.942,"Y좌표22":960.911,"Y좌표21":973.91,"Y좌표24":819.925,"Y좌표23":952.912,"Y좌표20":982.909,"X좌표19":374.035,"X좌표18":368.044,"X좌표17":380.027,"X좌표16":373.037,"X좌표15":372.038,"X좌표14":373.037,"X좌표13":413.98,"X좌표12":457.919,"X좌표11":515.838,"Y좌표4":453.962,"X좌표10":576.753,"Y좌표3":422.965,"Y좌표2":423.965,"Y좌표1":423.965,"Y좌표8":650.942,"Y좌표7":526.955,"Y좌표29":549.952,"Y좌표6":501.957,"Y좌표5":482.959,"Y좌표15":929.915,"Y좌표14":955.912,"Y좌표17":822.925,"Y좌표16":903.917,"Y좌표11":945.913,"Y좌표10":927.915,"Y좌표13":962.911,"Y좌표12":960.911,"X좌표29":202.274,"X좌표28":197.281,"X좌표27":196.283,"X좌표26":190.291,"X좌표25":193.287,"X좌표24":182.302,"X좌표23":161.331,"X좌표22":204.271,"X좌표21":270.18,"X좌표20":347.073,"Y좌표19":969.911,"Y좌표18":939.914}],"원피스":[{}],"상의":[{"Y좌표44":68.0002,"Y좌표43":48.0022,"Y좌표40":26.0044,"Y좌표42":21.0049,"Y좌표41":2.00674,"X좌표39":273.176,"X좌표38":231.234,"X좌표37":202.274,"X좌표36":186.296,"X좌표35":168.321,"X좌표34":158.335,"X좌표33":154.341,"X좌표32":170.319,"X좌표31":201.276,"X좌표30":232.233,"Y좌표37":56.0014,"Y좌표36":101.997,"X좌표8":612.703,"Y좌표39":26.0044,"X좌표9":612.703,"Y좌표38":29.0041,"Y좌표33":251.982,"Y좌표32":269.98,"Y좌표35":161.991,"Y좌표34":222.985,"Y좌표31":282.979,"Y좌표30":283.979,"X좌표44":422.967,"X좌표2":455.921,"X좌표43":397.003,"X좌표3":481.885,"X좌표42":371.039,"X좌표41":338.085,"X좌표1":429.958,"X좌표40":302.135,"X좌표6":546.795,"X좌표7":585.741,"X좌표4":475.894,"X좌표5":505.852,"Y좌표26":415.966,"Y좌표25":435.964,"Y좌표28":329.974,"Y좌표9":129.994,"Y좌표27":369.97,"Y좌표22":518.955,"Y좌표21":509.956,"Y좌표24":462.961,"Y좌표23":480.959,"Y좌표20":523.955,"X좌표19":377.031,"X좌표18":467.905,"X좌표17":533.813,"X좌표16":557.78,"X좌표15":542.801,"X좌표14":531.816,"X좌표13":554.784,"X좌표12":537.808,"X좌표11":559.777,"Y좌표4":11.0058,"X좌표10":586.739,"Y좌표3":34.0036,"Y좌표2":58.0012,"Y좌표1":70.9999,"Y좌표8":90.9979,"Y좌표7":58.0012,"Y좌표29":259.981,"Y좌표6":37.0033,"Y좌표5":20.005,"Y좌표15":470.96,"Y좌표14":443.963,"Y좌표17":518.955,"Y좌표16":492.958,"Y좌표11":260.981,"Y좌표10":193.988,"Y좌표13":395.968,"Y좌표12":327.974,"X좌표29":251.206,"X좌표28":217.253,"X좌표27":208.266,"X좌표26":210.263,"X좌표25":228.238,"X좌표24":230.235,"X좌표23":224.244,"X좌표22":216.255,"X좌표21":251.206,"X좌표20":291.151,"Y좌표19":531.954,"Y좌표18":527.954}]},"라벨링":{"스타일":[{"스타일":"클래식","서브스타일":"매니시"}],"아우터":[{}],"하의":[{"기장":"미니","색상":"화이트","카테고리":"팬츠","프린트":["무지"],"핏":"와이드"}],"원피스":[{}],"상의":[{"기장":"노멀","색상":"화이트","카테고리":"니트웨어","옷깃":"폴로칼라","소매기장":"반팔","소재":["니트"],"프린트":["무지"],"핏":"노멀"}]}},"파일 번호":1083168,"파일 이름":"pt4850k04-pt4850k04-s_11.jpg"}}