{"이미지 정보":{"이미지 식별자":1084011,"이미지 높이":1049,"이미지 파일명":"pt4936k04-pt4936k04-s_3.jpg","이미지 너비":800},"데이터셋 정보":{"파일 생성일자":"2020-11-12 17:54:52","데이터셋 상세설명":{"렉트좌표":{"아우터":[{"X좌표":218.833,"Y좌표":2.83017,"가로":366,"세로":491}],"하의":[{"X좌표":273.5,"Y좌표":275.903,"가로":356,"세로":682}],"원피스":[{}],"상의":[{"X좌표":337.5,"Y좌표":8.15843,"가로":97,"세로":269}]},"폴리곤좌표":{"아우터":[{"X좌표33":327.333,"X좌표32":422.0,"X좌표31":474.0,"X좌표30":512.667,"X좌표8":348.667,"X좌표9":376.667,"Y좌표33":27.3073,"Y좌표32":9.99047,"Y좌표31":5.99428,"Y좌표30":3.33017,"X좌표2":232.667,"X좌표3":219.333,"X좌표1":326.0,"X좌표6":260.667,"X좌표7":264.667,"X좌표4":240.667,"X좌표5":282.0,"Y좌표26":217.792,"Y좌표25":273.739,"Y좌표28":124.548,"Y좌표9":466.888,"Y좌표27":195.147,"Y좌표22":432.254,"Y좌표21":465.556,"Y좌표24":301.712,"Y좌표23":349.666,"Y좌표20":436.25,"X좌표19":410.0,"X좌표18":407.333,"X좌표17":411.333,"X좌표16":427.333,"X좌표15":428.667,"X좌표14":339.333,"X좌표13":352.667,"X좌표12":355.333,"X좌표11":367.333,"Y좌표4":233.777,"X좌표10":382.0,"Y좌표3":180.494,"Y좌표2":61.9409,"Y좌표1":24.6432,"Y좌표8":494.861,"Y좌표7":482.873,"Y좌표29":29.9714,"Y좌표6":390.96,"Y좌표5":225.785,"Y좌표15":39.2958,"Y좌표14":44.6241,"Y좌표17":235.109,"Y좌표16":144.529,"Y좌표11":297.716,"Y좌표10":400.285,"Y좌표13":111.227,"Y좌표12":195.147,"X좌표29":543.333,"X좌표28":570.0,"X좌표27":586.0,"X좌표26":532.667,"X좌표25":543.333,"X좌표24":558.0,"X좌표23":559.333,"X좌표22":574.0,"X좌표21":488.667,"X좌표20":448.667,"Y좌표19":365.651,"Y좌표18":304.376}],"하의":[{"X좌표37":362.0,"X좌표36":371.333,"X좌표35":374.0,"X좌표34":376.667,"X좌표33":363.333,"X좌표32":326.0,"X좌표31":275.333,"X좌표30":274.0,"Y좌표37":277.735,"Y좌표36":348.334,"X좌표8":540.667,"X좌표9":630.0,"Y좌표33":486.869,"Y좌표32":489.533,"Y좌표35":410.941,"Y좌표34":456.231,"Y좌표31":476.212,"Y좌표30":521.502,"X좌표2":410.0,"X좌표3":408.667,"X좌표1":363.333,"X좌표6":478.0,"X좌표7":514.0,"X좌표4":416.667,"X좌표5":447.333,"Y좌표26":878.495,"Y좌표25":918.457,"Y좌표28":722.644,"Y좌표9":922.453,"Y좌표27":805.232,"Y좌표22":922.453,"Y좌표21":903.804,"Y좌표24":843.862,"Y좌표23":877.163,"Y좌표20":775.926,"X좌표19":371.333,"X좌표18":371.333,"X좌표17":394.0,"X좌표16":422.0,"X좌표15":451.333,"X좌표14":470.0,"X좌표13":496.667,"X좌표12":564.667,"X좌표11":564.667,"Y좌표4":372.311,"X좌표10":594.0,"Y좌표3":320.361,"Y좌표2":276.403,"Y좌표1":276.403,"Y좌표8":593.434,"Y좌표7":461.56,"Y좌표29":614.747,"Y좌표6":462.892,"Y좌표5":429.59,"Y좌표15":644.052,"Y좌표14":782.587,"Y좌표17":444.243,"Y좌표16":532.159,"Y좌표11":877.163,"Y좌표10":946.43,"Y좌표13":954.423,"Y좌표12":958.419,"X좌표29":279.333,"X좌표28":280.667,"X좌표27":274.0,"X좌표26":274.0,"X좌표25":291.333,"X좌표24":304.667,"X좌표23":311.333,"X좌표22":318.0,"X좌표21":391.333,"X좌표20":380.667,"Y좌표19":648.048,"Y좌표18":529.495}],"원피스":[{}],"상의":[{"Y좌표9":163.178,"X좌표16":338.0,"X좌표15":350.0,"X좌표14":376.667,"X좌표13":395.333,"X좌표12":415.333,"X좌표11":424.667,"Y좌표4":193.815,"X좌표10":430.0,"Y좌표3":132.54,"Y좌표2":76.5936,"Y좌표1":32.6355,"Y좌표8":219.124,"Y좌표7":277.735,"Y좌표6":273.739,"Y좌표5":253.758,"Y좌표15":35.2997,"Y좌표14":72.5974,"X좌표8":430.0,"X좌표9":435.333,"Y좌표16":35.2997,"Y좌표11":43.292,"Y좌표10":95.2425,"Y좌표13":37.9638,"Y좌표12":8.65843,"X좌표2":347.333,"X좌표3":351.333,"X좌표1":338.0,"X좌표6":360.667,"X좌표7":415.333,"X좌표4":354.0,"X좌표5":358.0}]},"라벨링":{"스타일":[{"스타일":"클래식"}],"아우터":[{"기장":"하프","색상":"베이지","서브색상":"브라운","카테고리":"재킷","옷깃":"테일러드칼라","디테일":["싱글브레스티드"],"소매기장":"반팔","소재":["린넨","우븐"],"프린트":["체크"],"핏":"오버사이즈"}],"하의":[{"기장":"맥시","색상":"베이지","카테고리":"팬츠","디테일":["슬릿"],"소재":["우븐"],"프린트":["무지"],"핏":"벨보텀"}],"원피스":[{}],"상의":[{"색상":"화이트","카테고리":"셔츠","옷깃":"셔츠칼라","소매기장":"없음","소재":["우븐"],"프린트":["무지"]}]}},"파일 번호":1084011,"파일 이름":"pt4936k04-pt4936k04-s_3.jpg"}}