{"이미지 정보":{"이미지 식별자":1089517,"이미지 높이":1049,"이미지 파일명":"pt5582k07-pt5582k07-s_8.jpg","이미지 너비":800},"데이터셋 정보":{"파일 생성일자":"2020-11-12 18:31:14","데이터셋 상세설명":{"렉트좌표":{"아우터":[{}],"하의":[{"X좌표":257.5,"Y좌표":249.262,"가로":295,"세로":700}],"원피스":[{}],"상의":[{"X좌표":203.5,"Y좌표":-1.49905,"가로":406,"세로":438}]},"폴리곤좌표":{"아우터":[{}],"하의":[{"Y좌표9":506.517,"X좌표16":284.0,"X좌표15":288.0,"X좌표14":258.0,"X좌표13":337.0,"X좌표12":426.0,"X좌표11":474.0,"Y좌표4":259.752,"X좌표10":528.0,"Y좌표3":327.687,"Y좌표2":533.491,"Y좌표1":667.363,"Y좌표8":425.594,"Y좌표7":303.71,"Y좌표6":263.748,"Y좌표5":249.762,"Y좌표15":804.566,"Y좌표14":922.453,"X좌표8":553.0,"X좌표9":542.0,"Y좌표16":666.697,"Y좌표11":950.426,"Y좌표10":936.44,"Y좌표13":942.434,"Y좌표12":946.43,"X좌표2":273.0,"X좌표3":284.0,"X좌표1":281.0,"X좌표6":504.0,"X좌표7":534.0,"X좌표4":318.0,"X좌표5":416.0}],"원피스":[{}],"상의":[{"Y좌표9":18.9819,"X좌표19":520.0,"X좌표18":569.0,"X좌표17":605.0,"X좌표16":610.0,"X좌표15":608.0,"X좌표14":578.0,"X좌표13":569.0,"X좌표12":532.0,"X좌표11":500.0,"Y좌표4":437.582,"X좌표10":322.0,"Y좌표3":329.685,"Y좌표2":322.692,"Y좌표1":370.646,"Y좌표8":91.9123,"Y좌표7":278.734,"Y좌표6":382.635,"Y좌표5":431.588,"Y좌표15":182.826,"Y좌표14":131.874,"X좌표8":229.0,"Y좌표17":298.715,"X좌표9":286.0,"Y좌표16":249.762,"Y좌표11":1.99809,"Y좌표10":-0.999047,"Y좌표13":73.9295,"Y좌표12":17.9828,"X좌표2":410.0,"X좌표3":342.0,"X좌표1":518.0,"X좌표6":206.0,"Y좌표19":371.645,"X좌표7":204.0,"Y좌표18":350.665,"X좌표4":308.0,"X좌표5":252.0}]},"라벨링":{"스타일":[{"스타일":"스트리트"}],"아우터":[{}],"하의":[{"기장":"발목","색상":"블루","카테고리":"청바지","디테일":["롤업"],"소재":["데님"],"프린트":["무지"],"핏":"와이드"}],"원피스":[{}],"상의":[{"색상":"옐로우","카테고리":"셔츠","옷깃":"셔츠칼라","디테일":["드롭숄더"],"소매기장":"긴팔","소재":["우븐"],"프린트":["무지"],"핏":"루즈"}]}},"파일 번호":1089517,"파일 이름":"pt5582k07-pt5582k07-s_8.jpg"}}