{"이미지 정보":{"이미지 식별자":1129257,"이미지 높이":1049,"이미지 파일명":"jk917-jk917-s_4.jpg","이미지 너비":800},"데이터셋 정보":{"파일 생성일자":"2020-11-13 17:36:03","데이터셋 상세설명":{"렉트좌표":{"아우터":[{"X좌표":219.194,"Y좌표":-0.5,"가로":441,"세로":1014}],"하의":[{}],"원피스":[{}],"상의":[{}]},"폴리곤좌표":{"아우터":[{"X좌표36":372.482,"X좌표35":491.317,"X좌표34":483.328,"X좌표33":508.293,"X좌표32":523.272,"X좌표31":548.237,"X좌표30":530.263,"Y좌표36":0.0,"X좌표8":235.672,"X좌표9":219.694,"Y좌표33":123.987,"Y좌표32":103.989,"Y좌표35":1.99979,"Y좌표34":48.9948,"Y좌표31":107.989,"Y좌표30":185.98,"X좌표2":317.558,"X좌표3":232.676,"X좌표1":373.481,"X좌표6":242.663,"X좌표7":235.672,"X좌표4":226.685,"X좌표5":232.676,"Y좌표26":702.926,"Y좌표25":885.906,"Y좌표28":454.952,"Y좌표9":365.961,"Y좌표27":622.934,"Y좌표22":967.898,"Y좌표21":994.895,"Y좌표24":949.899,"Y좌표23":949.899,"Y좌표20":1014.89,"X좌표19":330.54,"X좌표18":307.572,"X좌표17":296.587,"X좌표16":306.574,"X좌표15":286.601,"X좌표14":286.601,"X좌표13":258.64,"X좌표12":249.653,"X좌표11":246.657,"Y좌표4":114.988,"X좌표10":246.657,"Y좌표3":54.9942,"Y좌표2":16.9982,"Y좌표1":0.999894,"Y좌표8":334.965,"Y좌표7":297.968,"Y좌표29":292.969,"Y좌표6":238.975,"Y좌표5":213.977,"Y좌표15":755.92,"Y좌표14":720.924,"Y좌표17":853.91,"Y좌표16":803.915,"Y좌표11":546.942,"Y좌표10":510.946,"Y좌표13":706.925,"Y좌표12":633.933,"X좌표29":588.182,"X좌표28":624.132,"X좌표27":643.106,"X좌표26":645.103,"X좌표25":661.081,"X좌표24":651.094,"X좌표23":618.14,"X좌표22":577.197,"X좌표21":468.349,"X좌표20":397.447,"Y좌표19":979.896,"Y좌표18":923.902}],"하의":[{}],"원피스":[{}],"상의":[{}]},"라벨링":{"스타일":[{"스타일":"스트리트"}],"아우터":[{"기장":"롱","색상":"블랙","카테고리":"패딩","디테일":["포켓"],"소매기장":"긴팔","소재":["패딩"],"프린트":["무지"],"핏":"오버사이즈"}],"하의":[{}],"원피스":[{"기장":"발목","카테고리":"드레스","디테일":["니트꽈베기"],"소재":["니트"],"프린트":["무지"],"넥라인":"터틀넥","핏":"루즈"}],"상의":[{}]}},"파일 번호":1129257,"파일 이름":"jk917-jk917-s_4.jpg"}}