{"이미지 정보":{"이미지 식별자":1156892,"이미지 높이":1049,"이미지 파일명":"cd1088k08-cd1088k08-s_6.jpg","이미지 너비":800},"데이터셋 정보":{"파일 생성일자":"2020-11-16 15:19:53","데이터셋 상세설명":{"렉트좌표":{"아우터":[{"X좌표":261.5,"Y좌표":2.49943,"가로":362,"세로":473}],"하의":[{"X좌표":276.5,"Y좌표":282.246,"가로":269,"세로":593}],"원피스":[{}],"상의":[{}]},"폴리곤좌표":{"아우터":[{"X좌표38":394.0,"X좌표37":341.0,"X좌표36":319.0,"X좌표35":309.0,"X좌표34":293.0,"X좌표33":282.0,"X좌표32":270.0,"X좌표31":266.0,"X좌표30":266.0,"Y좌표37":35.9931,"Y좌표36":56.9891,"X좌표8":590.0,"X좌표9":598.0,"Y좌표38":11.9977,"Y좌표33":323.938,"Y좌표32":361.931,"Y좌표35":87.9832,"Y좌표34":197.962,"Y좌표31":411.921,"Y좌표30":434.917,"X좌표2":408.0,"X좌표3":444.0,"X좌표1":399.0,"X좌표6":520.0,"X좌표7":573.0,"X좌표4":478.0,"X좌표5":503.0,"Y좌표26":342.935,"Y좌표25":303.942,"Y좌표28":476.909,"Y좌표9":122.977,"Y좌표27":405.923,"Y좌표22":290.945,"Y좌표21":303.942,"Y좌표24":291.944,"Y좌표23":287.945,"Y좌표20":331.937,"X좌표19":488.0,"X좌표18":517.0,"X좌표17":526.0,"X좌표16":528.0,"X좌표15":569.0,"X좌표14":578.0,"X좌표13":590.0,"X좌표12":616.0,"X좌표11":624.0,"Y좌표4":14.9971,"X좌표10":608.0,"Y좌표3":24.9952,"Y좌표2":18.9964,"Y좌표1":9.99809,"Y좌표8":72.9861,"Y좌표7":35.9931,"Y좌표29":469.91,"Y좌표6":12.9975,"Y좌표5":2.99943,"Y좌표15":331.937,"Y좌표14":307.941,"Y좌표17":341.935,"Y좌표16":349.933,"Y좌표11":203.961,"Y좌표10":181.965,"Y좌표13":275.947,"Y좌표12":247.953,"X좌표29":262.0,"X좌표28":295.0,"X좌표27":315.0,"X좌표26":324.0,"X좌표25":334.0,"X좌표24":365.0,"X좌표23":378.0,"X좌표22":420.0,"X좌표21":464.0,"X좌표20":444.0,"Y좌표19":359.931,"Y좌표18":367.93}],"하의":[{"Y좌표48":844.639,"Y좌표47":708.665,"Y좌표44":577.69,"Y좌표43":476.709,"Y좌표46":659.674,"Y좌표45":624.681,"Y좌표40":544.696,"Y좌표42":459.712,"Y좌표41":485.707,"X좌표39":363.0,"X좌표38":364.0,"X좌표37":380.0,"X좌표36":407.0,"X좌표35":437.0,"X좌표34":382.0,"X좌표33":356.0,"X좌표32":334.0,"X좌표31":297.0,"X좌표30":277.0,"Y좌표37":672.672,"Y좌표36":724.662,"X좌표8":491.0,"Y좌표39":632.679,"X좌표9":488.0,"Y좌표38":657.675,"Y좌표33":809.646,"Y좌표32":762.655,"Y좌표35":792.649,"Y좌표34":815.644,"Y좌표31":699.667,"Y좌표30":671.672,"X좌표48":389.0,"X좌표47":412.0,"X좌표46":415.0,"X좌표45":410.0,"X좌표44":412.0,"X좌표2":405.0,"X좌표43":417.0,"X좌표3":434.0,"X좌표42":412.0,"X좌표41":400.0,"X좌표1":388.0,"X좌표40":384.0,"X좌표6":479.0,"X좌표7":488.0,"X좌표4":465.0,"X좌표5":479.0,"Y좌표26":338.735,"Y좌표25":303.742,"Y좌표28":495.705,"Y좌표9":656.675,"Y좌표27":419.72,"Y좌표22":284.746,"Y좌표21":296.743,"Y좌표24":288.745,"Y좌표23":282.746,"Y좌표20":304.742,"X좌표19":448.0,"X좌표18":460.0,"X좌표17":455.0,"X좌표16":472.0,"X좌표15":497.0,"X좌표14":516.0,"X좌표13":532.0,"X좌표12":546.0,"X좌표11":523.0,"Y좌표4":874.633,"X좌표10":495.0,"Y좌표3":876.633,"Y좌표2":870.634,"Y좌표1":847.638,"Y좌표8":709.665,"Y좌표7":756.656,"Y좌표29":596.686,"Y좌표6":846.639,"Y좌표5":860.636,"Y좌표15":372.729,"Y좌표14":358.732,"Y좌표17":379.728,"Y좌표16":380.727,"Y좌표11":520.701,"Y좌표10":616.682,"Y좌표13":340.735,"Y좌표12":422.719,"X좌표29":281.0,"X좌표28":291.0,"X좌표27":303.0,"X좌표26":319.0,"X좌표25":332.0,"X좌표24":356.0,"X좌표23":388.0,"X좌표22":420.0,"X좌표21":466.0,"X좌표20":464.0,"Y좌표19":330.737,"Y좌표18":344.734}],"원피스":[{}],"상의":[{}]},"라벨링":{"스타일":[{"스타일":"페미닌","서브스타일":"로맨틱"}],"아우터":[{"기장":"하프","색상":"퍼플","카테고리":"가디건","소매기장":"긴팔","소재":["니트"],"넥라인":"라운드넥","핏":"노멀"}],"하의":[{"기장":"발목","색상":"블랙","카테고리":"팬츠","소재":["우븐"],"프린트":["무지"],"핏":"벨보텀"}],"원피스":[{}],"상의":[{}]}},"파일 번호":1156892,"파일 이름":"cd1088k08-cd1088k08-s_6.jpg"}}