{"이미지 정보":{"이미지 식별자":1160129,"이미지 높이":1049,"이미지 파일명":"sk1604-sk1604-s_01.jpg","이미지 너비":800},"데이터셋 정보":{"파일 생성일자":"2020-11-16 15:40:18","데이터셋 상세설명":{"렉트좌표":{"아우터":[{}],"하의":[{"X좌표":225.98,"Y좌표":318.364,"가로":390,"세로":711}],"원피스":[{}],"상의":[{"X좌표":283.9,"Y좌표":0.506843,"가로":282,"세로":350}]},"폴리곤좌표":{"아우터":[{}],"하의":[{"X좌표32":226.48,"X좌표31":268.422,"X좌표30":268.422,"X좌표8":550.03,"X좌표9":597.963,"Y좌표32":974.799,"Y좌표31":992.797,"Y좌표30":1026.79,"X좌표2":246.452,"X좌표3":262.43,"X좌표1":228.477,"X좌표6":309.365,"X좌표7":453.165,"X좌표4":279.407,"X좌표5":295.384,"Y좌표26":887.808,"Y좌표25":846.812,"Y좌표28":1010.8,"Y좌표9":412.855,"Y좌표27":900.806,"Y좌표22":837.813,"Y좌표21":871.809,"Y좌표24":809.815,"Y좌표23":804.816,"Y좌표20":908.806,"X좌표19":534.052,"X좌표18":529.059,"X좌표17":544.038,"X좌표16":604.954,"X좌표15":616.937,"X좌표14":598.962,"X좌표13":614.94,"X좌표12":616.937,"X좌표11":604.954,"Y좌표4":498.846,"X좌표10":607.95,"Y좌표3":662.83,"Y좌표2":849.811,"Y좌표1":974.799,"Y좌표8":318.864,"Y좌표7":330.863,"Y좌표29":1030.79,"Y좌표6":331.863,"Y좌표5":380.858,"Y좌표15":939.802,"Y좌표14":820.814,"Y좌표17":974.799,"Y좌표16":972.799,"Y좌표11":469.849,"Y좌표10":454.851,"Y좌표13":708.825,"Y좌표12":589.837,"X좌표29":333.332,"X좌표28":365.287,"X좌표27":328.338,"X좌표26":356.3,"X좌표25":408.227,"X좌표24":409.226,"X좌표23":424.205,"X좌표22":422.208,"X좌표21":465.148,"X좌표20":492.111,"Y좌표19":924.804,"Y좌표18":948.802}],"원피스":[{}],"상의":[{"Y좌표9":32.0038,"X좌표18":309.365,"X좌표17":425.204,"X좌표16":543.04,"X좌표15":552.027,"X좌표14":559.018,"X좌표13":567.007,"X좌표12":560.016,"X좌표11":557.02,"Y좌표4":119.995,"X좌표10":490.113,"Y좌표3":208.986,"Y좌표2":278.979,"Y좌표1":351.972,"Y좌표8":42.0028,"Y좌표7":36.0034,"Y좌표6":2.00674,"Y좌표5":18.0052,"Y좌표15":278.979,"Y좌표14":206.986,"X좌표8":439.184,"Y좌표17":351.972,"X좌표9":459.156,"Y좌표16":331.974,"Y좌표11":1.00684,"Y좌표10":2.00674,"Y좌표13":117.995,"Y좌표12":48.0022,"X좌표2":298.38,"X좌표3":290.391,"X좌표1":308.366,"X좌표6":369.282,"X좌표7":396.244,"Y좌표18":349.972,"X좌표4":288.394,"X좌표5":284.4}]},"라벨링":{"스타일":[{"스타일":"로맨틱","서브스타일":"섹시"}],"아우터":[{}],"하의":[{"색상":"화이트","서브색상":"블랙","카테고리":"스커트","디테일":["러플","플레어"],"소재":["시폰"],"프린트":["도트"],"핏":"노멀"}],"원피스":[{}],"상의":[{"색상":"블랙","카테고리":"탑","소매기장":"민소매","소재":["니트"],"프린트":["무지"],"넥라인":"라운드넥","핏":"타이트"}]}},"파일 번호":1160129,"파일 이름":"sk1604-sk1604-s_01.jpg"}}