{"이미지 정보":{"이미지 식별자":1181577,"이미지 높이":1049,"이미지 파일명":"nb894k97-nb894k97-s_11.jpg","이미지 너비":800},"데이터셋 정보":{"파일 생성일자":"2020-11-17 17:40:10","데이터셋 상세설명":{"렉트좌표":{"아우터":[{}],"하의":[{"X좌표":328.375,"Y좌표":291.2,"가로":179,"세로":577}],"원피스":[{}],"상의":[{"X좌표":292.625,"Y좌표":7.51383,"가로":261,"세로":477}]},"폴리곤좌표":{"아우터":[{}],"하의":[{"Y좌표9":854.575,"Y좌표22":291.7,"Y좌표21":344.689,"Y좌표23":292.7,"Y좌표20":386.679,"X좌표19":488.875,"X좌표18":452.875,"X좌표17":484.875,"X좌표16":496.875,"X좌표15":454.875,"X좌표14":441.875,"X좌표13":446.875,"X좌표12":441.875,"X좌표11":437.875,"Y좌표4":593.883,"X좌표10":407.875,"Y좌표3":455.914,"Y좌표2":330.942,"Y좌표1":296.949,"Y좌표8":800.587,"Y좌표7":695.61,"Y좌표6":590.884,"Y좌표5":423.921,"Y좌표15":801.586,"Y좌표14":774.593,"X좌표8":379.875,"Y좌표17":710.607,"X좌표9":371.875,"Y좌표16":785.59,"Y좌표11":865.572,"Y좌표10":869.571,"Y좌표13":619.627,"Y좌표12":772.593,"X좌표23":354.875,"X좌표22":422.875,"X좌표2":328.875,"X좌표21":479.875,"X좌표3":343.875,"X좌표20":508.875,"X좌표1":354.875,"X좌표6":379.875,"Y좌표19":482.658,"X좌표7":379.875,"Y좌표18":611.629,"X좌표4":378.875,"X좌표5":388.875}],"원피스":[{}],"상의":[{"X좌표8":534.125,"X좌표9":538.125,"X좌표2":480.125,"X좌표3":531.125,"X좌표1":473.125,"X좌표6":540.125,"X좌표7":555.125,"X좌표4":548.125,"X좌표5":546.125,"Y좌표26":81.9973,"Y좌표25":18.0116,"Y좌표28":32.0085,"Y좌표9":485.907,"Y좌표27":51.0042,"Y좌표22":145.983,"Y좌표21":212.968,"Y좌표24":44.0058,"Y좌표23":72.9993,"Y좌표20":260.957,"X좌표19":309.125,"X좌표18":325.125,"X좌표17":334.125,"X좌표16":350.125,"X좌표15":380.125,"X좌표14":426.125,"X좌표13":454.125,"X좌표12":480.125,"X좌표11":455.125,"Y좌표4":110.991,"X좌표10":513.125,"Y좌표3":54.0036,"Y좌표2":28.0094,"Y좌표1":8.01383,"Y좌표8":421.921,"Y좌표7":346.938,"Y좌표29":13.0127,"Y좌표6":263.957,"Y좌표5":195.972,"Y좌표15":296.949,"Y좌표14":293.95,"Y좌표17":323.943,"Y좌표16":298.949,"Y좌표11":398.926,"Y좌표10":485.907,"Y좌표13":320.944,"Y좌표12":345.938,"X좌표29":475.125,"X좌표28":436.125,"X좌표27":400.125,"X좌표26":395.125,"X좌표25":394.125,"X좌표24":375.125,"X좌표23":330.125,"X좌표22":316.125,"X좌표21":303.125,"X좌표20":293.125,"Y좌표19":263.957,"Y좌표18":280.953}]},"라벨링":{"스타일":[{"스타일":"스트리트"}],"아우터":[{"기장":"노말","색상":"그레이","카테고리":"재킷","옷깃":"셔츠칼라","디테일":["레이스업","롤업"],"소매기장":"7부소매","핏":"노멀"}],"하의":[{"기장":"발목","색상":"네이비","카테고리":"청바지","소재":["데님"],"핏":"스키니"}],"원피스":[{}],"상의":[{}]}},"파일 번호":1181577,"파일 이름":"nb894k97-nb894k97-s_11.jpg"}}