{"이미지 정보":{"이미지 식별자":119583,"이미지 높이":800,"이미지 파일명":"OZBRIDGE_063_09.jpg","이미지 너비":800},"데이터셋 정보":{"파일 생성일자":"2020-08-10 10:21:42","데이터셋 상세설명":{"렉트좌표":{"아우터":[{}],"하의":[{"X좌표":370.99,"Y좌표":320.172,"가로":158,"세로":438}],"원피스":[{}],"상의":[{"X좌표":356.011,"Y좌표":8.49443,"가로":213,"세로":338}]},"폴리곤좌표":{"아우터":[{}],"하의":[{"Y좌표9":759.173,"X좌표16":529.271,"X좌표15":519.285,"X좌표14":497.315,"X좌표13":479.34,"X좌표12":492.322,"X좌표11":471.351,"Y좌표4":379.59,"X좌표10":469.354,"Y좌표3":320.672,"Y좌표2":330.658,"Y좌표1":324.666,"Y좌표8":753.182,"Y좌표7":737.204,"Y좌표6":618.369,"Y좌표5":498.425,"Y좌표15":385.693,"Y좌표14":472.572,"X좌표8":409.437,"X좌표9":459.368,"Y좌표16":321.782,"Y좌표11":702.252,"Y좌표10":738.202,"Y좌표13":629.354,"Y좌표12":684.277,"X좌표2":436.4,"X좌표3":371.49,"X좌표1":530.269,"X좌표6":400.45,"X좌표7":379.479,"X좌표4":385.471,"X좌표5":415.429}],"원피스":[{}],"상의":[{"Y좌표9":346.525,"Y좌표20":40.95,"X좌표19":508.3,"X좌표18":523.279,"X좌표17":512.294,"X좌표16":549.243,"X좌표15":570.214,"X좌표14":561.226,"X좌표13":517.287,"X좌표12":525.276,"X좌표11":526.275,"Y좌표4":32.9611,"X좌표10":450.381,"Y좌표3":8.99443,"Y좌표2":8.99443,"Y좌표1":42.9472,"Y좌표8":332.544,"Y좌표7":231.685,"Y좌표6":183.751,"Y좌표5":69.9097,"Y좌표15":180.756,"Y좌표14":202.725,"X좌표8":363.501,"Y좌표17":183.751,"X좌표9":389.465,"Y좌표16":150.797,"Y좌표11":347.524,"Y좌표10":347.524,"Y좌표13":239.674,"Y좌표12":310.575,"X좌표2":430.408,"X좌표3":397.454,"X좌표20":493.321,"X좌표1":492.322,"X좌표6":372.489,"Y좌표19":67.9125,"X좌표7":390.464,"Y좌표18":141.81,"X좌표4":382.475,"X좌표5":356.511}]},"라벨링":{"스타일":[{"스타일":"모던","서브스타일":"스트리트"}],"아우터":[{}],"하의":[{"기장":"발목","색상":"블랙","카테고리":"팬츠","프린트":["무지"],"핏":"노멀"}],"원피스":[{}],"상의":[{"기장":"노멀","색상":"브라운","카테고리":"탑","소매기장":"긴팔","넥라인":"터틀넥","핏":"타이트"}]}},"파일 번호":119583,"파일 이름":"OZBRIDGE_063_09.jpg"}}