{"이미지 정보":{"이미지 식별자":1195809,"이미지 높이":1049,"이미지 파일명":"t4603k08-t4603k08-s_11.jpg","이미지 너비":800},"데이터셋 정보":{"파일 생성일자":"2020-11-17 19:04:56","데이터셋 상세설명":{"렉트좌표":{"아우터":[{"X좌표":49.4375,"Y좌표":0.506843,"가로":629,"세로":880}],"하의":[{}],"원피스":[{}],"상의":[{"X좌표":288.106,"Y좌표":60.5009,"가로":257,"세로":501}]},"폴리곤좌표":{"아우터":[{"Y좌표84":53.0017,"Y좌표83":61.0009,"Y좌표85":21.0049,"Y좌표80":111.996,"Y좌표82":64.0006,"Y좌표81":77.9992,"X좌표39":157.787,"X좌표38":143.807,"X좌표37":122.836,"X좌표36":109.854,"X좌표35":91.8792,"X좌표34":78.8972,"X좌표33":69.9097,"X좌표32":69.9097,"X좌표31":78.8972,"X좌표30":79.8958,"Y좌표77":259.203,"Y좌표76":330.196,"Y좌표79":138.993,"Y좌표78":193.988,"Y좌표73":558.174,"Y좌표72":579.172,"Y좌표75":454.184,"Y좌표74":520.177,"Y좌표71":603.169,"Y좌표70":635.166,"X좌표49":570.214,"X좌표48":509.299,"X좌표47":468.356,"X좌표46":355.512,"X좌표45":317.565,"X좌표44":277.621,"X좌표43":230.686,"X좌표42":198.731,"X좌표41":182.753,"X좌표40":182.753,"Y좌표26":801.372,"Y좌표25":836.368,"Y좌표28":762.376,"Y좌표27":800.372,"Y좌표22":881.364,"Y좌표21":875.364,"Y좌표24":870.365,"Y좌표23":876.364,"Y좌표20":871.365,"X좌표59":677.065,"X좌표58":678.064,"X좌표57":677.065,"X좌표56":666.081,"X좌표55":658.092,"X좌표54":642.114,"X좌표53":628.133,"X좌표52":633.126,"X좌표51":618.147,"X좌표50":609.16,"Y좌표29":734.378,"Y좌표15":717.38,"Y좌표14":724.157,"Y좌표17":797.372,"Y좌표16":760.376,"Y좌표11":700.16,"Y좌표10":662.163,"Y좌표13":740.156,"Y좌표12":745.155,"X좌표69":618.147,"X좌표68":629.132,"X좌표67":642.114,"X좌표66":652.1,"X좌표65":666.081,"X좌표64":669.076,"X좌표63":650.103,"X좌표62":655.096,"Y좌표19":860.366,"X좌표61":671.074,"Y좌표18":802.372,"X좌표60":679.062,"Y좌표48":36.0034,"Y좌표47":13.0057,"Y좌표49":57.0013,"Y좌표44":10.0059,"Y좌표43":39.0031,"Y좌표46":3.00664,"Y좌표45":1.00684,"Y좌표40":77.9992,"Y좌표42":51.0019,"Y좌표41":67.0003,"X좌표79":521.282,"X좌표78":516.289,"X좌표77":502.308,"X좌표76":503.307,"X좌표75":519.285,"X좌표74":546.247,"X좌표73":562.225,"X좌표72":573.21,"X좌표71":591.185,"X좌표70":602.169,"Y좌표37":198.209,"Y좌표36":260.203,"X좌표8":289.604,"Y좌표39":100.997,"X좌표9":277.621,"Y좌표38":128.994,"Y좌표33":481.404,"Y좌표32":596.392,"Y좌표35":341.306,"Y좌표34":413.299,"Y좌표31":652.387,"Y좌표30":708.381,"X좌표2":315.568,"X좌표3":339.535,"X좌표85":470.353,"X좌표1":308.578,"X좌표84":481.337,"X좌표6":315.568,"X좌표83":499.312,"X좌표7":293.599,"X좌표82":521.282,"X좌표4":343.529,"X좌표81":530.269,"X좌표5":327.551,"X좌표80":529.271,"Y좌표69":678.162,"Y좌표9":624.167,"Y좌표66":633.166,"Y좌표65":605.169,"Y좌표68":654.164,"Y좌표67":650.165,"Y좌표62":530.176,"Y좌표61":499.18,"Y좌표64":558.174,"Y좌표63":542.175,"Y좌표60":471.182,"X좌표19":190.742,"X좌표18":183.751,"X좌표17":200.728,"X좌표16":207.718,"X좌표15":208.717,"X좌표14":222.697,"X좌표13":245.665,"X좌표12":262.642,"X좌표11":276.622,"Y좌표4":242.983,"X좌표10":271.629,"Y좌표3":175.989,"Y좌표2":106.996,"Y좌표1":39.0031,"Y좌표8":598.17,"Y좌표7":516.178,"Y좌표6":409.189,"Y좌표5":299.977,"Y좌표59":450.184,"Y좌표58":414.188,"Y좌표55":172.99,"Y좌표54":129.994,"Y좌표57":332.196,"Y좌표56":246.982,"Y좌표51":89.998,"Y좌표50":71.9998,"Y좌표53":109.996,"Y좌표52":96.9973,"X좌표29":49.9375,"X좌표28":57.9264,"X좌표27":73.9042,"X좌표26":87.8847,"X좌표25":90.8805,"X좌표24":85.8875,"X좌표23":90.8805,"X좌표22":118.842,"X좌표21":165.776,"X좌표20":188.744}],"하의":[{}],"원피스":[{}],"상의":[{"X좌표36":309.576,"X좌표35":310.575,"X좌표34":327.551,"X좌표33":343.529,"X좌표32":338.536,"X좌표31":330.547,"X좌표30":322.558,"Y좌표36":75.9994,"X좌표8":529.271,"X좌표9":529.271,"Y좌표33":176.989,"Y좌표32":230.984,"Y좌표35":96.9973,"Y좌표34":132.994,"Y좌표31":275.98,"Y좌표30":343.973,"X좌표2":361.504,"X좌표3":395.457,"X좌표1":310.575,"X좌표6":500.311,"X좌표7":492.322,"X좌표4":441.393,"X좌표5":489.326,"Y좌표26":548.952,"Y좌표25":551.952,"Y좌표28":493.958,"Y좌표9":118.995,"Y좌표27":543.953,"Y좌표22":562.951,"Y좌표21":557.951,"Y좌표24":558.951,"Y좌표23":561.951,"Y좌표20":552.952,"X좌표19":508.3,"X좌표18":525.276,"X좌표17":546.247,"X좌표16":527.274,"X좌표15":517.287,"X좌표14":511.296,"X좌표13":508.3,"X좌표12":502.308,"X좌표11":506.303,"Y좌표4":106.996,"X좌표10":518.286,"Y좌표3":105.996,"Y좌표2":91.9978,"Y좌표1":67.0003,"Y좌표8":72.9997,"Y좌표7":61.0009,"Y좌표29":422.965,"Y좌표6":76.9993,"Y좌표5":88.9981,"Y좌표15":455.962,"Y좌표14":420.965,"Y좌표17":513.956,"Y좌표16":473.96,"Y좌표11":239.983,"Y좌표10":179.989,"Y좌표13":345.973,"Y좌표12":273.98,"X좌표29":310.575,"X좌표28":296.594,"X좌표27":288.606,"X좌표26":309.576,"X좌표25":336.539,"X좌표24":363.501,"X좌표23":398.453,"X좌표22":431.407,"X좌표21":457.371,"X좌표20":481.337,"Y좌표19":549.952,"Y좌표18":535.954}]},"라벨링":{"스타일":[{"스타일":"스포티","서브스타일":"스트리트"}],"아우터":[{"기장":"하프","색상":"그린","카테고리":"짚업","디테일":["스트링"],"소매기장":"긴팔","소재":["저지"],"넥라인":"후드","핏":"노멀"}],"하의":[{}],"원피스":[{}],"상의":[{"색상":"화이트","카테고리":"티셔츠","소매기장":"없음","소재":["저지"],"넥라인":"라운드넥","핏":"노멀"}]}},"파일 번호":1195809,"파일 이름":"t4603k08-t4603k08-s_11.jpg"}}