{"이미지 정보":{"이미지 식별자":1216538,"이미지 높이":1049,"이미지 파일명":"sk2863k07-sk2863k07-s_2.jpg","이미지 너비":800},"데이터셋 정보":{"파일 생성일자":"2020-11-18 14:23:24","데이터셋 상세설명":{"렉트좌표":{"아우터":[{}],"하의":[{"X좌표":257.531,"Y좌표":285.227,"가로":288,"세로":279}],"원피스":[{}],"상의":[{"X좌표":229.531,"Y좌표":9.49047,"가로":338,"세로":483}]},"폴리곤좌표":{"아우터":[{}],"하의":[{"X좌표8":298.031,"X좌표9":258.031,"Y좌표9":529.495,"Y좌표10":287.725,"X좌표2":474.031,"Y좌표4":565.46,"X좌표10":306.031,"X좌표3":546.031,"Y좌표3":551.474,"Y좌표2":291.722,"X좌표1":310.031,"Y좌표1":285.727,"X좌표6":376.031,"Y좌표8":553.472,"X좌표7":336.031,"Y좌표7":557.468,"X좌표4":486.031,"Y좌표6":563.462,"X좌표5":432.031,"Y좌표5":565.46}],"원피스":[{}],"상의":[{"Y좌표9":309.704,"Y좌표22":25.9752,"Y좌표21":57.9447,"Y좌표20":57.9447,"X좌표19":384.031,"X좌표18":346.031,"X좌표17":308.031,"X좌표16":294.031,"X좌표15":266.031,"X좌표14":230.031,"X좌표13":270.031,"X좌표12":336.031,"X좌표11":388.031,"Y좌표4":73.9295,"X좌표10":438.031,"Y좌표3":65.9371,"Y좌표2":9.99047,"Y좌표1":9.99047,"Y좌표8":271.741,"Y좌표7":219.79,"Y좌표6":159.847,"Y좌표5":119.886,"Y좌표15":373.643,"Y좌표14":471.55,"X좌표8":496.031,"Y좌표17":97.9066,"X좌표9":456.031,"Y좌표16":161.846,"Y좌표11":295.718,"Y좌표10":309.704,"Y좌표13":493.529,"Y좌표12":283.729,"X좌표22":452.031,"X좌표2":488.031,"X좌표21":448.031,"X좌표3":532.031,"X좌표20":416.031,"X좌표1":456.031,"X좌표6":538.031,"Y좌표19":71.9314,"X좌표7":512.031,"Y좌표18":71.9314,"X좌표4":560.031,"X좌표5":568.031}]},"라벨링":{"스타일":[{"스타일":"스트리트"}],"아우터":[{}],"하의":[{"기장":"미니","색상":"레드","카테고리":"스커트","디테일":["플레어"],"소재":["린넨"],"프린트":["무지"],"핏":"노멀"}],"원피스":[{}],"상의":[{"색상":"화이트","카테고리":"니트웨어","디테일":["드롭숄더"],"소매기장":"긴팔","소재":["니트"],"프린트":["무지"],"넥라인":"라운드넥","핏":"루즈"}]}},"파일 번호":1216538,"파일 이름":"sk2863k07-sk2863k07-s_2.jpg"}}