{"이미지 정보":{"이미지 식별자":1220688,"이미지 높이":1049,"이미지 파일명":"vt067-vt067-s_15.jpg","이미지 너비":800},"데이터셋 정보":{"파일 생성일자":"2020-11-18 14:51:36","데이터셋 상세설명":{"렉트좌표":{"아우터":[{"X좌표":267.5,"Y좌표":9.49047,"가로":280,"세로":575}],"하의":[{}],"원피스":[{}],"상의":[{"X좌표":305.5,"Y좌표":33.4676,"가로":282,"세로":539}]},"폴리곤좌표":{"아우터":[{"X좌표8":548.0,"X좌표9":544.0,"Y좌표9":377.64,"Y좌표11":113.891,"Y좌표10":133.872,"X좌표11":488.0,"X좌표2":382.0,"Y좌표4":149.857,"X좌표10":512.0,"X좌표3":298.0,"Y좌표3":9.99047,"Y좌표2":9.99047,"X좌표1":488.0,"Y좌표1":115.889,"X좌표6":388.0,"Y좌표8":559.466,"X좌표7":504.0,"Y좌표7":561.464,"X좌표4":268.0,"Y좌표6":585.441,"X좌표5":272.0,"Y좌표5":573.453}],"하의":[{}],"원피스":[{}],"상의":[{"X좌표8":576.0,"X좌표9":490.0,"Y좌표9":241.769,"Y좌표10":87.9161,"X좌표2":386.0,"Y좌표4":183.825,"X좌표10":436.0,"X좌표3":318.0,"Y좌표3":61.9409,"Y좌표2":33.9676,"X좌표1":432.0,"Y좌표1":85.918,"X좌표6":500.0,"Y좌표8":499.523,"X좌표7":588.0,"Y좌표7":561.464,"X좌표4":306.0,"Y좌표6":573.453,"X좌표5":490.0,"Y좌표5":487.535}]},"라벨링":{"스타일":[{"스타일":"클래식"}],"아우터":[{"기장":"노말","색상":"베이지","카테고리":"베스트","소매기장":"민소매","소재":["우븐"],"프린트":["무지"],"핏":"노멀"}],"하의":[{}],"원피스":[{}],"상의":[{"색상":"화이트","카테고리":"블라우스","디테일":["퍼프"],"소매기장":"긴팔","소재":["우븐"],"프린트":["무지"]}]}},"파일 번호":1220688,"파일 이름":"vt067-vt067-s_15.jpg"}}