{"이미지 정보":{"이미지 식별자":1223168,"이미지 높이":1049,"이미지 파일명":"vt355k09-vt355k09-s_4.jpg","이미지 너비":800},"데이터셋 정보":{"파일 생성일자":"2020-11-18 15:06:35","데이터셋 상세설명":{"렉트좌표":{"아우터":[{"X좌표":93.5,"Y좌표":36.4961,"가로":629,"세로":771}],"하의":[{}],"원피스":[{}],"상의":[{"X좌표":115.5,"Y좌표":4.49947,"가로":613,"세로":723}]},"폴리곤좌표":{"아우터":[{"Y좌표9":748.143,"X좌표17":216.0,"X좌표16":369.0,"X좌표15":465.0,"X좌표14":517.0,"X좌표13":607.0,"X좌표12":723.0,"X좌표11":597.0,"Y좌표4":285.97,"X좌표10":618.0,"Y좌표3":160.983,"Y좌표2":94.9899,"Y좌표1":67.9928,"Y좌표8":808.137,"Y좌표7":665.152,"Y좌표6":326.965,"Y좌표5":257.973,"Y좌표15":46.995,"Y좌표14":36.9961,"X좌표8":150.0,"Y좌표17":61.9934,"X좌표9":228.0,"Y좌표16":193.979,"Y좌표11":365.961,"Y좌표10":720.146,"Y좌표13":73.9922,"Y좌표12":205.978,"X좌표2":150.0,"X좌표3":94.0,"X좌표1":222.0,"X좌표6":231.0,"X좌표7":146.0,"X좌표4":100.0,"X좌표5":185.0}],"하의":[{}],"원피스":[{}],"상의":[{"Y좌표9":445.953,"X좌표19":116.0,"X좌표18":239.0,"X좌표17":244.0,"X좌표16":286.0,"X좌표15":390.0,"X좌표14":435.0,"X좌표13":493.0,"X좌표12":697.0,"X좌표11":729.0,"Y좌표4":421.955,"X좌표10":628.0,"Y좌표3":551.942,"Y좌표2":505.946,"Y좌표1":277.971,"Y좌표8":179.981,"Y좌표7":177.981,"Y좌표6":301.968,"Y좌표5":294.969,"Y좌표15":70.9925,"Y좌표14":31.9966,"X좌표8":401.0,"Y좌표17":60.9935,"X좌표9":606.0,"Y좌표16":23.9975,"Y좌표11":728.145,"Y좌표10":707.147,"Y좌표13":4.99947,"Y좌표12":237.975,"X좌표2":210.0,"X좌표3":288.0,"X좌표1":119.0,"X좌표6":281.0,"Y좌표19":269.971,"X좌표7":351.0,"Y좌표18":112.988,"X좌표4":402.0,"X좌표5":337.0}]},"라벨링":{"스타일":[{"스타일":"클래식","서브스타일":"젠더리스"}],"아우터":[{"기장":"노말","색상":"베이지","카테고리":"베스트","소매기장":"반팔","소재":["니트"],"프린트":["무지"],"넥라인":"브이넥","핏":"루즈"}],"하의":[{}],"원피스":[{}],"상의":[{"기장":"노멀","색상":"화이트","카테고리":"셔츠","옷깃":"셔츠칼라","소매기장":"긴팔","소재":["우븐"],"프린트":["무지"],"핏":"노멀"}]}},"파일 번호":1223168,"파일 이름":"vt355k09-vt355k09-s_4.jpg"}}