{"이미지 정보":{"이미지 식별자":122540,"이미지 높이":800,"이미지 파일명":"POUND_052_10.jpg","이미지 너비":800},"데이터셋 정보":{"파일 생성일자":"2020-08-10 10:37:53","데이터셋 상세설명":{"렉트좌표":{"아우터":[{}],"하의":[{}],"원피스":[{}],"상의":[{"X좌표":31.5896,"Y좌표":1.53781,"가로":725,"세로":563}]},"폴리곤좌표":{"아우터":[{}],"하의":[{}],"원피스":[{}],"상의":[{"X좌표34":307.92,"X좌표33":391.868,"X좌표32":427.846,"X좌표31":467.821,"X좌표30":536.779,"X좌표8":111.041,"X좌표9":35.0878,"Y좌표33":80.9892,"Y좌표32":65.9984,"Y좌표34":59.0027,"Y좌표31":30.0206,"Y좌표30":51.0077,"X좌표2":233.965,"X좌표3":173.003,"X좌표1":305.921,"X좌표6":274.94,"X좌표7":164.008,"X좌표4":200.986,"X좌표5":227.969,"Y좌표26":232.896,"Y좌표25":256.881,"Y좌표28":152.945,"Y좌표9":106.973,"Y좌표27":199.916,"Y좌표22":382.803,"Y좌표21":397.794,"Y좌표24":299.854,"Y좌표23":355.82,"Y좌표20":478.744,"X좌표19":560.764,"X좌표18":449.832,"X좌표17":371.88,"X좌표16":259.949,"X좌표15":193.99,"X좌표14":196.988,"X좌표13":187.994,"X좌표12":156.013,"X좌표11":96.0502,"Y좌표4":64.999,"X좌표10":32.0896,"Y좌표3":100.977,"Y좌표2":82.988,"Y좌표1":63.0003,"Y좌표8":41.0138,"Y좌표7":5.03596,"Y좌표29":92.9818,"Y좌표6":2.03781,"Y좌표5":38.0157,"Y좌표15":541.706,"Y좌표14":458.757,"Y좌표17":563.692,"Y좌표16":545.703,"Y좌표11":187.923,"Y좌표10":149.947,"Y좌표13":299.854,"Y좌표12":208.91,"X좌표29":599.74,"X좌표28":695.681,"X좌표27":754.645,"X좌표26":757.643,"X좌표25":733.658,"X좌표24":679.691,"X좌표23":581.751,"X좌표22":526.785,"X좌표21":535.78,"X좌표20":554.768,"Y좌표19":548.701,"Y좌표18":565.691}]},"라벨링":{"스타일":[{"스타일":"스트리트"}],"아우터":[{}],"하의":[{"기장":"미니","카테고리":"스커트","디테일":["디스트로이드"],"소재":["데님"],"프린트":["무지"],"핏":"노멀"}],"원피스":[{}],"상의":[{"기장":"노멀","색상":"오렌지","카테고리":"니트웨어","디테일":["자수","단추"],"소매기장":"긴팔","소재":["니트"],"프린트":["무지"],"넥라인":"라운드넥","핏":"노멀"}]}},"파일 번호":122540,"파일 이름":"POUND_052_10.jpg"}}