{"이미지 정보":{"이미지 식별자":1237567,"이미지 높이":800,"이미지 파일명":"017-284-6,736-31,608---여기까지-PinkSpoon_158_03.jpg","이미지 너비":800},"데이터셋 정보":{"파일 생성일자":"2020-11-19 16:34:09","데이터셋 상세설명":{"렉트좌표":{"아우터":[{"X좌표":175.039,"Y좌표":1.45242,"가로":314,"세로":469}],"하의":[{"X좌표":265.878,"Y좌표":438.878,"가로":127,"세로":268}],"원피스":[{}],"상의":[{}]},"폴리곤좌표":{"아우터":[{"X좌표8":177.062,"X좌표9":205.241,"X좌표2":329.384,"X좌표3":294.35,"X좌표1":381.935,"X좌표6":193.056,"X좌표7":175.539,"X좌표4":261.601,"X좌표5":220.474,"Y좌표26":32.2538,"Y좌표25":59.6589,"Y좌표28":10.9387,"Y좌표9":238.702,"Y좌표27":20.835,"Y좌표22":188.03,"Y좌표21":210.868,"Y좌표24":74.884,"Y좌표23":148.445,"Y좌표20":232.183,"X좌표19":431.439,"X좌표18":485.514,"X좌표17":473.328,"X좌표16":416.969,"X좌표15":362.895,"X좌표14":292.065,"X좌표13":259.316,"X좌표12":220.474,"X좌표11":194.579,"Y좌표4":10.3262,"X좌표10":218.189,"Y좌표3":1.95242,"Y좌표2":1.95242,"Y좌표1":8.8037,"Y좌표8":199.117,"Y좌표7":142.023,"Y좌표6":80.3615,"Y좌표5":38.4926,"Y좌표15":471.216,"Y좌표14":465.887,"Y좌표17":460.559,"Y좌표16":465.126,"Y좌표11":455.23,"Y좌표10":266.107,"Y좌표13":468.171,"Y좌표12":464.365,"X좌표28":383.458,"X좌표27":404.783,"X좌표26":433.724,"X좌표25":447.433,"X좌표24":459.619,"X좌표23":482.467,"X좌표22":490.083,"X좌표21":473.328,"X좌표20":443.625,"Y좌표19":253.498,"Y좌표18":443.811}],"하의":[{"Y좌표9":708.214,"X좌표13":266.378,"X좌표12":279.145,"X좌표11":314.893,"Y좌표4":495.527,"X좌표10":316.596,"Y좌표3":449.587,"Y좌표2":449.587,"Y좌표1":441.93,"Y좌표8":708.214,"Y좌표7":697.155,"Y좌표6":645.259,"Y좌표5":560.184,"X좌표8":367.665,"X좌표9":335.321,"Y좌표11":659.722,"Y좌표10":698.005,"Y좌표13":439.378,"Y좌표12":656.319,"X좌표2":331.065,"X좌표3":393.199,"X좌표1":267.229,"X좌표6":385.539,"X좌표7":387.241,"X좌표4":394.05,"X좌표5":389.794}],"원피스":[{}],"상의":[{}]},"라벨링":{"스타일":[{"스타일":"스트리트"}],"아우터":[{"기장":"하프","색상":"베이지","서브색상":"블랙","카테고리":"짚업","소매기장":"긴팔","소재":["저지"],"프린트":["레터링"],"넥라인":"후드","핏":"루즈"}],"하의":[{"기장":"발목","색상":"스카이블루","카테고리":"청바지","소재":["데님"],"프린트":["무지"],"핏":"노멀"}],"원피스":[{}],"상의":[{}]}},"파일 번호":1237567,"파일 이름":"017-284-6,736-31,608---여기까지-PinkSpoon_158_03.jpg"}}