{"이미지 정보":{"이미지 식별자":1246644,"이미지 높이":1066,"이미지 파일명":"16030757-1 (446).jpg","이미지 너비":800},"데이터셋 정보":{"파일 생성일자":"2020-11-19 17:26:02","데이터셋 상세설명":{"렉트좌표":{"아우터":[{"X좌표":53.5,"Y좌표":2.49812,"가로":652,"세로":1036}],"하의":[{"X좌표":125.5,"Y좌표":738.038,"가로":450,"세로":325}],"원피스":[{}],"상의":[{}]},"폴리곤좌표":{"아우터":[{"Y좌표9":803.497,"X좌표17":63.0,"X좌표16":54.0,"X좌표15":118.0,"X좌표14":203.0,"X좌표13":386.0,"X좌표12":400.0,"X좌표11":522.0,"Y좌표4":2.99812,"X좌표10":600.0,"Y좌표3":75.9525,"Y좌표2":464.043,"Y좌표1":712.887,"Y좌표8":315.802,"Y좌표7":225.859,"Y좌표6":63.96,"Y좌표5":6.99562,"Y좌표15":869.456,"Y좌표14":850.468,"X좌표8":706.0,"Y좌표17":711.555,"X좌표9":696.0,"Y좌표16":799.5,"Y좌표11":1039.35,"Y좌표10":909.431,"Y좌표13":885.446,"Y좌표12":997.376,"X좌표2":118.0,"X좌표3":198.0,"X좌표1":62.0,"X좌표6":591.0,"X좌표7":680.0,"X좌표4":291.0,"X좌표5":516.0}],"하의":[{"X좌표8":202.0,"X좌표9":147.0,"Y좌표9":1039.68,"Y좌표10":966.728,"X좌표2":175.0,"Y좌표4":807.495,"X좌표10":126.0,"X좌표3":352.0,"Y좌표3":775.515,"Y좌표2":738.538,"X좌표1":126.0,"Y좌표1":959.4,"X좌표6":547.0,"Y좌표8":1063.67,"X좌표7":520.0,"Y좌표7":1062.67,"X좌표4":515.0,"Y좌표6":1055.67,"X좌표5":576.0,"Y좌표5":872.787}],"원피스":[{}],"상의":[{}]},"라벨링":{"스타일":[{"스타일":"스트리트"}],"아우터":[{"기장":"하프","색상":"베이지","카테고리":"재킷","옷깃":"밴드칼라","디테일":["포켓","단추","스트링"],"소매기장":"긴팔","소재":["울\/캐시미어"],"프린트":["무지"],"핏":"루즈"}],"하의":[{"기장":"미니","색상":"블랙","카테고리":"스커트","소재":["우븐"],"프린트":["무지"],"핏":"노멀"}],"원피스":[{}],"상의":[{}]}},"파일 번호":1246644,"파일 이름":"16030757-1 (446).jpg"}}