{"이미지 정보":{"이미지 식별자":1248408,"이미지 높이":1066,"이미지 파일명":"16030757-1 (3181).jpg","이미지 너비":800},"데이터셋 정보":{"파일 생성일자":"2020-11-19 17:40:58","데이터셋 상세설명":{"렉트좌표":{"아우터":[{"X좌표":16.2718,"Y좌표":0.506533,"가로":569,"세로":1035}],"하의":[{}],"원피스":[{}],"상의":[{}]},"폴리곤좌표":{"아우터":[{"Y좌표48":41.9898,"Y좌표47":1.00653,"Y좌표44":96.9674,"Y좌표43":172.048,"Y좌표46":2.00613,"Y좌표45":43.989,"Y좌표40":406.952,"Y좌표42":248.017,"Y좌표41":351.975,"X좌표39":572.0,"X좌표38":562.013,"X좌표37":530.058,"X좌표36":543.04,"X좌표35":537.048,"X좌표34":515.079,"X좌표33":502.097,"X좌표32":463.151,"X좌표31":418.213,"X좌표30":373.276,"Y좌표37":642.412,"Y좌표36":778.357,"X좌표8":99.6565,"Y좌표39":472.481,"X좌표9":77.6871,"Y좌표38":590.433,"Y좌표33":1036.25,"Y좌표32":1035.25,"Y좌표35":912.302,"Y좌표34":1000.27,"Y좌표31":1014.26,"Y좌표30":974.277,"X좌표48":295.384,"X좌표47":356.3,"X좌표46":444.177,"X좌표45":447.173,"X좌표44":479.129,"X좌표2":278.408,"X좌표43":514.08,"X좌표3":250.447,"X좌표42":547.034,"X좌표41":578.99,"X좌표1":297.382,"X좌표40":585.98,"X좌표6":160.572,"X좌표7":127.618,"X좌표4":220.488,"X좌표5":187.534,"Y좌표26":961.171,"Y좌표25":941.179,"Y좌표28":969.279,"Y좌표9":346.866,"Y좌표27":970.278,"Y좌표22":737.706,"Y좌표21":609.759,"Y좌표24":864.211,"Y좌표23":814.231,"Y좌표20":683.728,"X좌표19":130.613,"X좌표18":90.669,"X좌표17":39.7399,"X좌표16":16.7718,"X좌표15":27.7565,"X좌표14":63.7065,"X좌표13":102.652,"X좌표12":122.625,"X좌표11":138.602,"Y좌표4":66.9797,"X좌표10":102.652,"Y좌표3":17.9996,"Y좌표2":16.0004,"Y좌표1":45.9882,"Y좌표8":300.884,"Y좌표7":267.898,"Y좌표29":954.285,"Y좌표6":261.9,"Y좌표5":162.941,"Y좌표15":710.717,"Y좌표14":606.76,"Y좌표17":751.701,"Y좌표16":753.7,"Y좌표11":401.843,"Y좌표10":380.852,"Y좌표13":517.796,"Y좌표12":468.816,"X좌표29":339.323,"X좌표28":286.397,"X좌표27":215.495,"X좌표26":188.533,"X좌표25":192.527,"X좌표24":208.505,"X좌표23":174.552,"X좌표22":173.554,"X좌표21":160.572,"X좌표20":156.577,"Y좌표19":706.719,"Y좌표18":722.713}],"하의":[{}],"원피스":[{}],"상의":[{}]},"라벨링":{"스타일":[{"스타일":"스트리트"}],"아우터":[{"기장":"하프","색상":"블랙","서브색상":"화이트","카테고리":"점퍼","옷깃":"셔츠칼라","소매기장":"긴팔","소재":["우븐"],"프린트":["레터링"],"핏":"루즈"}],"하의":[{}],"원피스":[{}],"상의":[{}]}},"파일 번호":1248408,"파일 이름":"16030757-1 (3181).jpg"}}