{"이미지 정보":{"이미지 식별자":1257077,"이미지 높이":1066,"이미지 파일명":"팬츠-1-u_155677953310-001 (325)8.jpg","이미지 너비":800},"데이터셋 정보":{"파일 생성일자":"2020-11-19 19:35:22","데이터셋 상세설명":{"렉트좌표":{"아우터":[{"X좌표":70.0114,"Y좌표":-0.49147,"가로":634,"세로":773}],"하의":[{"X좌표":116.466,"Y좌표":500.511,"가로":492,"세로":512}],"원피스":[{}],"상의":[{"X좌표":291.466,"Y좌표":187.51,"가로":150,"세로":335}]},"폴리곤좌표":{"아우터":[{"X좌표32":479.966,"X좌표31":580.966,"X좌표30":655.966,"X좌표8":70.5114,"X좌표9":117.511,"Y좌표32":23.0087,"Y좌표31":53.0088,"Y좌표30":78.0089,"X좌표2":373.511,"X좌표3":321.511,"X좌표1":324.511,"X좌표6":162.511,"X좌표7":135.511,"X좌표4":220.511,"X좌표5":120.511,"Y좌표26":431.011,"Y좌표25":503.011,"Y좌표28":310.919,"Y좌표9":410.011,"Y좌표27":402.92,"Y좌표22":507.011,"Y좌표21":740.013,"Y좌표24":515.011,"Y좌표23":507.011,"Y좌표20":756.013,"X좌표19":478.511,"X좌표18":432.511,"X좌표17":430.511,"X좌표16":388.511,"X좌표15":484.511,"X좌표14":478.511,"X좌표13":321.511,"X좌표12":177.511,"X좌표11":98.5114,"Y좌표4":770.013,"X좌표10":91.5114,"Y좌표3":407.011,"Y좌표2":257.01,"Y좌표1":0.00852971,"Y좌표8":491.011,"Y좌표7":507.011,"Y좌표29":166.919,"Y좌표6":526.011,"Y좌표5":719.012,"Y좌표15":86.009,"Y좌표14":25.0087,"Y좌표17":516.011,"Y좌표16":237.01,"Y좌표11":158.009,"Y좌표10":355.01,"Y좌표13":3.00855,"Y좌표12":35.0087,"X좌표29":690.966,"X좌표28":704.966,"X좌표27":672.966,"X좌표26":645.511,"X좌표25":682.511,"X좌표24":656.511,"X좌표23":632.511,"X좌표22":585.511,"X좌표21":650.511,"X좌표20":572.511,"Y좌표19":773.013,"Y좌표18":769.013}],"하의":[{"Y좌표9":1005.83,"Y좌표22":738.831,"Y좌표21":874.831,"Y좌표24":507.829,"Y좌표23":765.831,"Y좌표20":908.832,"X좌표19":130.966,"X좌표18":172.966,"X좌표17":184.966,"X좌표16":290.966,"X좌표15":365.966,"X좌표14":370.966,"X좌표13":363.966,"X좌표12":536.966,"X좌표11":536.966,"Y좌표4":576.012,"X좌표10":556.966,"Y좌표3":517.011,"Y좌표2":519.011,"Y좌표1":501.011,"Y좌표8":968.832,"Y좌표7":741.013,"Y좌표6":752.013,"Y좌표5":764.013,"Y좌표15":960.832,"Y좌표14":877.831,"X좌표8":602.966,"Y좌표17":918.832,"X좌표9":591.966,"Y좌표16":926.832,"Y좌표11":1006.83,"Y좌표10":1013.83,"Y좌표13":961.832,"Y좌표12":949.832,"X좌표24":297.966,"X좌표23":220.966,"X좌표22":145.966,"X좌표2":388.966,"X좌표21":130.966,"X좌표3":437.966,"X좌표20":116.966,"X좌표1":293.966,"X좌표6":564.966,"Y좌표19":939.832,"X좌표7":608.966,"Y좌표18":964.832,"X좌표4":447.966,"X좌표5":440.966}],"원피스":[{}],"상의":[{"X좌표8":313.966,"X좌표9":360.966,"Y좌표9":258.01,"Y좌표10":188.01,"X좌표2":422.966,"Y좌표4":448.011,"X좌표10":348.966,"X좌표3":397.966,"Y좌표3":236.01,"Y좌표2":191.01,"X좌표1":346.966,"Y좌표1":188.01,"X좌표6":400.966,"Y좌표8":428.011,"X좌표7":291.966,"Y좌표7":499.011,"X좌표4":430.966,"Y좌표6":523.011,"X좌표5":441.966,"Y좌표5":515.011}]},"라벨링":{"스타일":[{"스타일":"스트리트"}],"아우터":[{"기장":"노말","색상":"베이지","카테고리":"재킷","디테일":["퍼프"],"소매기장":"반팔","소재":["우븐"],"핏":"루즈"}],"하의":[{"기장":"미니","색상":"스카이블루","카테고리":"청바지","디테일":["퍼트리밍"],"소재":["데님"],"핏":"와이드"}],"원피스":[{}],"상의":[{"카테고리":"탑","소재":["저지"],"프린트":["무지"],"넥라인":"라운드넥","핏":"노멀"}]}},"파일 번호":1257077,"파일 이름":"팬츠-1-u_155677953310-001 (325)8.jpg"}}