{"이미지 정보":{"이미지 식별자":1271337,"이미지 높이":1066,"이미지 파일명":"20201117_235140_274팬츠-159965491997295100_1794009833.jpg","이미지 너비":800},"데이터셋 정보":{"파일 생성일자":"2020-11-24 16:14:56","데이터셋 상세설명":{"렉트좌표":{"아우터":[{}],"하의":[{"X좌표":225.519,"Y좌표":375.798,"가로":392,"세로":567}],"원피스":[{}],"상의":[{"X좌표":180.581,"Y좌표":6.50409,"가로":351,"세로":395}]},"폴리곤좌표":{"아우터":[{}],"하의":[{"X좌표8":364.826,"X좌표9":357.836,"X좌표2":226.019,"X좌표3":238.002,"X좌표1":234.008,"X좌표6":315.894,"X좌표7":355.838,"X좌표4":252.981,"X좌표5":274.951,"Y좌표26":401.288,"Y좌표25":403.287,"Y좌표9":758.143,"Y좌표27":387.294,"Y좌표22":742.149,"Y좌표21":834.112,"Y좌표24":376.298,"Y좌표23":473.259,"Y좌표20":882.092,"X좌표19":600.498,"X좌표18":618.473,"X좌표17":580.526,"X좌표16":526.601,"X좌표15":499.638,"X좌표14":433.73,"X좌표13":374.812,"X좌표12":354.84,"X좌표11":355.838,"Y좌표4":864.099,"X좌표10":344.854,"Y좌표3":757.143,"Y좌표2":583.214,"Y좌표1":387.294,"Y좌표8":882.092,"Y좌표7":936.07,"Y좌표6":944.067,"Y좌표5":940.068,"Y좌표15":895.087,"Y좌표14":733.153,"Y좌표17":938.069,"Y좌표16":943.067,"Y좌표11":666.18,"Y좌표10":702.165,"Y좌표13":571.219,"Y좌표12":627.196,"X좌표27":234.008,"X좌표26":300.915,"X좌표25":359.833,"X좌표24":460.693,"X좌표23":507.627,"X좌표22":568.543,"X좌표21":594.506,"X좌표20":585.519,"Y좌표19":884.091,"Y좌표18":914.079}],"원피스":[{}],"상의":[{"Y좌표9":402.843,"X좌표19":327.877,"X좌표18":358.834,"X좌표17":414.756,"X좌표16":449.708,"X좌표15":498.64,"X좌표14":520.609,"X좌표13":532.593,"X좌표12":477.669,"X좌표11":492.648,"Y좌표4":220.917,"X좌표10":442.718,"Y좌표3":109.962,"Y좌표2":17.9996,"Y좌표1":8.00368,"Y좌표8":395.846,"Y좌표7":372.855,"Y좌표6":319.877,"Y좌표5":298.885,"Y좌표15":58.9829,"Y좌표14":108.963,"X좌표8":257.975,"Y좌표17":16.0004,"X좌표9":339.861,"Y좌표16":7.00409,"Y좌표11":370.856,"Y좌표10":372.855,"Y좌표13":257.902,"Y좌표12":318.877,"X좌표2":245.991,"X좌표3":194.063,"X좌표1":330.873,"X좌표6":226.019,"Y좌표19":11.0025,"X좌표7":209.043,"Y좌표18":26.9959,"X좌표4":181.081,"X좌표5":203.051}]},"라벨링":{"스타일":[{"스타일":"스포티","서브스타일":"스트리트"}],"아우터":[{}],"하의":[{"기장":"발목","색상":"그레이","카테고리":"조거팬츠","소재":["저지"],"프린트":["레터링"],"핏":"루즈"}],"원피스":[{}],"상의":[{"기장":"노멀","색상":"그레이","서브색상":"그린","카테고리":"티셔츠","디테일":["드롭숄더"],"소매기장":"긴팔","소재":["저지"],"프린트":["레터링"],"넥라인":"라운드넥","핏":"루즈"}]}},"파일 번호":1271337,"파일 이름":"20201117_235140_274팬츠-159965491997295100_1794009833.jpg"}}