{"이미지 정보":{"이미지 식별자":1283128,"이미지 높이":800,"이미지 파일명":"gjkrle_ (4457).JPG","이미지 너비":800},"데이터셋 정보":{"파일 생성일자":"2020-11-25 15:51:27","데이터셋 상세설명":{"렉트좌표":{"아우터":[{}],"하의":[{"X좌표":160.63,"Y좌표":239.167,"가로":238,"세로":487}],"원피스":[{}],"상의":[{"X좌표":143.654,"Y좌표":3.49444,"가로":310,"세로":321}]},"폴리곤좌표":{"아우터":[{}],"하의":[{"X좌표31":346.872,"X좌표30":282.961,"X좌표8":336.886,"X좌표9":319.909,"Y좌표31":273.619,"Y좌표30":269.625,"X좌표2":375.831,"X좌표3":392.808,"X좌표1":356.858,"X좌표6":372.836,"X좌표7":355.859,"X좌표4":399.798,"X좌표5":390.811,"Y좌표26":470.346,"Y좌표25":577.197,"Y좌표28":239.667,"Y좌표9":722.994,"Y좌표27":271.622,"Y좌표22":674.062,"Y좌표21":675.061,"Y좌표24":611.15,"Y좌표23":655.089,"Y좌표20":682.051,"X좌표19":228.037,"X좌표18":253.002,"X좌표17":270.977,"X좌표16":274.972,"X좌표15":260.991,"X좌표14":266.983,"X좌표13":275.97,"X좌표12":279.965,"X좌표11":284.958,"Y좌표4":693.036,"X좌표10":296.941,"Y좌표3":543.244,"Y좌표2":315.561,"Y좌표1":271.622,"Y좌표8":724.992,"Y좌표7":726.989,"Y좌표29":251.65,"Y좌표6":722.994,"Y좌표5":715.006,"Y좌표15":597.169,"Y좌표14":471.344,"Y좌표17":674.062,"Y좌표16":637.114,"Y좌표11":719.0,"Y좌표10":722.994,"Y좌표13":615.144,"Y좌표12":710.013,"X좌표29":235.027,"X좌표28":188.093,"X좌표27":177.108,"X좌표26":161.13,"X좌표25":183.099,"X좌표24":195.083,"X좌표23":187.094,"X좌표22":193.086,"X좌표21":208.065,"X좌표20":221.047,"Y좌표19":702.024,"Y좌표18":701.025}],"원피스":[{}],"상의":[{"X좌표39":211.061,"X좌표38":144.154,"X좌표37":148.148,"X좌표36":159.133,"X좌표35":169.119,"X좌표34":171.116,"X좌표33":167.122,"X좌표32":179.105,"X좌표31":196.081,"X좌표30":209.063,"Y좌표37":127.822,"Y좌표36":133.814,"X좌표8":360.852,"Y좌표39":7.98889,"X좌표9":363.848,"Y좌표38":50.9292,"Y좌표33":222.69,"Y좌표32":245.658,"Y좌표35":173.758,"Y좌표34":190.735,"Y좌표31":255.644,"Y좌표30":262.635,"X좌표2":211.061,"X좌표3":224.043,"X좌표1":209.063,"X좌표6":302.933,"X좌표7":332.891,"X좌표4":233.03,"X좌표5":270.977,"Y좌표26":287.6,"Y좌표25":314.562,"Y좌표28":278.613,"Y좌표9":3.99444,"Y좌표27":279.611,"Y좌표22":310.568,"Y좌표21":289.597,"Y좌표24":325.547,"Y좌표23":321.553,"Y좌표20":267.628,"X좌표19":410.783,"X좌표18":430.755,"X좌표17":450.727,"X좌표16":450.727,"X좌표15":454.722,"X좌표14":448.73,"X좌표13":435.748,"X좌표12":428.758,"X좌표11":416.774,"Y좌표4":115.839,"X좌표10":404.791,"Y좌표3":89.875,"Y좌표2":59.9167,"Y좌표1":11.9833,"Y좌표8":22.9681,"Y좌표7":42.9403,"Y좌표29":275.617,"Y좌표6":71.9,"Y좌표5":95.8667,"Y좌표15":215.7,"Y좌표14":173.758,"Y좌표17":261.636,"Y좌표16":245.658,"Y좌표11":30.9569,"Y좌표10":14.9792,"Y좌표13":98.8625,"Y좌표12":58.9181,"X좌표29":236.026,"X좌표28":271.976,"X좌표27":298.938,"X좌표26":319.909,"X좌표25":342.877,"X좌표24":360.852,"X좌표23":375.831,"X좌표22":379.826,"X좌표21":384.819,"X좌표20":378.827,"Y좌표19":275.617,"Y좌표18":271.622}]},"라벨링":{"스타일":[{"스타일":"스트리트","서브스타일":"로맨틱"}],"아우터":[{}],"하의":[{"기장":"발목","색상":"블랙","카테고리":"팬츠","소재":["저지"],"프린트":["무지"],"핏":"와이드"}],"원피스":[{}],"상의":[{"기장":"노멀","색상":"라벤더","카테고리":"니트웨어","디테일":["단추"],"소매기장":"반팔","소재":["니트"],"프린트":["무지"],"넥라인":"브이넥","핏":"노멀"}]}},"파일 번호":1283128,"파일 이름":"gjkrle_ (4457).JPG"}}