{"이미지 정보":{"이미지 식별자":12983,"이미지 높이":800,"이미지 파일명":"Lounge-Vera_044_03.jpg","이미지 너비":800},"데이터셋 정보":{"파일 생성일자":"2020-08-06 05:45:58","데이터셋 상세설명":{"렉트좌표":{"아우터":[{}],"하의":[{"X좌표":350.293,"Y좌표":245.72,"가로":258,"세로":531}],"원피스":[{}],"상의":[{"X좌표":328.324,"Y좌표":1.50416,"가로":310,"세로":439}]},"폴리곤좌표":{"아우터":[{}],"하의":[{"Y좌표9":777.481,"Y좌표21":264.195,"Y좌표20":246.22,"X좌표19":454.649,"X좌표18":511.57,"X좌표17":563.497,"X좌표16":591.459,"X좌표15":609.434,"X좌표14":607.436,"X좌표13":591.459,"X좌표12":575.481,"X좌표11":570.488,"Y좌표4":526.275,"X좌표10":524.552,"Y좌표3":430.408,"Y좌표2":327.551,"Y좌표1":262.642,"Y좌표8":765.498,"Y좌표7":735.983,"Y좌표6":705.026,"Y좌표5":620.144,"Y좌표15":353.071,"Y좌표14":437.953,"X좌표8":393.734,"Y좌표17":266.192,"X좌표9":428.685,"Y좌표16":287.163,"Y좌표11":771.489,"Y좌표10":774.485,"Y좌표13":584.749,"Y좌표12":726.552,"X좌표2":375.759,"X좌표21":399.725,"X좌표3":355.786,"X좌표20":423.692,"X좌표1":404.718,"X좌표6":365.772,"Y좌표19":253.21,"X좌표7":369.767,"Y좌표18":265.194,"X좌표4":350.793,"X좌표5":369.767}],"원피스":[{}],"상의":[{"X좌표8":372.763,"X좌표9":404.718,"X좌표2":430.682,"X좌표3":367.77,"X좌표1":438.671,"X좌표6":328.824,"X좌표7":350.793,"X좌표4":350.793,"X좌표5":343.803,"Y좌표25":6.99721,"Y좌표9":296.594,"Y좌표22":2.00416,"Y좌표21":33.9597,"Y좌표24":29.9653,"Y좌표23":22.975,"Y좌표20":40.95,"X좌표19":620.418,"X좌표18":635.397,"X좌표17":635.397,"X좌표16":639.392,"X좌표15":601.445,"X좌표14":570.488,"X좌표13":579.475,"X좌표12":554.51,"X좌표11":533.539,"Y좌표4":139.812,"X좌표10":447.659,"Y좌표3":65.9153,"Y좌표2":49.9375,"Y좌표1":9.99304,"Y좌표8":418.425,"Y좌표7":428.411,"Y좌표6":415.429,"Y좌표5":261.643,"Y좌표15":441.393,"Y좌표14":421.421,"Y좌표17":249.66,"Y좌표16":432.406,"Y좌표11":283.612,"Y좌표10":281.615,"Y좌표13":368.494,"Y좌표12":288.606,"X좌표25":444.663,"X좌표24":463.636,"X좌표23":495.592,"X좌표22":522.554,"X좌표21":535.536,"X좌표20":561.5,"Y좌표19":50.9361,"Y좌표18":125.832}]},"라벨링":{"스타일":[{"스타일":"소피스트케이티드"}],"아우터":[{}],"하의":[{"기장":"미디","색상":"카키","서브색상":"블랙","카테고리":"스커트","디테일":["단추"],"소재":["울\/캐시미어"],"프린트":["체크"],"핏":"스키니"}],"원피스":[{}],"상의":[{"색상":"블랙","카테고리":"티셔츠","소매기장":"긴팔","소재":["저지"],"프린트":["무지"],"넥라인":"터틀넥","핏":"타이트"}]}},"파일 번호":12983,"파일 이름":"Lounge-Vera_044_03.jpg"}}