{"이미지 정보":{"이미지 식별자":1328151,"이미지 높이":1049,"이미지 파일명":"ops2997c8b-s_7.jpg","이미지 너비":800},"데이터셋 정보":{"파일 생성일자":"2020-11-26 19:12:36","데이터셋 상세설명":{"렉트좌표":{"아우터":[{}],"하의":[{}],"원피스":[{"X좌표":224.631,"Y좌표":-0.493058,"가로":498,"세로":819}],"상의":[{}]},"폴리곤좌표":{"아우터":[{}],"하의":[{}],"원피스":[{"X좌표34":573.647,"X좌표33":556.67,"X좌표32":556.67,"X좌표31":554.673,"X좌표30":529.708,"X좌표8":627.572,"X좌표9":627.572,"Y좌표33":485.736,"Y좌표32":585.727,"Y좌표34":431.742,"Y좌표31":763.709,"Y좌표30":815.704,"X좌표2":636.559,"X좌표3":658.529,"X좌표1":571.649,"X좌표6":719.444,"X좌표7":675.505,"X좌표4":723.438,"X좌표5":708.459,"Y좌표26":716.714,"Y좌표25":787.706,"Y좌표28":819.703,"Y좌표9":282.979,"Y좌표27":811.704,"Y좌표22":503.957,"Y좌표21":492.958,"Y좌표24":748.932,"Y좌표23":555.952,"Y좌표20":446.963,"X좌표19":226.13,"X좌표18":252.094,"X좌표17":338.973,"X좌표16":356.948,"X좌표15":434.84,"X좌표14":459.805,"X좌표13":483.772,"X좌표12":510.734,"X좌표11":544.687,"Y좌표4":438.963,"X좌표10":569.652,"Y좌표3":473.96,"Y좌표2":456.962,"Y좌표1":433.964,"Y좌표8":312.976,"Y좌표7":335.974,"Y좌표29":791.706,"Y좌표6":383.969,"Y좌표5":415.966,"Y좌표15":8.00615,"Y좌표14":50.002,"Y좌표17":33.0037,"Y좌표16":0.00694206,"Y좌표11":51.0019,"Y좌표10":110.996,"Y좌표13":78.9991,"Y좌표12":51.0019,"X좌표29":409.874,"X좌표28":365.935,"X좌표27":311.012,"X좌표26":300.027,"X좌표25":287.045,"X좌표24":225.131,"X좌표23":255.09,"X좌표22":289.042,"X좌표21":260.083,"X좌표20":250.097,"Y좌표19":270.98,"Y좌표18":197.987}],"상의":[{}]},"라벨링":{"스타일":[{"스타일":"스트리트","서브스타일":"모던"}],"아우터":[{}],"하의":[{}],"원피스":[{"기장":"발목","색상":"블랙","카테고리":"드레스","디테일":["드롭숄더","슬릿"],"소매기장":"긴팔","소재":["저지"],"프린트":["무지"],"넥라인":"후드","핏":"오버사이즈"}],"상의":[{}]}},"파일 번호":1328151,"파일 이름":"ops2997c8b-s_7.jpg"}}