{"이미지 정보":{"이미지 식별자":1331934,"이미지 높이":1049,"이미지 파일명":"t4921k09-s_7.jpg","이미지 너비":800},"데이터셋 정보":{"파일 생성일자":"2020-11-26 19:38:29","데이터셋 상세설명":{"렉트좌표":{"아우터":[{}],"하의":[{"X좌표":187.722,"Y좌표":527.666,"가로":400,"세로":511}],"원피스":[{}],"상의":[{"X좌표":125.5,"Y좌표":-1.16659,"가로":574,"세로":576}]},"폴리곤좌표":{"아우터":[{}],"하의":[{"X좌표8":228.222,"X좌표2":190.0,"Y좌표4":1039.22,"X좌표3":188.222,"Y좌표3":1037.45,"Y좌표2":858.798,"X좌표1":228.222,"Y좌표1":551.275,"X좌표6":569.556,"Y좌표8":553.941,"X좌표7":446.0,"Y좌표7":567.273,"X좌표4":582.0,"Y좌표6":528.166,"X좌표5":588.222,"Y좌표5":779.695}],"원피스":[{}],"상의":[{"Y좌표9":576.161,"Y좌표22":6.44378,"Y좌표21":73.1034,"Y좌표20":98.8784,"X좌표19":457.556,"X좌표18":566.889,"X좌표17":574.889,"X좌표16":633.556,"X좌표15":672.667,"X좌표14":700.222,"X좌표13":669.111,"X좌표12":640.667,"X좌표11":592.667,"Y좌표4":351.296,"X좌표10":545.556,"Y좌표3":194.868,"Y좌표2":67.7706,"Y좌표1":5.55498,"Y좌표8":553.941,"Y좌표7":516.612,"Y좌표6":500.614,"Y좌표5":422.4,"Y좌표15":188.647,"Y좌표14":353.074,"X좌표8":219.333,"Y좌표17":44.6619,"X좌표9":437.111,"Y좌표16":66.8818,"Y좌표11":568.162,"Y좌표10":543.276,"Y좌표13":522.834,"Y좌표12":535.277,"X좌표22":291.333,"X좌표2":193.556,"X좌표21":370.444,"X좌표3":142.0,"X좌표20":434.444,"X좌표1":288.667,"X좌표6":181.111,"Y좌표19":-0.666593,"X좌표7":206.889,"Y좌표18":8.22136,"X좌표4":126.0,"X좌표5":126.889}]},"라벨링":{"스타일":[{"스타일":"스트리트"}],"아우터":[{}],"하의":[{"기장":"미디","색상":"베이지","카테고리":"스커트","소재":["우븐"],"프린트":["무지"],"핏":"와이드"}],"원피스":[{}],"상의":[{"기장":"크롭","색상":"그린","서브색상":"민트","카테고리":"후드티","디테일":["스트링"],"소매기장":"긴팔","소재":["저지"],"프린트":["무지","스트라이프"],"핏":"루즈"}]}},"파일 번호":1331934,"파일 이름":"t4921k09-s_7.jpg"}}