{"이미지 정보":{"이미지 식별자":1346416,"이미지 높이":1049,"이미지 파일명":"bqwertf-(2317).jpg","이미지 너비":800},"데이터셋 정보":{"파일 생성일자":"2020-12-08 12:58:42","데이터셋 상세설명":{"렉트좌표":{"아우터":[{}],"하의":[{"X좌표":257.5,"Y좌표":403.823,"가로":285,"세로":575}],"원피스":[{}],"상의":[{"X좌표":205.5,"Y좌표":5.49886,"가로":399,"세로":495}]},"폴리곤좌표":{"아우터":[{}],"하의":[{"Y좌표9":980.213,"Y좌표21":480.308,"Y좌표20":480.308,"X좌표19":392.0,"X좌표18":496.0,"X좌표17":524.0,"X좌표16":540.0,"X좌표15":541.0,"X좌표14":516.0,"X좌표13":515.0,"X좌표12":543.0,"X좌표11":512.0,"Y좌표4":922.224,"X좌표10":468.0,"Y좌표3":820.244,"Y좌표2":668.273,"Y좌표1":485.307,"Y좌표8":956.218,"Y좌표7":916.225,"Y좌표6":952.218,"Y좌표5":956.218,"Y좌표15":488.307,"Y좌표14":641.278,"X좌표8":417.0,"Y좌표17":407.322,"X좌표9":442.0,"Y좌표16":429.318,"Y좌표11":980.213,"Y좌표10":980.213,"Y좌표13":776.252,"Y좌표12":939.221,"X좌표2":259.0,"X좌표21":260.0,"X좌표3":280.0,"X좌표20":299.0,"X좌표1":258.0,"X좌표6":381.0,"Y좌표19":467.311,"X좌표7":409.0,"Y좌표18":404.323,"X좌표4":286.0,"X좌표5":316.0}],"원피스":[{}],"상의":[{"Y좌표9":484.908,"Y좌표22":21.9958,"Y좌표21":42.9918,"Y좌표20":55.9893,"X좌표19":436.0,"X좌표18":464.0,"X좌표17":496.0,"X좌표16":535.0,"X좌표15":576.0,"X좌표14":605.0,"X좌표13":590.0,"X좌표12":569.0,"X좌표11":532.0,"Y좌표4":230.956,"X좌표10":514.0,"Y좌표3":89.9828,"Y좌표2":45.9912,"Y좌표1":21.9958,"Y좌표8":501.904,"Y좌표7":465.911,"Y좌표6":360.931,"Y좌표5":325.938,"Y좌표15":79.9847,"Y좌표14":203.961,"X좌표8":280.0,"Y좌표17":11.9977,"X좌표9":412.0,"Y좌표16":17.9966,"Y좌표11":465.911,"Y좌표10":444.915,"Y좌표13":341.935,"Y좌표12":429.918,"X좌표22":305.0,"X좌표2":258.0,"X좌표21":330.0,"X좌표3":218.0,"X좌표20":384.0,"X좌표1":303.0,"X좌표6":246.0,"Y좌표19":39.9924,"X좌표7":236.0,"Y좌표18":5.99886,"X좌표4":206.0,"X좌표5":237.0}]},"라벨링":{"스타일":[{"스타일":"스트리트","서브스타일":"젠더리스"}],"아우터":[{}],"하의":[{"기장":"맥시","색상":"그레이","카테고리":"조거팬츠","디테일":["포켓"],"소재":["저지"],"핏":"루즈"}],"원피스":[{}],"상의":[{"기장":"롱","색상":"그레이","카테고리":"셔츠","소매기장":"긴팔","소재":["저지"],"넥라인":"라운드넥","핏":"오버사이즈"}]}},"파일 번호":1346416,"파일 이름":"bqwertf-(2317).jpg"}}