{"이미지 정보":{"이미지 식별자":163708,"이미지 높이":800,"이미지 파일명":"LIME_035_12.jpg","이미지 너비":800},"데이터셋 정보":{"파일 생성일자":"2020-08-18 10:23:12","데이터셋 상세설명":{"렉트좌표":{"아우터":[{"X좌표":119.067,"Y좌표":-0.460962,"가로":568,"세로":797}],"하의":[{}],"원피스":[{}],"상의":[{}]},"폴리곤좌표":{"아우터":[{"Y좌표40":76.9917,"Y좌표42":6.03535,"Y좌표41":26.023,"X좌표39":362.418,"X좌표38":385.403,"X좌표37":458.358,"X좌표36":466.354,"X좌표35":445.366,"X좌표34":632.251,"X좌표33":641.246,"X좌표32":653.238,"X좌표31":631.252,"X좌표30":605.268,"Y좌표37":56.0046,"Y좌표36":39.015,"X좌표8":166.538,"Y좌표39":103.975,"X좌표9":139.555,"Y좌표38":124.962,"Y좌표33":30.0206,"Y좌표32":70.9954,"Y좌표35":5.03596,"Y좌표34":2.03781,"Y좌표31":121.964,"Y좌표30":146.949,"X좌표2":154.545,"X좌표3":160.542,"X좌표42":337.433,"X좌표41":317.445,"X좌표1":335.434,"X좌표40":344.429,"X좌표6":175.533,"X좌표7":163.54,"X좌표4":175.533,"X좌표5":202.516,"Y좌표26":484.741,"Y좌표25":593.674,"Y좌표28":262.877,"Y좌표9":430.774,"Y좌표27":364.814,"Y좌표22":682.619,"Y좌표21":703.606,"Y좌표24":649.639,"Y좌표23":671.626,"Y좌표20":733.587,"X좌표19":635.25,"X좌표18":152.547,"X좌표17":160.542,"X좌표16":155.545,"X좌표15":166.538,"X좌표14":152.547,"X좌표13":125.563,"X좌표12":128.561,"X좌표11":119.567,"Y좌표4":89.9837,"X좌표10":128.561,"Y좌표3":44.012,"Y좌표2":0.0390385,"Y좌표1":2.03781,"Y좌표8":265.875,"Y좌표7":247.886,"Y좌표29":224.901,"Y좌표6":197.917,"Y좌표5":94.9806,"Y좌표15":655.635,"Y좌표14":656.635,"Y좌표17":752.576,"Y좌표16":722.594,"Y좌표11":617.659,"Y좌표10":524.716,"Y좌표13":640.645,"Y좌표12":620.657,"X좌표29":629.253,"X좌표28":638.248,"X좌표27":658.235,"X좌표26":677.224,"X좌표25":688.217,"X좌표24":685.219,"X좌표23":662.233,"X좌표22":617.261,"X좌표21":619.259,"X좌표20":635.25,"Y좌표19":793.551,"Y좌표18":797.548}],"하의":[{}],"원피스":[{}],"상의":[{}]},"라벨링":{"스타일":[{"스타일":"스트리트","서브스타일":"페미닌"}],"아우터":[{"색상":"베이지","카테고리":"패딩","디테일":["퍼트리밍","띠","퀄팅"],"소매기장":"긴팔","소재":["패딩"],"프린트":["무지"],"핏":"노멀"}],"하의":[{}],"원피스":[{}],"상의":[{}]}},"파일 번호":163708,"파일 이름":"LIME_035_12.jpg"}}