{"이미지 정보":{"이미지 식별자":182233,"이미지 높이":800,"이미지 파일명":"doorim_1170_11.jpg","이미지 너비":800},"데이터셋 정보":{"파일 생성일자":"2020-09-03 01:29:00","데이터셋 상세설명":{"렉트좌표":{"아우터":[{}],"하의":[{}],"원피스":[{"X좌표":232.933,"Y좌표":-1.50001,"가로":324,"세로":650}],"상의":[{}]},"폴리곤좌표":{"아우터":[{}],"하의":[{}],"원피스":[{"Y좌표9":645.0,"Y좌표21":77.0,"Y좌표20":5.99999,"X좌표19":306.433,"X좌표18":279.433,"X좌표17":253.433,"X좌표16":309.433,"X좌표15":306.433,"X좌표14":291.433,"X좌표13":273.433,"X좌표12":249.433,"X좌표11":233.433,"Y좌표4":99.0,"X좌표10":278.433,"Y좌표3":4.99999,"Y좌표2":-1.00001,"Y좌표1":79.0,"Y좌표8":642.0,"Y좌표7":594.0,"Y좌표6":397.0,"Y좌표5":145.0,"Y좌표15":232.0,"Y좌표14":316.0,"X좌표8":501.433,"Y좌표17":119.0,"X좌표9":389.433,"Y좌표16":158.0,"Y좌표11":615.0,"Y좌표10":650.0,"Y좌표13":448.0,"Y좌표12":514.0,"X좌표2":422.433,"X좌표21":386.433,"X좌표3":506.433,"X좌표20":357.433,"X좌표1":379.433,"X좌표6":485.433,"Y좌표19":7.99999,"X좌표7":558.433,"Y좌표18":52.0,"X좌표4":555.433,"X좌표5":499.433}],"상의":[{}]},"라벨링":{"스타일":[{"스타일":"페미닌"}],"아우터":[{}],"하의":[{}],"원피스":[{"기장":"발목","색상":"민트","카테고리":"드레스","옷깃":"테일러드칼라","디테일":["셔링","포켓"],"소매기장":"반팔","소재":["우븐"],"프린트":["무지"],"핏":"오버사이즈"}],"상의":[{}]}},"파일 번호":182233,"파일 이름":"doorim_1170_11.jpg"}}