{"이미지 정보":{"이미지 식별자":190638,"이미지 높이":800,"이미지 파일명":"byhoney_031_19.jpg","이미지 너비":800},"데이터셋 정보":{"파일 생성일자":"2020-09-07 01:48:02","데이터셋 상세설명":{"렉트좌표":{"아우터":[{}],"하의":[{}],"원피스":[{"X좌표":157.19,"Y좌표":-0.479969,"가로":282,"세로":690}],"상의":[{}]},"폴리곤좌표":{"아우터":[{}],"하의":[{}],"원피스":[{"Y좌표9":453.598,"X좌표19":173.675,"X좌표18":157.69,"X좌표17":170.677,"X좌표16":187.662,"X좌표15":174.674,"X좌표14":200.65,"X좌표13":262.592,"X좌표12":354.507,"X좌표11":423.443,"Y좌표4":4.01632,"X좌표10":437.43,"Y좌표3":0.0200314,"Y좌표2":0.0200314,"Y좌표1":14.007,"Y좌표8":318.724,"Y좌표7":221.814,"Y좌표6":134.895,"Y좌표5":22.9987,"Y좌표15":612.451,"Y좌표14":673.394,"X좌표8":411.454,"Y좌표17":262.776,"X좌표9":440.427,"Y좌표16":433.617,"Y좌표11":624.44,"Y좌표10":559.5,"Y좌표13":690.378,"Y좌표12":669.398,"X좌표2":204.646,"X좌표3":257.597,"X좌표1":174.674,"X좌표6":414.451,"Y좌표19":14.007,"X좌표7":427.439,"Y좌표18":157.873,"X좌표4":331.528,"X좌표5":370.492}],"상의":[{}]},"라벨링":{"스타일":[{"스타일":"스트리트","서브스타일":"스포티"}],"아우터":[{}],"하의":[{}],"원피스":[{"기장":"미디","색상":"그레이","카테고리":"드레스","디테일":["드롭숄더"],"소매기장":"반팔","소재":["우븐"],"프린트":["무지"],"핏":"루즈"}],"상의":[{}]}},"파일 번호":190638,"파일 이름":"byhoney_031_19.jpg"}}