{"이미지 정보":{"이미지 식별자":200326,"이미지 높이":800,"이미지 파일명":"Dlap_024_09.jpg","이미지 너비":800},"데이터셋 정보":{"파일 생성일자":"2020-09-07 02:28:03","데이터셋 상세설명":{"렉트좌표":{"아우터":[{}],"하의":[{"X좌표":424.864,"Y좌표":348.504,"가로":297,"세로":450}],"원피스":[{}],"상의":[{"X좌표":359.864,"Y좌표":3.50379,"가로":389,"세로":498}]},"폴리곤좌표":{"아우터":[{}],"하의":[{"X좌표8":425.364,"X좌표2":696.364,"Y좌표4":793.004,"X좌표3":722.364,"Y좌표3":763.004,"Y좌표2":349.004,"X좌표1":429.364,"Y좌표1":365.004,"X좌표6":472.364,"Y좌표8":364.004,"X좌표7":428.364,"Y좌표7":501.004,"X좌표4":674.364,"Y좌표6":786.004,"X좌표5":546.364,"Y좌표5":799.004}],"원피스":[{}],"상의":[{"Y좌표9":336.004,"Y좌표22":66.0038,"Y좌표21":106.004,"Y좌표20":258.004,"X좌표19":360.364,"X좌표18":372.364,"X좌표17":448.364,"X좌표16":454.364,"X좌표15":579.364,"X좌표14":663.364,"X좌표13":677.364,"X좌표12":700.364,"X좌표11":749.364,"Y좌표4":9.00379,"X좌표10":749.364,"Y좌표3":4.00379,"Y좌표2":15.0038,"Y좌표1":66.0038,"Y좌표8":247.004,"Y좌표7":129.004,"Y좌표6":54.0038,"Y좌표5":29.0038,"Y좌표15":427.004,"Y좌표14":404.004,"X좌표8":726.364,"Y좌표17":498.004,"X좌표9":745.364,"Y좌표16":430.004,"Y좌표11":495.004,"Y좌표10":418.004,"Y좌표13":493.004,"Y좌표12":502.004,"X좌표22":412.364,"X좌표2":475.364,"X좌표21":400.364,"X좌표3":512.364,"X좌표20":377.364,"X좌표1":411.364,"X좌표6":708.364,"Y좌표19":425.004,"X좌표7":737.364,"Y좌표18":502.004,"X좌표4":628.364,"X좌표5":650.364}]},"라벨링":{"스타일":[{"스타일":"모던","서브스타일":"스트리트"}],"아우터":[{}],"하의":[{"기장":"미디","색상":"블랙","카테고리":"스커트","디테일":["스팽글"],"소재":["시퀸\/글리터"],"프린트":["무지"],"핏":"노멀"}],"원피스":[{}],"상의":[{"기장":"노멀","색상":"베이지","카테고리":"니트웨어","디테일":["드롭숄더"],"소매기장":"긴팔","소재":["니트"],"프린트":["무지"],"넥라인":"터틀넥","핏":"노멀"}]}},"파일 번호":200326,"파일 이름":"Dlap_024_09.jpg"}}