{"이미지 정보":{"이미지 식별자":214272,"이미지 높이":800,"이미지 파일명":"Haemil_186_08.jpg","이미지 너비":800},"데이터셋 정보":{"파일 생성일자":"2020-09-07 03:24:19","데이터셋 상세설명":{"렉트좌표":{"아우터":[{"X좌표":217.991,"Y좌표":3.50138,"가로":476,"세로":787}],"하의":[{}],"원피스":[{}],"상의":[{"X좌표":298.418,"Y좌표":21.4764,"가로":295,"세로":691}]},"폴리곤좌표":{"아우터":[{"X좌표8":237.465,"X좌표9":356.3,"X좌표2":292.388,"X좌표3":218.491,"X좌표1":420.211,"X좌표6":287.395,"X좌표7":239.462,"X좌표4":239.462,"X좌표5":296.383,"Y좌표26":4.00138,"Y좌표25":16.9833,"Y좌표9":782.918,"Y좌표27":20.9778,"Y좌표22":302.586,"Y좌표21":352.517,"Y좌표24":79.8958,"Y좌표23":220.7,"Y좌표20":550.242,"X좌표19":608.948,"X좌표18":399.24,"X좌표17":418.213,"X좌표16":466.147,"X좌표15":460.155,"X좌표14":503.095,"X좌표13":409.226,"X좌표12":356.3,"X좌표11":375.273,"Y좌표4":413.432,"X좌표10":376.272,"Y좌표3":315.568,"Y좌표2":90.8805,"Y좌표1":16.9833,"Y좌표8":790.907,"Y좌표7":535.262,"Y좌표6":480.339,"Y좌표5":445.387,"Y좌표15":218.703,"Y좌표14":45.943,"Y좌표17":678.064,"Y좌표16":343.529,"Y좌표11":325.554,"Y좌표10":445.387,"Y좌표13":55.9292,"Y좌표12":237.676,"X좌표27":423.207,"X좌표26":550.03,"X좌표25":602.956,"X좌표24":651.888,"X좌표23":672.859,"X좌표22":694.829,"X좌표21":675.855,"X좌표20":636.909,"Y좌표19":791.906,"Y좌표18":784.915}],"하의":[{}],"원피스":[{}],"상의":[{"Y좌표9":428.411,"Y좌표22":130.825,"Y좌표21":292.6,"Y좌표23":21.9764,"Y좌표20":421.421,"X좌표19":434.729,"X좌표18":488.654,"X좌표17":587.516,"X좌표16":594.506,"X좌표15":487.655,"X좌표14":483.661,"X좌표13":438.723,"X좌표12":408.765,"X좌표11":385.797,"Y좌표4":345.526,"X좌표10":342.856,"Y좌표3":185.749,"Y좌표2":28.9667,"Y좌표1":22.975,"Y좌표8":446.386,"Y좌표7":440.394,"Y좌표6":376.483,"Y좌표5":348.522,"Y좌표15":625.137,"Y좌표14":593.182,"X좌표8":335.866,"Y좌표17":616.15,"X좌표9":359.833,"Y좌표16":653.099,"Y좌표11":708.022,"Y좌표10":683.057,"Y좌표13":575.207,"Y좌표12":713.015,"X좌표23":513.619,"X좌표22":484.659,"X좌표2":410.762,"X좌표21":463.688,"X좌표3":358.834,"X좌표20":456.698,"X좌표1":513.619,"X좌표6":298.918,"Y좌표19":569.215,"X좌표7":307.905,"Y좌표18":586.192,"X좌표4":356.837,"X좌표5":333.869}]},"라벨링":{"스타일":[{"스타일":"컨트리","서브스타일":"리조트"}],"아우터":[{"색상":"베이지","카테고리":"가디건","디테일":["포켓"],"소매기장":"긴팔","소재":["니트"],"넥라인":"노카라","핏":"노멀"}],"하의":[{}],"원피스":[{}],"상의":[{"기장":"노멀","색상":"화이트","카테고리":"니트웨어","소매기장":"긴팔","소재":["니트"],"넥라인":"라운드넥","핏":"노멀"}]}},"파일 번호":214272,"파일 이름":"Haemil_186_08.jpg"}}