{"이미지 정보":{"이미지 식별자":214253,"이미지 높이":800,"이미지 파일명":"Haemil_185_09.jpg","이미지 너비":800},"데이터셋 정보":{"파일 생성일자":"2020-09-07 03:24:15","데이터셋 상세설명":{"렉트좌표":{"아우터":[{"X좌표":157.076,"Y좌표":8.49443,"가로":276,"세로":740}],"하의":[{}],"원피스":[{}],"상의":[{"X좌표":36.7815,"Y좌표":9.49304,"가로":233,"세로":586}]},"폴리곤좌표":{"아우터":[{"Y좌표9":706.025,"X좌표14":207.507,"X좌표13":285.398,"X좌표12":330.336,"X좌표11":434.191,"Y좌표4":477.343,"X좌표10":396.244,"Y좌표3":416.428,"Y좌표2":183.751,"Y좌표1":12.9889,"Y좌표8":749.964,"Y좌표7":563.224,"Y좌표6":532.267,"Y좌표5":466.358,"Y좌표14":8.99443,"X좌표8":310.363,"X좌표9":387.257,"Y좌표11":479.34,"Y좌표10":562.225,"Y좌표13":9.99304,"Y좌표12":67.9125,"X좌표2":160.572,"X좌표3":157.576,"X좌표1":199.518,"X좌표6":255.44,"X좌표7":233.47,"X좌표4":169.559,"X좌표5":209.504}],"하의":[{}],"원피스":[{}],"상의":[{"Y좌표9":483.335,"X좌표17":164.105,"X좌표16":209.043,"X좌표15":270.956,"X좌표14":234.008,"X좌표13":180.083,"X좌표12":147.129,"X좌표11":126.158,"Y좌표4":43.9458,"X좌표10":73.2315,"Y좌표3":9.99304,"Y좌표2":129.826,"Y좌표1":455.374,"Y좌표8":407.44,"Y좌표7":336.539,"Y좌표6":279.618,"Y좌표5":207.718,"Y좌표15":525.276,"Y좌표14":565.221,"X좌표8":83.2176,"Y좌표17":461.365,"X좌표9":37.2815,"Y좌표16":441.393,"Y좌표11":526.275,"Y좌표10":529.271,"Y좌표13":596.178,"Y좌표12":567.218,"X좌표2":177.087,"X좌표3":224.022,"X좌표1":170.097,"X좌표6":104.188,"X좌표7":74.2301,"X좌표4":138.141,"X좌표5":87.212}]},"라벨링":{"스타일":[{"스타일":"아방가르드","서브스타일":"모던"}],"아우터":[{"기장":"하프","색상":"그레이","카테고리":"가디건","디테일":["포켓"],"소매기장":"7부소매","소재":["니트"],"넥라인":"노카라","핏":"루즈"}],"하의":[{}],"원피스":[{}],"상의":[{"기장":"롱","색상":"베이지","카테고리":"니트웨어","소매기장":"긴팔","소재":["니트"],"넥라인":"라운드넥","핏":"루즈"}]}},"파일 번호":214253,"파일 이름":"Haemil_185_09.jpg"}}