{"이미지 정보":{"이미지 식별자":244051,"이미지 높이":800,"이미지 파일명":"Mademoon_306_07.jpg","이미지 너비":800},"데이터셋 정보":{"파일 생성일자":"2020-09-08 10:58:17","데이터셋 상세설명":{"렉트좌표":{"아우터":[{"X좌표":311.549,"Y좌표":8.47823,"가로":270,"세로":335}],"하의":[{"X좌표":311.234,"Y좌표":210.985,"가로":274,"세로":380}],"원피스":[{}],"상의":[{}]},"폴리곤좌표":{"아우터":[{"Y좌표9":64.4509,"Y좌표22":8.97823,"Y좌표21":23.5555,"Y좌표23":12.6816,"Y좌표20":40.5756,"X좌표19":582.875,"X좌표18":574.128,"X좌표17":566.8,"X좌표16":562.387,"X좌표15":528.583,"X좌표14":499.428,"X좌표13":474.765,"X좌표12":464.127,"X좌표11":470.746,"Y좌표4":344.414,"X좌표10":425.596,"Y좌표3":41.5999,"Y좌표2":25.2891,"Y좌표1":9.37219,"Y좌표8":257.66,"Y좌표7":325.346,"Y좌표6":319.515,"Y좌표5":343.548,"Y좌표15":311.005,"Y좌표14":255.217,"X좌표8":443.483,"Y좌표17":279.644,"X좌표9":438.203,"Y좌표16":312.108,"Y좌표11":33.7203,"Y좌표10":39.236,"Y좌표13":163.104,"Y좌표12":101.17,"X좌표23":414.8,"X좌표22":467.043,"X좌표2":378.238,"X좌표21":523.304,"X좌표3":327.336,"X좌표20":561.363,"X좌표1":417.558,"X좌표6":376.347,"Y좌표19":221.807,"X좌표7":417.558,"Y좌표18":259.787,"X좌표4":312.049,"X좌표5":354.915}],"하의":[{"X좌표8":373.274,"X좌표2":510.302,"Y좌표4":556.928,"X좌표3":559.551,"Y좌표3":293.118,"Y좌표2":211.485,"X좌표1":374.535,"Y좌표1":216.528,"X좌표6":333.639,"Y좌표8":217.789,"X좌표7":311.734,"Y좌표7":554.249,"X좌표4":585.869,"Y좌표6":566.069,"X좌표5":518.813,"Y좌표5":592.229}],"원피스":[{}],"상의":[{}]},"라벨링":{"스타일":[{"스타일":"클래식"}],"아우터":[{"기장":"노말","색상":"화이트","서브색상":"오렌지","카테고리":"재킷","디테일":["포켓","프린지","단추"],"소매기장":"긴팔","소재":["트위드"],"프린트":["체크"],"넥라인":"브이넥","핏":"루즈"}],"하의":[{"기장":"미디","색상":"베이지","카테고리":"스커트","디테일":["플리츠"],"소재":["우븐"],"프린트":["무지"],"핏":"노멀"}],"원피스":[{}],"상의":[{}]}},"파일 번호":244051,"파일 이름":"Mademoon_306_07.jpg"}}