{"이미지 정보":{"이미지 식별자":248756,"이미지 높이":800,"이미지 파일명":"Moda_171_05.jpg","이미지 너비":800},"데이터셋 정보":{"파일 생성일자":"2020-09-08 11:17:53","데이터셋 상세설명":{"렉트좌표":{"아우터":[{"X좌표":165.288,"Y좌표":0.503792,"가로":451,"세로":764}],"하의":[{}],"원피스":[{}],"상의":[{}]},"폴리곤좌표":{"아우터":[{"X좌표8":543.364,"X좌표9":554.364,"X좌표2":469.364,"X좌표3":505.364,"X좌표1":416.364,"X좌표6":617.364,"X좌표7":581.364,"X좌표4":537.364,"X좌표5":605.364,"Y좌표26":45.0038,"Y좌표25":204.004,"Y좌표9":522.004,"Y좌표22":729.004,"Y좌표21":169.004,"Y좌표24":747.004,"Y좌표23":764.004,"Y좌표20":21.0038,"X좌표19":342.788,"X좌표18":407.788,"X좌표17":391.788,"X좌표16":418.788,"X좌표15":401.788,"X좌표14":342.788,"X좌표13":499.788,"X좌표12":503.364,"X좌표11":564.364,"Y좌표4":1.00379,"X좌표10":571.364,"Y좌표3":16.0038,"Y좌표2":65.0038,"Y좌표1":71.0038,"Y좌표8":281.004,"Y좌표7":105.004,"Y좌표6":69.0038,"Y좌표5":36.0038,"Y좌표15":242.004,"Y좌표14":765.004,"Y좌표17":45.0038,"Y좌표16":70.0038,"Y좌표11":724.004,"Y좌표10":547.004,"Y좌표13":761.004,"Y좌표12":740.004,"X좌표26":394.788,"X좌표25":356.788,"X좌표24":230.788,"X좌표23":213.788,"X좌표22":165.788,"X좌표21":296.788,"X좌표20":330.788,"Y좌표19":1.00379,"Y좌표18":3.00379}],"하의":[{}],"원피스":[{}],"상의":[{}]},"라벨링":{"스타일":[{"스타일":"소피스트케이티드"}],"아우터":[{"기장":"롱","색상":"블랙","카테고리":"베스트","디테일":["슬릿"],"소매기장":"민소매","소재":["우븐"],"프린트":["무지"],"넥라인":"라운드넥","핏":"노멀"}],"하의":[{}],"원피스":[{}],"상의":[{"카테고리":"블라우스","옷깃":"셔츠칼라","디테일":["띠","퍼프"],"소재":["우븐"],"프린트":["무지"],"핏":"노멀"}]}},"파일 번호":248756,"파일 이름":"Moda_171_05.jpg"}}