{"이미지 정보":{"이미지 식별자":259634,"이미지 높이":800,"이미지 파일명":"SecretG_045_img.jpg","이미지 너비":800},"데이터셋 정보":{"파일 생성일자":"2020-09-08 12:02:14","데이터셋 상세설명":{"렉트좌표":{"아우터":[{"X좌표":233.508,"Y좌표":-1.48438,"가로":345,"세로":731}],"하의":[{}],"원피스":[{}],"상의":[{"X좌표":159.508,"Y좌표":-1.48438,"가로":480,"세로":559}]},"폴리곤좌표":{"아우터":[{"Y좌표43":3.01562,"Y좌표40":36.0156,"Y좌표42":-0.984375,"Y좌표41":19.0156,"X좌표39":445.008,"X좌표38":471.008,"X좌표37":473.008,"X좌표36":558.008,"X좌표35":579.008,"X좌표34":580.008,"X좌표33":568.008,"X좌표32":561.008,"X좌표31":548.008,"X좌표30":515.008,"Y좌표37":-0.984375,"Y좌표36":22.0156,"X좌표8":263.008,"Y좌표39":33.0156,"X좌표9":279.008,"Y좌표38":22.0156,"Y좌표33":124.016,"Y좌표32":213.016,"Y좌표35":34.0156,"Y좌표34":53.0156,"Y좌표31":273.016,"Y좌표30":308.016,"X좌표2":290.008,"X좌표43":326.008,"X좌표3":234.008,"X좌표42":350.008,"X좌표41":368.008,"X좌표1":326.008,"X좌표40":409.008,"X좌표6":258.008,"X좌표7":265.008,"X좌표4":249.008,"X좌표5":254.008,"Y좌표26":487.016,"Y좌표25":731.016,"Y좌표28":411.016,"Y좌표9":313.016,"Y좌표27":426.016,"Y좌표22":599.016,"Y좌표21":522.016,"Y좌표24":727.016,"Y좌표23":602.016,"Y좌표20":469.016,"X좌표19":454.008,"X좌표18":429.008,"X좌표17":404.008,"X좌표16":370.008,"X좌표15":344.008,"X좌표14":320.008,"X좌표13":286.008,"X좌표12":261.008,"X좌표11":251.008,"Y좌표4":74.0156,"X좌표10":263.008,"Y좌표3":38.0156,"Y좌표2":17.0156,"Y좌표1":4.01562,"Y좌표8":278.016,"Y좌표7":242.016,"Y좌표29":349.016,"Y좌표6":169.016,"Y좌표5":136.016,"Y좌표15":462.016,"Y좌표14":478.016,"Y좌표17":458.016,"Y좌표16":474.016,"Y좌표11":451.016,"Y좌표10":352.016,"Y좌표13":461.016,"Y좌표12":467.016,"X좌표29":539.008,"X좌표28":551.008,"X좌표27":533.008,"X좌표26":518.008,"X좌표25":524.008,"X좌표24":495.008,"X좌표23":481.008,"X좌표22":469.008,"X좌표21":468.008,"X좌표20":475.008,"Y좌표19":463.016,"Y좌표18":477.016}],"하의":[{}],"원피스":[{}],"상의":[{"Y좌표44":26.0156,"Y좌표43":1.01562,"Y좌표45":2.01562,"Y좌표40":44.0156,"Y좌표42":-0.984375,"Y좌표41":16.0156,"X좌표39":638.008,"X좌표38":641.008,"X좌표37":631.008,"X좌표36":631.008,"X좌표35":618.008,"X좌표34":633.008,"X좌표33":600.008,"X좌표32":566.008,"X좌표31":541.008,"X좌표30":529.008,"Y좌표37":336.016,"Y좌표36":374.016,"X좌표8":246.008,"Y좌표39":256.016,"X좌표9":290.008,"Y좌표38":302.016,"Y좌표33":483.016,"Y좌표32":458.016,"Y좌표35":411.016,"Y좌표34":473.016,"Y좌표31":409.016,"Y좌표30":378.016,"X좌표45":359.008,"X좌표44":423.008,"X좌표2":218.008,"X좌표43":453.008,"X좌표3":184.008,"X좌표42":475.008,"X좌표41":488.008,"X좌표1":241.008,"X좌표40":570.008,"X좌표6":171.008,"X좌표7":220.008,"X좌표4":203.008,"X좌표5":160.008,"Y좌표26":254.016,"Y좌표25":191.016,"Y좌표28":316.016,"Y좌표9":549.016,"Y좌표27":301.016,"Y좌표22":16.0156,"Y좌표21":39.0156,"Y좌표24":123.016,"Y좌표23":44.0156,"Y좌표20":46.0156,"X좌표19":401.008,"X좌표18":349.008,"X좌표17":358.008,"X좌표16":241.008,"X좌표15":260.008,"X좌표14":264.008,"X좌표13":279.008,"X좌표12":275.008,"X좌표11":283.008,"Y좌표4":494.016,"X좌표10":269.008,"Y좌표3":357.016,"Y좌표2":57.0156,"Y좌표1":36.0156,"Y좌표8":559.016,"Y좌표7":552.016,"Y좌표29":368.016,"Y좌표6":556.016,"Y좌표5":532.016,"Y좌표15":49.0156,"Y좌표14":122.016,"Y좌표17":-0.984375,"Y좌표16":32.0156,"Y좌표11":299.016,"Y좌표10":427.016,"Y좌표13":233.016,"Y좌표12":259.016,"X좌표29":534.008,"X좌표28":521.008,"X좌표27":508.008,"X좌표26":540.008,"X좌표25":548.008,"X좌표24":558.008,"X좌표23":569.008,"X좌표22":486.008,"X좌표21":460.008,"X좌표20":428.008,"Y좌표19":46.0156,"Y좌표18":21.0156}]},"라벨링":{"스타일":[{"스타일":"프레피"}],"아우터":[{"기장":"하프","색상":"브라운","카테고리":"베스트","디테일":["리본","페플럼"],"소매기장":"민소매","소재":["니트"],"넥라인":"라운드넥","핏":"노멀"}],"하의":[{}],"원피스":[{}],"상의":[{"기장":"노멀","색상":"화이트","카테고리":"셔츠","옷깃":"셔츠칼라","소매기장":"긴팔","소재":["우븐"],"프린트":["무지"],"핏":"노멀"}]}},"파일 번호":259634,"파일 이름":"SecretG_045_img.jpg"}}