{"이미지 정보":{"이미지 식별자":266040,"이미지 높이":800,"이미지 파일명":"Millimeter_093_20.jpg","이미지 너비":800},"데이터셋 정보":{"파일 생성일자":"2020-09-09 01:42:22","데이터셋 상세설명":{"렉트좌표":{"아우터":[{"X좌표":7.39844,"Y좌표":1.5,"가로":316,"세로":426}],"하의":[{"X좌표":55.5,"Y좌표":367.278,"가로":207,"세로":411}],"원피스":[{}],"상의":[{}]},"폴리곤좌표":{"아우터":[{"X좌표8":197.898,"X좌표9":25.8984,"Y좌표9":8.0,"Y좌표10":11.0,"X좌표2":7.89844,"Y좌표4":408.0,"X좌표10":25.8984,"X좌표3":100.898,"Y좌표3":428.0,"Y좌표2":343.0,"X좌표1":24.8984,"Y좌표1":15.0,"X좌표6":323.898,"Y좌표8":2.0,"X좌표7":245.898,"Y좌표7":38.0,"X좌표4":248.898,"Y좌표6":195.0,"X좌표5":265.898,"Y좌표5":343.0}],"하의":[{"Y좌표9":635.778,"X좌표17":56.0,"X좌표16":78.0,"X좌표15":115.0,"X좌표14":147.0,"X좌표13":177.0,"X좌표12":206.0,"X좌표11":248.0,"Y좌표4":778.778,"X좌표10":263.0,"Y좌표3":766.778,"Y좌표2":746.778,"Y좌표1":373.111,"Y좌표8":708.778,"Y좌표7":754.778,"Y좌표6":762.778,"Y좌표5":769.778,"Y좌표15":387.778,"Y좌표14":389.778,"X좌표8":256.0,"Y좌표17":374.778,"X좌표9":257.0,"Y좌표16":379.778,"Y좌표11":367.778,"Y좌표10":558.778,"Y좌표13":388.778,"Y좌표12":380.778,"X좌표2":86.0,"X좌표3":90.0,"X좌표1":58.0,"X좌표6":236.0,"X좌표7":251.0,"X좌표4":128.0,"X좌표5":188.0}],"원피스":[{}],"상의":[{}]},"라벨링":{"스타일":[{"스타일":"스트리트","서브스타일":"스포티"}],"아우터":[{"기장":"하프","색상":"베이지","카테고리":"점퍼","소매기장":"긴팔","소재":["우븐"],"프린트":["무지"],"넥라인":"후드","핏":"루즈"}],"하의":[{"기장":"발목","색상":"화이트","카테고리":"팬츠","소재":["우븐"],"프린트":["무지"],"핏":"노멀"}],"원피스":[{}],"상의":[{}]}},"파일 번호":266040,"파일 이름":"Millimeter_093_20.jpg"}}