{"이미지 정보":{"이미지 식별자":302866,"이미지 높이":800,"이미지 파일명":"Blacknavy_150_06.jpg","이미지 너비":800},"데이터셋 정보":{"파일 생성일자":"2020-09-11 01:42:59","데이터셋 상세설명":{"렉트좌표":{"아우터":[{"X좌표":176.261,"Y좌표":2.53509,"가로":275,"세로":566}],"하의":[{}],"원피스":[{}],"상의":[{}]},"폴리곤좌표":{"아우터":[{"X좌표39":223.7,"X좌표38":200.73,"X좌표37":182.753,"X좌표36":182.753,"X좌표35":176.761,"X좌표34":182.753,"X좌표33":203.726,"X좌표32":217.707,"X좌표31":223.7,"X좌표30":236.683,"X좌표49":410.455,"X좌표48":394.476,"X좌표47":376.5,"X좌표46":362.518,"X좌표45":340.547,"X좌표44":340.547,"X좌표43":328.563,"X좌표42":302.596,"X좌표41":275.632,"X좌표40":238.68,"Y좌표26":542.33,"Y좌표25":550.319,"Y좌표28":512.369,"Y좌표27":530.346,"Y좌표22":445.457,"Y좌표21":485.404,"Y좌표24":533.342,"Y좌표23":479.412,"Y좌표20":515.365,"X좌표59":344.542,"X좌표58":353.53,"X좌표57":367.512,"X좌표56":364.516,"X좌표55":371.506,"X좌표54":377.499,"X좌표53":424.437,"X좌표52":427.433,"X좌표51":424.437,"X좌표50":416.448,"Y좌표29":482.408,"Y좌표15":485.404,"Y좌표14":479.412,"Y좌표17":547.323,"Y좌표16":508.374,"Y좌표11":313.629,"Y좌표10":286.664,"Y좌표13":452.447,"Y좌표12":407.506,"X좌표62":319.574,"Y좌표19":551.318,"X좌표61":304.594,"Y좌표18":569.295,"X좌표60":329.561,"Y좌표48":280.672,"Y좌표47":256.703,"Y좌표49":373.551,"Y좌표44":176.808,"Y좌표43":146.847,"Y좌표46":229.739,"Y좌표45":197.78,"Y좌표40":3.03509,"Y좌표42":70.9463,"Y좌표41":6.03118,"Y좌표37":88.9228,"Y좌표36":133.864,"X좌표8":407.459,"Y좌표39":9.02726,"X좌표9":404.463,"Y좌표38":47.9763,"Y좌표33":203.773,"Y좌표32":244.719,"Y좌표35":155.835,"Y좌표34":176.808,"Y좌표31":295.652,"Y좌표30":380.541,"X좌표2":337.551,"X좌표3":362.518,"X좌표1":322.57,"X좌표6":421.441,"X좌표7":427.433,"X좌표4":374.502,"X좌표5":397.472,"Y좌표9":211.762,"Y좌표62":20.0129,"Y좌표61":35.992,"Y좌표60":74.9411,"X좌표19":394.476,"X좌표18":428.432,"X좌표17":434.424,"X좌표16":425.436,"X좌표15":424.437,"X좌표14":443.412,"X좌표13":452.401,"X좌표12":452.401,"X좌표11":428.432,"Y좌표4":139.856,"X좌표10":428.432,"Y좌표3":97.911,"Y좌표2":61.958,"Y좌표1":20.0129,"Y좌표8":196.782,"Y좌표7":179.804,"Y좌표6":158.831,"Y좌표5":146.847,"Y좌표59":118.884,"Y좌표58":176.808,"Y좌표55":344.588,"Y좌표54":451.449,"Y좌표57":224.745,"Y좌표56":274.68,"Y좌표51":467.428,"Y좌표50":425.483,"Y좌표53":472.421,"Y좌표52":508.374,"X좌표29":250.664,"X좌표28":241.676,"X좌표27":262.649,"X좌표26":269.64,"X좌표25":310.586,"X좌표24":334.555,"X좌표23":302.596,"X좌표22":299.6,"X좌표21":316.578,"X좌표20":347.538}],"하의":[{}],"원피스":[{}],"상의":[{}]},"라벨링":{"스타일":[{"스타일":"모던"}],"아우터":[{"기장":"롱","색상":"블루","카테고리":"코트","옷깃":"테일러드칼라","소매기장":"긴팔","소재":["울\/캐시미어"],"프린트":["무지"],"넥라인":"브이넥","핏":"노멀"}],"하의":[{}],"원피스":[{}],"상의":[{}]}},"파일 번호":302866,"파일 이름":"Blacknavy_150_06.jpg"}}