{"이미지 정보":{"이미지 식별자":34974,"이미지 높이":800,"이미지 파일명":"MAYJ_092_08.jpg","이미지 너비":800},"데이터셋 정보":{"파일 생성일자":"2020-08-07 02:35:40","데이터셋 상세설명":{"렉트좌표":{"아우터":[{"X좌표":254.375,"Y좌표":0.515625,"가로":262,"세로":376}],"하의":[{"X좌표":287.375,"Y좌표":282.516,"가로":183,"세로":418}],"원피스":[{}],"상의":[{}]},"폴리곤좌표":{"아우터":[{"X좌표36":387.875,"X좌표35":346.875,"X좌표34":323.875,"X좌표33":323.875,"X좌표32":288.875,"X좌표31":259.875,"X좌표30":254.875,"Y좌표36":1.01562,"X좌표8":492.875,"X좌표9":452.875,"Y좌표33":111.016,"Y좌표32":139.016,"Y좌표35":19.0156,"Y좌표34":71.0156,"Y좌표31":157.016,"Y좌표30":186.016,"X좌표2":427.875,"X좌표3":433.875,"X좌표1":394.875,"X좌표6":489.875,"X좌표7":517.875,"X좌표4":433.875,"X좌표5":459.875,"Y좌표26":339.016,"Y좌표25":358.016,"Y좌표28":219.016,"Y좌표9":304.016,"Y좌표27":281.016,"Y좌표22":134.016,"Y좌표21":76.0156,"Y좌표24":251.016,"Y좌표23":177.016,"Y좌표20":31.0156,"X좌표19":391.875,"X좌표18":408.875,"X좌표17":408.875,"X좌표16":403.875,"X좌표15":388.875,"X좌표14":372.875,"X좌표13":358.875,"X좌표12":359.875,"X좌표11":437.875,"Y좌표4":126.016,"X좌표10":452.875,"Y좌표3":91.0156,"Y좌표2":38.0156,"Y좌표1":4.01562,"Y좌표8":282.016,"Y좌표7":242.016,"Y좌표29":216.016,"Y좌표6":171.016,"Y좌표5":139.016,"Y좌표15":178.016,"Y좌표14":238.016,"Y좌표17":77.0156,"Y좌표16":118.016,"Y좌표11":378.016,"Y좌표10":347.016,"Y좌표13":323.016,"Y좌표12":372.016,"X좌표29":291.875,"X좌표28":302.875,"X좌표27":291.875,"X좌표26":282.875,"X좌표25":343.875,"X좌표24":353.875,"X좌표23":357.875,"X좌표22":369.875,"X좌표21":349.875,"X좌표20":363.875,"Y좌표19":2.01562,"Y좌표18":36.0156}],"하의":[{"Y좌표9":702.016,"Y좌표21":286.016,"Y좌표20":294.016,"X좌표19":287.875,"X좌표18":287.875,"X좌표17":307.875,"X좌표16":322.875,"X좌표15":351.875,"X좌표14":376.875,"X좌표13":361.875,"X좌표12":368.875,"X좌표11":387.875,"Y좌표4":387.016,"X좌표10":399.875,"Y좌표3":328.016,"Y좌표2":283.016,"Y좌표1":288.016,"Y좌표8":689.016,"Y좌표7":643.016,"Y좌표6":537.016,"Y좌표5":469.016,"Y좌표15":669.016,"Y좌표14":654.016,"X좌표8":471.875,"Y좌표17":527.016,"X좌표9":423.875,"Y좌표16":657.016,"Y좌표11":479.016,"Y좌표10":581.016,"Y좌표13":522.016,"Y좌표12":397.016,"X좌표2":423.875,"X좌표21":367.875,"X좌표3":439.875,"X좌표20":302.875,"X좌표1":367.875,"X좌표6":457.875,"Y좌표19":337.016,"X좌표7":469.875,"Y좌표18":376.016,"X좌표4":441.875,"X좌표5":449.875}],"원피스":[{}],"상의":[{}]},"라벨링":{"스타일":[{"스타일":"스트리트"}],"아우터":[{"기장":"노말","색상":"레드","카테고리":"짚업","디테일":["포켓"],"소매기장":"긴팔","소재":["저지"],"프린트":["무지"],"넥라인":"후드","핏":"노멀"}],"하의":[{"기장":"발목","색상":"블루","카테고리":"청바지","디테일":["롤업"],"소재":["데님"],"프린트":["무지"],"핏":"노멀"}],"원피스":[{}],"상의":[{}]}},"파일 번호":34974,"파일 이름":"MAYJ_092_08.jpg"}}