{"이미지 정보":{"이미지 식별자":368457,"이미지 높이":1066,"이미지 파일명":"158632386095878000_624218097.jpg","이미지 너비":800},"데이터셋 정보":{"파일 생성일자":"2020-09-15 02:16:43","데이터셋 상세설명":{"렉트좌표":{"아우터":[{"X좌표":10.126,"Y좌표":4.53704,"가로":757,"세로":987}],"하의":[{}],"원피스":[{}],"상의":[{}]},"폴리곤좌표":{"아우터":[{"X좌표38":430.047,"X좌표37":367.134,"X좌표36":320.198,"X좌표35":239.31,"X좌표34":212.347,"X좌표33":181.39,"X좌표32":158.422,"X좌표31":107.492,"X좌표30":28.6011,"Y좌표37":51.0185,"Y좌표36":21.0306,"X좌표8":673.71,"X좌표9":723.641,"Y좌표38":66.0125,"Y좌표33":110.994,"Y좌표32":202.957,"Y좌표35":5.03704,"Y좌표34":30.027,"Y좌표31":299.918,"Y좌표30":452.857,"X좌표2":484.971,"X좌표3":529.909,"X좌표1":443.029,"X좌표6":553.876,"X좌표7":585.832,"X좌표4":717.65,"X좌표5":712.656,"Y좌표26":860.693,"Y좌표25":893.679,"Y좌표28":623.788,"Y좌표9":259.934,"Y좌표27":695.759,"Y좌표22":880.685,"Y좌표21":880.685,"Y좌표24":905.675,"Y좌표23":895.679,"Y좌표20":992.64,"X좌표19":603.807,"X좌표18":640.756,"X좌표17":582.836,"X좌표16":604.805,"X좌표15":660.728,"X좌표14":699.674,"X좌표13":732.629,"X좌표12":744.612,"X좌표11":768.579,"Y좌표4":140.982,"X좌표10":760.59,"Y좌표3":103.997,"Y좌표2":75.0089,"Y좌표1":75.0089,"Y좌표8":224.949,"Y좌표7":301.918,"Y좌표29":542.821,"Y좌표6":157.975,"Y좌표5":172.969,"Y좌표15":455.856,"Y좌표14":448.858,"Y좌표17":857.694,"Y좌표16":511.833,"Y좌표11":341.901,"Y좌표10":286.924,"Y좌표13":422.869,"Y좌표12":376.887,"X좌표29":10.626,"X좌표28":40.5846,"X좌표27":148.436,"X좌표26":185.385,"X좌표25":263.277,"X좌표24":370.129,"X좌표23":474.985,"X좌표22":543.89,"X좌표21":543.89,"X좌표20":603.807,"Y좌표19":992.64,"Y좌표18":964.651}],"하의":[{}],"원피스":[{}],"상의":[{}]},"라벨링":{"스타일":[{"스타일":"스트리트"}],"아우터":[{"기장":"노말","색상":"베이지","카테고리":"점퍼","디테일":["포켓","스트링"],"소매기장":"긴팔","소재":["우븐"],"프린트":["무지"],"넥라인":"후드","핏":"루즈"}],"하의":[{}],"원피스":[{}],"상의":[{}]}},"파일 번호":368457,"파일 이름":"158632386095878000_624218097.jpg"}}