{"이미지 정보":{"이미지 식별자":370272,"이미지 높이":1066,"이미지 파일명":"159799143149950000_1161128858.jpg","이미지 너비":800},"데이터셋 정보":{"파일 생성일자":"2020-09-15 02:31:33","데이터셋 상세설명":{"렉트좌표":{"아우터":[{"X좌표":0.203125,"Y좌표":1.5,"가로":776,"세로":974}],"하의":[{}],"원피스":[{}],"상의":[{}]},"폴리곤좌표":{"아우터":[{"X좌표34":281.703,"X좌표33":312.703,"X좌표32":339.703,"X좌표31":384.703,"X좌표30":425.703,"X좌표8":15.7031,"X좌표9":0.703125,"Y좌표33":4.0,"Y좌표32":17.0,"Y좌표34":2.0,"Y좌표31":39.0,"Y좌표30":28.0,"X좌표2":265.703,"X좌표3":218.703,"X좌표1":280.703,"X좌표6":51.7031,"X좌표7":20.7031,"X좌표4":124.703,"X좌표5":76.7031,"Y좌표26":70.0,"Y좌표25":131.0,"Y좌표28":12.0,"Y좌표9":936.0,"Y좌표27":36.0,"Y좌표22":773.0,"Y좌표21":946.0,"Y좌표24":262.0,"Y좌표23":494.0,"Y좌표20":966.0,"X좌표19":699.703,"X좌표18":659.703,"X좌표17":636.703,"X좌표16":610.703,"X좌표15":570.703,"X좌표14":388.703,"X좌표13":139.703,"X좌표12":116.703,"X좌표11":59.7031,"Y좌표4":72.0,"X좌표10":5.70312,"Y좌표3":46.0,"Y좌표2":31.0,"Y좌표1":7.0,"Y좌표8":861.0,"Y좌표7":640.0,"Y좌표29":8.0,"Y좌표6":307.0,"Y좌표5":155.0,"Y좌표15":839.0,"Y좌표14":830.0,"Y좌표17":942.0,"Y좌표16":836.0,"Y좌표11":969.0,"Y좌표10":954.0,"Y좌표13":839.0,"Y좌표12":969.0,"X좌표29":437.703,"X좌표28":502.703,"X좌표27":561.703,"X좌표26":633.703,"X좌표25":676.703,"X좌표24":712.703,"X좌표23":754.703,"X좌표22":772.703,"X좌표21":776.703,"X좌표20":765.703,"Y좌표19":976.0,"Y좌표18":974.0}],"하의":[{}],"원피스":[{}],"상의":[{}]},"라벨링":{"스타일":[{"스타일":"스트리트","서브스타일":"톰보이"}],"아우터":[{"기장":"하프","색상":"카키","카테고리":"재킷","옷깃":"셔츠칼라","디테일":["단추","스트링","드롭숄더","포켓"],"소매기장":"긴팔","소재":["우븐"],"프린트":["무지"],"핏":"루즈"}],"하의":[{}],"원피스":[{}],"상의":[{}]}},"파일 번호":370272,"파일 이름":"159799143149950000_1161128858.jpg"}}