{"이미지 정보":{"이미지 식별자":373090,"이미지 높이":1066,"이미지 파일명":"u_155566551850587099_239537653.jpg","이미지 너비":800},"데이터셋 정보":{"파일 생성일자":"2020-09-15 02:54:57","데이터셋 상세설명":{"렉트좌표":{"아우터":[{}],"하의":[{"X좌표":141.203,"Y좌표":501.5,"가로":455,"세로":497}],"원피스":[{}],"상의":[{"X좌표":-0.796875,"Y좌표":74.5,"가로":783,"세로":737}]},"폴리곤좌표":{"아우터":[{}],"하의":[{"Y좌표9":973.0,"Y좌표22":53.0,"Y좌표21":503.0,"Y좌표23":51.0,"Y좌표20":583.0,"X좌표19":162.703,"X좌표18":147.703,"X좌표17":141.703,"X좌표16":164.703,"X좌표15":174.703,"X좌표14":281.703,"X좌표13":354.703,"X좌표12":362.703,"X좌표11":374.703,"Y좌표4":533.0,"X좌표10":386.703,"Y좌표3":563.0,"Y좌표2":546.0,"Y좌표1":502.0,"Y좌표8":999.0,"Y좌표7":818.0,"Y좌표6":715.0,"Y좌표5":635.0,"Y좌표15":928.0,"Y좌표14":933.0,"X좌표8":596.703,"Y좌표17":951.0,"X좌표9":508.703,"Y좌표16":951.0,"Y좌표11":938.0,"Y좌표10":978.0,"Y좌표13":970.0,"Y좌표12":889.0,"X좌표23":337.703,"X좌표22":437.703,"X좌표2":318.703,"X좌표21":195.703,"X좌표3":426.703,"X좌표20":179.703,"X좌표1":193.703,"X좌표6":565.703,"Y좌표19":727.0,"X좌표7":583.703,"Y좌표18":876.0,"X좌표4":551.703,"X좌표5":565.703}],"원피스":[{}],"상의":[{"X좌표39":337.703,"X좌표38":437.703,"X좌표37":264.703,"X좌표36":215.703,"X좌표35":151.703,"X좌표34":90.7031,"X좌표33":37.7031,"X좌표32":-0.296875,"X좌표31":4.70312,"X좌표30":45.7031,"Y좌표37":75.0,"Y좌표36":79.0,"X좌표8":782.703,"Y좌표39":51.0,"X좌표9":780.703,"Y좌표38":53.0,"Y좌표33":485.0,"Y좌표32":535.0,"Y좌표35":142.0,"Y좌표34":267.0,"Y좌표31":583.0,"Y좌표30":629.0,"X좌표2":517.703,"X좌표3":640.703,"X좌표1":264.703,"X좌표6":765.703,"X좌표7":750.703,"X좌표4":694.703,"X좌표5":735.703,"Y좌표26":699.0,"Y좌표25":547.0,"Y좌표28":753.0,"Y좌표9":619.0,"Y좌표27":812.0,"Y좌표22":132.0,"Y좌표21":120.0,"Y좌표24":359.0,"Y좌표23":299.0,"Y좌표20":290.0,"X좌표19":515.703,"X좌표18":569.703,"X좌표17":617.703,"X좌표16":625.703,"X좌표15":624.703,"X좌표14":658.703,"X좌표13":696.703,"X좌표12":688.703,"X좌표11":746.703,"Y좌표4":159.0,"X좌표10":719.703,"Y좌표3":121.0,"Y좌표2":91.0,"Y좌표1":77.0,"Y좌표8":557.0,"Y좌표7":507.0,"Y좌표29":625.0,"Y좌표6":464.0,"Y좌표5":322.0,"Y좌표15":696.0,"Y좌표14":748.0,"Y좌표17":588.0,"Y좌표16":628.0,"Y좌표11":740.0,"Y좌표10":631.0,"Y좌표13":776.0,"Y좌표12":743.0,"X좌표29":79.7031,"X좌표28":53.7031,"X좌표27":208.703,"X좌표26":242.703,"X좌표25":263.703,"X좌표24":284.703,"X좌표23":286.703,"X좌표22":276.703,"X좌표21":522.703,"X좌표20":497.703,"Y좌표19":352.0,"Y좌표18":479.0}]},"라벨링":{"스타일":[{"스타일":"스트리트"}],"아우터":[{"기장":"노말","카테고리":"재킷","디테일":["싱글브레스티드","셔링"],"소재":["우븐"],"프린트":["무지"],"핏":"노멀"}],"하의":[{"기장":"미니","색상":"스카이블루","카테고리":"청바지","디테일":["디스트로이드"],"소재":["데님"],"프린트":["무지"],"핏":"노멀"}],"원피스":[{}],"상의":[{"색상":"베이지","카테고리":"티셔츠","소매기장":"7부소매","소재":["우븐"],"프린트":["무지"],"넥라인":"유넥","핏":"노멀"}]}},"파일 번호":373090,"파일 이름":"u_155566551850587099_239537653.jpg"}}