{"이미지 정보":{"이미지 식별자":376713,"이미지 높이":1066,"이미지 파일명":"u_157223766830711100_863789076.jpg","이미지 너비":800},"데이터셋 정보":{"파일 생성일자":"2020-09-15 03:24:45","데이터셋 상세설명":{"렉트좌표":{"아우터":[{"X좌표":58.375,"Y좌표":6.50907,"가로":663,"세로":920}],"하의":[{}],"원피스":[{}],"상의":[{}]},"폴리곤좌표":{"아우터":[{"X좌표8":722.875,"X좌표9":644.875,"X좌표2":583.875,"X좌표3":667.875,"X좌표1":523.875,"X좌표6":694.875,"X좌표7":701.875,"X좌표4":696.875,"X좌표5":709.875,"Y좌표26":24.243,"Y좌표25":117.156,"Y좌표9":927.398,"Y좌표27":18.2486,"Y좌표22":23.2439,"Y좌표21":47.2215,"Y좌표24":204.075,"Y좌표23":129.145,"Y좌표20":112.161,"X좌표19":159.875,"X좌표18":131.875,"X좌표17":113.875,"X좌표16":111.875,"X좌표15":74.875,"X좌표14":58.875,"X좌표13":167.875,"X좌표12":297.875,"X좌표11":472.875,"Y좌표4":200.828,"X좌표10":477.875,"Y좌표3":120.903,"Y좌표2":55.9633,"Y좌표1":7.00907,"Y좌표8":591.462,"Y좌표7":488.559,"Y좌표6":320.716,"Y좌표5":270.762,"Y좌표15":717.594,"Y좌표14":798.519,"Y좌표17":537.763,"Y좌표16":626.68,"Y좌표11":847.473,"Y좌표10":878.444,"Y좌표13":809.508,"Y좌표12":807.51,"X좌표27":523.875,"X좌표26":501.875,"X좌표25":407.875,"X좌표24":341.875,"X좌표23":348.875,"X좌표22":354.875,"X좌표21":289.875,"X좌표20":213.875,"Y좌표19":202.077,"Y좌표18":461.834}],"하의":[{}],"원피스":[{}],"상의":[{}]},"라벨링":{"스타일":[{"스타일":"페미닌","서브스타일":"스트리트"}],"아우터":[{"기장":"노말","색상":"브라운","카테고리":"재킷","옷깃":"테일러드칼라","디테일":["더블브레스티드"],"소매기장":"긴팔","소재":["플리스"],"프린트":["무지"],"핏":"노멀"}],"하의":[{"색상":"카키"}],"원피스":[{}],"상의":[{}]}},"파일 번호":376713,"파일 이름":"u_157223766830711100_863789076.jpg"}}