{"이미지 정보":{"이미지 식별자":391060,"이미지 높이":1066,"이미지 파일명":"u_155592292837186700_207924306.jpg","이미지 너비":800},"데이터셋 정보":{"파일 생성일자":"2020-09-15 06:58:18","데이터셋 상세설명":{"렉트좌표":{"아우터":[{}],"하의":[{"X좌표":275.5,"Y좌표":309.584,"가로":313,"세로":622}],"원피스":[{}],"상의":[{"X좌표":175.5,"Y좌표":4.49812,"가로":420,"세로":439}]},"폴리곤좌표":{"아우터":[{}],"하의":[{"Y좌표9":932.85,"Y좌표20":310.883,"X좌표19":516.0,"X좌표18":523.0,"X좌표17":560.0,"X좌표16":589.0,"X좌표15":515.0,"X좌표14":434.0,"X좌표13":409.0,"X좌표12":403.0,"X좌표11":377.0,"Y좌표4":323.079,"X좌표10":373.0,"Y좌표3":332.075,"Y좌표2":328.077,"Y좌표1":310.084,"Y좌표8":738.923,"Y좌표7":536.998,"Y좌표6":398.051,"Y좌표5":313.082,"Y좌표15":908.859,"Y좌표14":605.773,"X좌표8":290.0,"Y좌표17":756.916,"X좌표9":320.0,"Y좌표16":899.862,"Y좌표11":816.893,"Y좌표10":927.852,"Y좌표13":517.806,"Y좌표12":531.001,"X좌표2":412.0,"X좌표3":376.0,"X좌표20":488.0,"X좌표1":466.0,"X좌표6":276.0,"Y좌표19":410.846,"X좌표7":288.0,"Y좌표18":531.8,"X좌표4":347.0,"X좌표5":304.0}],"원피스":[{}],"상의":[{"X좌표8":176.0,"X좌표9":250.0,"X좌표2":338.0,"X좌표3":303.0,"X좌표1":369.0,"X좌표6":209.0,"X좌표7":202.0,"X좌표4":256.0,"X좌표5":232.0,"Y좌표26":4.99812,"Y좌표25":45.9827,"Y좌표28":38.9854,"Y좌표9":319.88,"Y좌표27":4.99812,"Y좌표22":435.836,"Y좌표21":444.833,"Y좌표24":96.9636,"Y좌표23":316.881,"Y좌표20":442.834,"X좌표19":478.0,"X좌표18":416.0,"X좌표17":428.0,"X좌표16":410.0,"X좌표15":374.0,"X좌표14":340.0,"X좌표13":360.0,"X좌표12":329.0,"X좌표11":277.0,"Y좌표4":32.9876,"X좌표10":275.0,"Y좌표3":8.99662,"Y좌표2":25.9902,"Y좌표1":47.982,"Y좌표8":203.923,"Y좌표7":142.946,"Y좌표6":99.9625,"Y좌표5":68.9741,"Y좌표15":320.88,"Y좌표14":331.875,"Y좌표17":375.859,"Y좌표16":385.855,"Y좌표11":331.875,"Y좌표10":307.884,"Y좌표13":313.882,"Y좌표12":321.879,"X좌표28":387.0,"X좌표27":422.0,"X좌표26":462.0,"X좌표25":496.0,"X좌표24":518.0,"X좌표23":580.0,"X좌표22":596.0,"X좌표21":573.0,"X좌표20":504.0,"Y좌표19":308.884,"Y좌표18":302.886}]},"라벨링":{"스타일":[{"스타일":"스트리트"}],"아우터":[{}],"하의":[{"기장":"발목","색상":"화이트","카테고리":"팬츠","소재":["우븐","스판덱스"],"프린트":["무지"],"핏":"스키니"}],"원피스":[{}],"상의":[{"기장":"크롭","색상":"네이비","서브색상":"화이트","카테고리":"후드티","디테일":["스트링"],"소매기장":"긴팔","소재":["저지"],"프린트":["무지","레터링"],"핏":"루즈"}]}},"파일 번호":391060,"파일 이름":"u_155592292837186700_207924306.jpg"}}