{"이미지 정보":{"이미지 식별자":40242,"이미지 높이":800,"이미지 파일명":"Eirene_057_04.jpg","이미지 너비":800},"데이터셋 정보":{"파일 생성일자":"2020-08-07 06:32:34","데이터셋 상세설명":{"렉트좌표":{"아우터":[{"X좌표":170.167,"Y좌표":8.83334,"가로":328,"세로":584}],"하의":[{"X좌표":219.5,"Y좌표":212.5,"가로":250,"세로":517}],"원피스":[{}],"상의":[{}]},"폴리곤좌표":{"아우터":[{"X좌표33":316.0,"X좌표32":352.0,"X좌표31":387.333,"X좌표30":420.667,"X좌표8":200.667,"X좌표9":191.333,"Y좌표33":24.6667,"Y좌표32":12.6667,"Y좌표31":9.33334,"Y좌표30":17.3333,"X좌표2":310.667,"X좌표3":292.0,"X좌표1":306.667,"X좌표6":229.333,"X좌표7":214.667,"X좌표4":268.0,"X좌표5":250.667,"Y좌표26":259.333,"Y좌표25":300.667,"Y좌표28":140.0,"Y좌표9":154.667,"Y좌표27":184.667,"Y좌표22":478.667,"Y좌표21":534.0,"Y좌표24":350.0,"Y좌표23":409.333,"Y좌표20":594.0,"X좌표19":299.333,"X좌표18":263.333,"X좌표17":233.333,"X좌표16":216.0,"X좌표15":196.667,"X좌표14":170.667,"X좌표13":173.333,"X좌표12":173.333,"X좌표11":180.0,"Y좌표4":16.0,"X좌표10":182.0,"Y좌표3":10.6667,"Y좌표2":12.6667,"Y좌표1":42.6667,"Y좌표8":118.0,"Y좌표7":68.0,"Y좌표29":49.3333,"Y좌표6":48.0,"Y좌표5":32.0,"Y좌표15":494.0,"Y좌표14":410.0,"Y좌표17":555.333,"Y좌표16":524.667,"Y좌표11":254.667,"Y좌표10":199.333,"Y좌표13":362.667,"Y좌표12":316.0,"X좌표29":440.667,"X좌표28":472.667,"X좌표27":468.0,"X좌표26":456.667,"X좌표25":458.667,"X좌표24":485.333,"X좌표23":499.333,"X좌표22":484.0,"X좌표21":449.333,"X좌표20":332.0,"Y좌표19":591.333,"Y좌표18":563.333}],"하의":[{"X좌표8":379.0,"X좌표9":342.0,"Y좌표9":251.0,"Y좌표10":213.0,"X좌표2":252.0,"Y좌표4":686.0,"X좌표10":232.0,"X좌표3":318.0,"Y좌표3":730.0,"Y좌표2":714.0,"X좌표1":220.0,"Y좌표1":224.0,"X좌표6":470.0,"Y좌표8":383.0,"X좌표7":394.0,"Y좌표7":520.0,"X좌표4":372.0,"Y좌표6":632.0,"X좌표5":432.0,"Y좌표5":668.0}],"원피스":[{}],"상의":[{}]},"라벨링":{"스타일":[{"스타일":"스트리트"}],"아우터":[{"기장":"하프","색상":"블랙","카테고리":"패딩","디테일":["지퍼"],"소매기장":"긴팔","소재":["패딩"],"넥라인":"라운드넥","핏":"루즈"}],"하의":[{"기장":"발목","색상":"화이트","카테고리":"팬츠","디테일":["버클"],"소재":["우븐"],"핏":"노멀"}],"원피스":[{}],"상의":[{"기장":"노멀","카테고리":"니트웨어","소재":["니트"],"프린트":["레터링"],"넥라인":"라운드넥","핏":"노멀"}]}},"파일 번호":40242,"파일 이름":"Eirene_057_04.jpg"}}