{"이미지 정보":{"이미지 식별자":418601,"이미지 높이":800,"이미지 파일명":"JEWERLY_060_10.jpg","이미지 너비":800},"데이터셋 정보":{"파일 생성일자":"2020-09-16 02:42:29","데이터셋 상세설명":{"렉트좌표":{"아우터":[{"X좌표":236.227,"Y좌표":-1.48376,"가로":476,"세로":679}],"하의":[{}],"원피스":[{}],"상의":[{}]},"폴리곤좌표":{"아우터":[{"X좌표31":548.532,"X좌표30":526.546,"X좌표8":701.436,"X좌표9":713.429,"Y좌표31":3.01374,"Y좌표30":41.9894,"X좌표2":576.514,"X좌표3":592.504,"X좌표1":547.533,"X좌표6":673.454,"X좌표7":694.441,"X좌표4":589.506,"X좌표5":634.478,"Y좌표26":3.01374,"Y좌표25":21.0025,"Y좌표28":70.9712,"Y좌표9":620.627,"Y좌표27":2.01437,"Y좌표22":257.854,"Y좌표21":332.807,"Y좌표24":78.9662,"Y좌표23":105.949,"Y좌표20":381.777,"X좌표19":313.679,"X좌표18":318.676,"X좌표17":294.691,"X좌표16":281.699,"X좌표15":347.658,"X좌표14":412.617,"X좌표13":492.567,"X좌표12":553.529,"X좌표11":616.489,"Y좌표4":75.9681,"X좌표10":633.479,"Y좌표3":35.9931,"Y좌표2":2.01437,"Y좌표1":-0.98376,"Y좌표8":433.744,"Y좌표7":332.807,"Y좌표29":70.9712,"Y좌표6":208.885,"Y좌표5":105.949,"Y좌표15":656.605,"Y좌표14":673.594,"Y좌표17":506.699,"Y좌표16":607.636,"Y좌표11":643.613,"Y좌표10":620.627,"Y좌표13":678.591,"Y좌표12":665.599,"X좌표29":474.578,"X좌표28":442.598,"X좌표27":409.619,"X좌표26":373.641,"X좌표25":336.664,"X좌표24":334.666,"X좌표23":292.692,"X좌표22":251.718,"X좌표21":236.727,"X좌표20":283.698,"Y좌표19":385.774,"Y좌표18":442.739}],"하의":[{}],"원피스":[{}],"상의":[{}]},"라벨링":{"스타일":[{"스타일":"스트리트"}],"아우터":[{"기장":"노말","색상":"카키","카테고리":"패딩","디테일":["스트링","셔링","더블브레스티드"],"소매기장":"긴팔","소재":["퍼","패딩"],"프린트":["무지"],"넥라인":"후드","핏":"노멀"}],"하의":[{}],"원피스":[{}],"상의":[{}]}},"파일 번호":418601,"파일 이름":"JEWERLY_060_10.jpg"}}