{"이미지 정보":{"이미지 식별자":418984,"이미지 높이":800,"이미지 파일명":"JEWERLY_086_11.jpg","이미지 너비":800},"데이터셋 정보":{"파일 생성일자":"2020-09-16 02:44:01","데이터셋 상세설명":{"렉트좌표":{"아우터":[{"X좌표":297.996,"Y좌표":3.51404,"가로":341,"세로":789}],"하의":[{}],"원피스":[{}],"상의":[{}]},"폴리곤좌표":{"아우터":[{"X좌표37":413.224,"X좌표36":442.694,"X좌표35":447.58,"X좌표34":448.368,"X좌표33":483.117,"X좌표32":581.378,"X좌표31":584.608,"X좌표30":587.76,"Y좌표37":4.01404,"Y좌표36":4.40802,"X좌표8":298.496,"X좌표9":331.906,"Y좌표33":13.3908,"Y좌표32":5.35358,"Y좌표35":29.3077,"Y좌표34":80.3677,"Y좌표31":4.95959,"Y좌표30":31.514,"X좌표2":369.413,"X좌표3":356.175,"X좌표1":409.442,"X좌표6":352.314,"X좌표7":325.681,"X좌표4":350.975,"X좌표5":358.382,"Y좌표26":115.669,"Y좌표25":172.402,"Y좌표28":80.9193,"Y좌표9":771.648,"Y좌표27":82.4165,"Y좌표22":351.585,"Y좌표21":597.193,"Y좌표24":207.86,"Y좌표23":291.069,"Y좌표20":647.544,"X좌표19":640.16,"X좌표18":632.517,"X좌표17":599.422,"X좌표16":589.1,"X좌표15":553.483,"X좌표14":476.499,"X좌표13":394.865,"X좌표12":367.049,"X좌표11":367.758,"Y좌표4":142.38,"X좌표10":364.922,"Y좌표3":80.6041,"Y좌표2":42.5455,"Y좌표1":10.0814,"Y좌표8":733.038,"Y좌표7":432.903,"Y좌표29":59.8807,"Y좌표6":326.922,"Y좌표5":222.122,"Y좌표15":791.505,"Y좌표14":793.16,"Y좌표17":731.383,"Y좌표16":770.939,"Y좌표11":711.212,"Y좌표10":787.093,"Y좌표13":793.79,"Y좌표12":786.462,"X좌표29":606.12,"X좌표28":609.035,"X좌표27":590.045,"X좌표26":578.777,"X좌표25":578.935,"X좌표24":600.368,"X좌표23":620.855,"X좌표22":614.709,"X좌표21":625.819,"X좌표20":629.995,"Y좌표19":693.246,"Y좌표18":720.273}],"하의":[{}],"원피스":[{}],"상의":[{}]},"라벨링":{"스타일":[{"스타일":"리조트","서브스타일":"모던"}],"아우터":[{"기장":"롱","색상":"블랙","카테고리":"베스트","소매기장":"민소매","소재":["우븐"],"프린트":["무지"],"넥라인":"노카라","핏":"노멀"}],"하의":[{}],"원피스":[{}],"상의":[{"카테고리":"니트웨어","소재":["니트"],"프린트":["무지"],"넥라인":"라운드넥","핏":"타이트"}]}},"파일 번호":418984,"파일 이름":"JEWERLY_086_11.jpg"}}