{"이미지 정보":{"이미지 식별자":463581,"이미지 높이":1066,"이미지 파일명":"159410745637780900_567116679.jpg","이미지 너비":800},"데이터셋 정보":{"파일 생성일자":"2020-09-17 05:39:48","데이터셋 상세설명":{"렉트좌표":{"아우터":[{}],"하의":[{}],"원피스":[{}],"상의":[{"X좌표":0.227266,"Y좌표":52.4757,"가로":754,"세로":911}]},"폴리곤좌표":{"아우터":[{}],"하의":[{}],"원피스":[{}],"상의":[{"X좌표32":296.368,"X좌표31":215.466,"X좌표30":181.508,"X좌표8":661.924,"X좌표9":712.862,"Y좌표32":74.9563,"Y좌표31":92.9404,"Y좌표30":80.951,"X좌표2":335.321,"X좌표3":402.239,"X좌표1":299.364,"X좌표6":506.113,"X좌표7":597.003,"X좌표4":457.173,"X좌표5":487.136,"Y좌표26":239.811,"Y좌표25":230.819,"Y좌표28":165.876,"Y좌표9":267.786,"Y좌표27":182.861,"Y좌표22":361.48,"Y좌표21":334.504,"Y좌표24":314.521,"Y좌표23":368.474,"Y좌표20":607.282,"X좌표19":166.526,"X좌표18":265.406,"X좌표17":390.254,"X좌표16":449.182,"X좌표15":621.972,"X좌표14":650.937,"X좌표13":605.992,"X좌표12":689.89,"X좌표11":754.811,"Y좌표4":133.904,"X좌표10":740.828,"Y좌표3":146.893,"Y좌표2":122.914,"Y좌표1":77.9536,"Y좌표8":112.923,"Y좌표7":76.9545,"Y좌표29":100.933,"Y좌표6":52.9757,"Y좌표5":79.9518,"Y좌표15":912.013,"Y좌표14":794.34,"Y좌표17":955.974,"Y좌표16":928.998,"Y좌표11":472.605,"Y좌표10":395.673,"Y좌표13":518.565,"Y좌표12":504.577,"X좌표29":88.6205,"X좌표28":60.6544,"X좌표27":73.6387,"X좌표26":84.6253,"X좌표25":0.727266,"X좌표24":4.72241,"X좌표23":30.6909,"X좌표22":101.605,"X좌표21":152.543,"X좌표20":180.509,"Y좌표19":889.033,"Y좌표18":964.966}]},"라벨링":{"스타일":[{"스타일":"스트리트"}],"아우터":[{}],"하의":[{"기장":"미니","색상":"스카이블루","카테고리":"청바지","소재":["데님"],"핏":"노멀"}],"원피스":[{}],"상의":[{"기장":"노멀","색상":"화이트","서브색상":"블랙","카테고리":"티셔츠","소매기장":"반팔","소재":["저지"],"프린트":["그래픽"],"넥라인":"라운드넥","핏":"노멀"}]}},"파일 번호":463581,"파일 이름":"159410745637780900_567116679.jpg"}}