{"이미지 정보":{"이미지 식별자":464608,"이미지 높이":1066,"이미지 파일명":"159557672134475000_630521674.jpg","이미지 너비":800},"데이터셋 정보":{"파일 생성일자":"2020-09-17 05:49:33","데이터셋 상세설명":{"렉트좌표":{"아우터":[{}],"하의":[{"X좌표":287.5,"Y좌표":229.014,"가로":272,"세로":706}],"원피스":[{}],"상의":[{"X좌표":242.5,"Y좌표":4.49812,"가로":386,"세로":484}]},"폴리곤좌표":{"아우터":[{}],"하의":[{"X좌표8":310.0,"X좌표9":332.0,"X좌표2":317.0,"X좌표3":302.0,"X좌표1":513.0,"X좌표6":295.0,"X좌표7":300.0,"X좌표4":289.0,"X좌표5":288.0,"Y좌표26":234.912,"Y좌표25":291.89,"Y좌표9":878.07,"Y좌표27":0.0,"Y좌표22":916.056,"Y좌표21":922.054,"Y좌표24":373.26,"Y좌표23":476.221,"Y좌표20":928.052,"X좌표19":517.0,"X좌표18":499.0,"X좌표17":483.0,"X좌표16":449.0,"X좌표15":449.0,"X좌표14":442.0,"X좌표13":429.0,"X좌표12":398.0,"X좌표11":381.0,"Y좌표4":465.425,"X좌표10":360.0,"Y좌표3":325.478,"Y좌표2":247.507,"Y좌표1":229.514,"Y좌표8":871.073,"Y좌표7":851.081,"Y좌표6":727.127,"Y좌표5":616.169,"Y좌표15":708.134,"Y좌표14":642.159,"Y좌표17":936.049,"Y좌표16":929.051,"Y좌표11":816.094,"Y좌표10":848.082,"Y좌표13":472.223,"Y좌표12":683.144,"X좌표27":0.0,"X좌표26":517.0,"X좌표25":543.0,"X좌표24":560.0,"X좌표23":556.0,"X좌표22":559.0,"X좌표21":548.0,"X좌표20":542.0,"Y좌표19":936.049,"Y좌표18":936.049}],"원피스":[{}],"상의":[{"Y좌표9":264.901,"Y좌표21":0.0,"Y좌표20":5.99775,"X좌표19":511.0,"X좌표18":531.0,"X좌표17":583.0,"X좌표16":611.0,"X좌표15":629.0,"X좌표14":620.0,"X좌표13":584.0,"X좌표12":561.0,"X좌표11":542.0,"Y좌표4":60.9771,"X좌표10":540.0,"Y좌표3":8.99662,"Y좌표2":4.99812,"Y좌표1":7.997,"Y좌표8":280.895,"Y좌표7":376.859,"Y좌표6":367.862,"Y좌표5":249.906,"Y좌표15":433.837,"Y좌표14":451.83,"X좌표8":352.0,"Y좌표17":264.901,"X좌표9":505.0,"Y좌표16":385.855,"Y좌표11":485.818,"Y좌표10":482.819,"Y좌표13":465.825,"Y좌표12":489.816,"X좌표2":346.0,"X좌표21":0.0,"X좌표3":266.0,"X좌표20":470.0,"X좌표1":461.0,"X좌표6":299.0,"Y좌표19":6.99737,"X좌표7":308.0,"Y좌표18":27.9895,"X좌표4":248.0,"X좌표5":243.0}]},"라벨링":{"스타일":[{"스타일":"모던","서브스타일":"스트리트"}],"아우터":[{}],"하의":[{"기장":"발목","색상":"베이지","카테고리":"팬츠","디테일":["롤업"],"소재":["우븐"],"프린트":["무지"],"핏":"노멀"}],"원피스":[{}],"상의":[{"기장":"노멀","색상":"화이트","카테고리":"탑","소매기장":"긴팔","소재":["우븐"],"프린트":["무지"],"넥라인":"라운드넥","핏":"노멀"}]}},"파일 번호":464608,"파일 이름":"159557672134475000_630521674.jpg"}}