{"이미지 정보":{"이미지 식별자":471018,"이미지 높이":1066,"이미지 파일명":"u_157311563171744300_2002421044.jpg","이미지 너비":800},"데이터셋 정보":{"파일 생성일자":"2020-09-17 07:05:56","데이터셋 상세설명":{"렉트좌표":{"아우터":[{}],"하의":[{}],"원피스":[{"X좌표":137.5,"Y좌표":9.49375,"가로":473,"세로":818}],"상의":[{}]},"폴리곤좌표":{"아우터":[{}],"하의":[{}],"원피스":[{"Y좌표9":155.902,"X좌표19":215.0,"X좌표18":191.0,"X좌표17":202.0,"X좌표16":280.0,"X좌표15":418.0,"X좌표14":566.0,"X좌표13":551.0,"X좌표12":536.0,"X좌표11":526.0,"Y좌표4":18.9881,"X좌표10":611.0,"Y좌표3":199.875,"Y좌표2":423.735,"Y좌표1":494.69,"Y좌표8":115.927,"Y좌표7":45.9712,"Y좌표6":9.99375,"Y좌표5":13.9912,"Y좌표15":825.15,"Y좌표14":812.158,"X좌표8":559.0,"Y좌표17":826.15,"X좌표9":608.0,"Y좌표16":828.148,"Y좌표11":279.825,"Y좌표10":235.852,"Y좌표13":748.198,"Y좌표12":447.72,"X좌표2":138.0,"X좌표3":152.0,"X좌표1":212.0,"X좌표6":448.0,"Y좌표19":497.355,"X좌표7":523.0,"Y좌표18":729.21,"X좌표4":214.0,"X좌표5":332.0}],"상의":[{}]},"라벨링":{"스타일":[{"스타일":"스트리트","서브스타일":"컨트리"}],"아우터":[{}],"하의":[{}],"원피스":[{"기장":"미디","색상":"블랙","서브색상":"레드","카테고리":"드레스","디테일":["드롭숄더","슬릿"],"소매기장":"긴팔","소재":["저지"],"프린트":["체크","무지"],"넥라인":"라운드넥","핏":"오버사이즈"}],"상의":[{}]}},"파일 번호":471018,"파일 이름":"u_157311563171744300_2002421044.jpg"}}