{"이미지 정보":{"이미지 식별자":477894,"이미지 높이":1066,"이미지 파일명":"u_155047417214817200_1288058537.jpg","이미지 너비":800},"데이터셋 정보":{"파일 생성일자":"2020-09-18 06:57:10","데이터셋 상세설명":{"렉트좌표":{"아우터":[{}],"하의":[{}],"원피스":[{}],"상의":[{"X좌표":3.20312,"Y좌표":57.5,"가로":746,"세로":831}]},"폴리곤좌표":{"아우터":[{}],"하의":[{}],"원피스":[{}],"상의":[{"X좌표39":705.703,"X좌표38":686.703,"X좌표37":662.703,"X좌표36":616.703,"X좌표35":573.703,"X좌표34":524.703,"X좌표33":516.703,"X좌표32":491.703,"X좌표31":456.703,"X좌표30":409.703,"X좌표49":645.703,"X좌표48":662.703,"X좌표47":680.703,"X좌표46":711.703,"X좌표45":740.703,"X좌표44":741.703,"X좌표43":749.703,"X좌표42":724.703,"X좌표41":718.703,"X좌표40":699.703,"Y좌표26":76.0,"Y좌표25":88.0,"Y좌표28":99.0,"Y좌표27":60.0,"Y좌표22":273.0,"Y좌표21":458.0,"Y좌표24":128.0,"Y좌표23":196.0,"Y좌표20":510.0,"X좌표54":575.703,"X좌표53":594.703,"X좌표52":620.703,"X좌표51":640.703,"X좌표50":625.703,"Y좌표29":126.0,"Y좌표15":504.0,"Y좌표14":482.0,"Y좌표17":548.0,"Y좌표16":525.0,"Y좌표11":401.0,"Y좌표10":389.0,"Y좌표13":423.0,"Y좌표12":404.0,"Y좌표19":525.0,"Y좌표18":524.0,"Y좌표48":889.0,"Y좌표47":879.0,"Y좌표49":854.0,"Y좌표44":828.0,"Y좌표43":768.0,"Y좌표46":871.0,"Y좌표45":870.0,"Y좌표40":426.0,"Y좌표42":694.0,"Y좌표41":546.0,"Y좌표37":144.0,"Y좌표36":80.0,"X좌표8":171.703,"Y좌표39":362.0,"X좌표9":139.703,"Y좌표38":254.0,"Y좌표33":114.0,"Y좌표32":135.0,"Y좌표35":63.0,"Y좌표34":58.0,"Y좌표31":155.0,"Y좌표30":148.0,"X좌표2":474.703,"X좌표3":308.703,"X좌표1":573.703,"X좌표6":208.703,"X좌표7":194.703,"X좌표4":281.703,"X좌표5":275.703,"Y좌표9":367.0,"X좌표19":136.703,"X좌표18":182.703,"X좌표17":212.703,"X좌표16":230.703,"X좌표15":252.703,"X좌표14":260.703,"X좌표13":210.703,"X좌표12":185.703,"X좌표11":153.703,"Y좌표4":537.0,"X좌표10":136.703,"Y좌표3":577.0,"Y좌표2":576.0,"Y좌표1":563.0,"Y좌표8":359.0,"Y좌표7":352.0,"Y좌표6":426.0,"Y좌표5":496.0,"Y좌표54":562.0,"Y좌표51":780.0,"Y좌표50":820.0,"Y좌표53":584.0,"Y좌표52":658.0,"X좌표29":375.703,"X좌표28":358.703,"X좌표27":327.703,"X좌표26":261.703,"X좌표25":207.703,"X좌표24":160.703,"X좌표23":88.7031,"X좌표22":3.70312,"X좌표21":4.70312,"X좌표20":77.7031}]},"라벨링":{"스타일":[{"스타일":"소피스트케이티드","서브스타일":"페미닌"}],"아우터":[{}],"하의":[{"카테고리":"스커트","소재":["우븐"],"프린트":["무지"],"핏":"노멀"}],"원피스":[{}],"상의":[{"색상":"화이트","카테고리":"블라우스","디테일":["러플"],"소매기장":"긴팔","소재":["시폰"],"프린트":["무지"],"넥라인":"라운드넥","핏":"노멀"}]}},"파일 번호":477894,"파일 이름":"u_155047417214817200_1288058537.jpg"}}