{"이미지 정보":{"이미지 식별자":488692,"이미지 높이":800,"이미지 파일명":"cd1014c07-600_6.jpg","이미지 너비":800},"데이터셋 정보":{"파일 생성일자":"2020-10-06 17:10:55","데이터셋 상세설명":{"렉트좌표":{"아우터":[{}],"하의":[{"X좌표":214.375,"Y좌표":271.516,"가로":394,"세로":516}],"원피스":[{}],"상의":[{"X좌표":162.375,"Y좌표":8.51562,"가로":454,"세로":348}]},"폴리곤좌표":{"아우터":[{}],"하의":[{"X좌표8":279.875,"X좌표2":214.875,"Y좌표4":788.266,"X좌표3":232.875,"Y좌표3":779.266,"Y좌표2":594.016,"X좌표1":278.875,"Y좌표1":273.016,"X좌표6":527.875,"Y좌표8":272.016,"X좌표7":482.875,"Y좌표7":283.016,"X좌표4":406.875,"Y좌표6":337.266,"X좌표5":609.875,"Y좌표5":719.266}],"원피스":[{}],"상의":[{"X좌표2":162.875,"Y좌표4":313.016,"X좌표3":244.875,"Y좌표3":358.016,"Y좌표2":248.016,"X좌표1":219.875,"Y좌표1":9.01562,"X좌표6":517.875,"X좌표4":614.875,"Y좌표6":16.0156,"X좌표5":617.875,"Y좌표5":96.0156}]},"라벨링":{"스타일":[{"스타일":"클래식","서브스타일":"스트리트"}],"아우터":[{"카테고리":"가디건","디테일":["포켓","단추"],"소재":["니트"],"프린트":["무지"],"넥라인":"노카라","핏":"루즈"}],"하의":[{"기장":"미니","색상":"블랙","카테고리":"스커트","소재":["우븐"],"프린트":["무지"],"핏":"루즈"}],"원피스":[{}],"상의":[{"색상":"화이트","서브색상":"블랙","소매기장":"반팔"}]}},"파일 번호":488692,"파일 이름":"cd1014c07-600_6.jpg"}}