{"이미지 정보":{"이미지 식별자":489933,"이미지 높이":1049,"이미지 파일명":"jk1750c98-s_5.jpg","이미지 너비":800},"데이터셋 정보":{"파일 생성일자":"2020-10-06 17:18:52","데이터셋 상세설명":{"렉트좌표":{"아우터":[{"X좌표":5.13715,"Y좌표":1.53811,"가로":758,"세로":836}],"하의":[{}],"원피스":[{}],"상의":[{}]},"폴리곤좌표":{"아우터":[{"Y좌표47":20.0297,"Y좌표44":63.0095,"Y좌표43":21.0292,"Y좌표46":74.0043,"Y좌표45":80.0015,"Y좌표40":116.984,"Y좌표42":15.032,"Y좌표41":107.988,"X좌표39":10.6341,"X좌표38":5.63715,"X좌표37":23.6261,"X좌표36":74.5947,"X좌표35":169.536,"X좌표34":194.521,"X좌표33":170.536,"X좌표32":139.555,"X좌표31":152.547,"X좌표30":251.486,"Y좌표37":350.874,"Y좌표36":371.865,"X좌표8":719.198,"Y좌표39":170.959,"X좌표9":653.238,"Y좌표38":199.945,"Y좌표33":553.779,"Y좌표32":742.69,"Y좌표35":338.88,"Y좌표34":379.861,"Y좌표31":769.678,"Y좌표30":778.674,"X좌표47":376.409,"X좌표46":281.467,"X좌표45":233.497,"X좌표44":220.505,"X좌표2":569.29,"X좌표43":152.547,"X좌표3":623.257,"X좌표42":127.562,"X좌표41":92.5836,"X좌표1":499.333,"X좌표40":52.6082,"X좌표6":764.17,"X좌표7":746.181,"X좌표4":673.226,"X좌표5":736.187,"Y좌표26":577.768,"Y좌표25":371.865,"Y좌표28":776.674,"Y좌표9":434.835,"Y좌표27":701.71,"Y좌표22":121.982,"Y좌표21":20.0297,"Y좌표24":260.917,"Y좌표23":178.955,"Y좌표20":2.03811,"X좌표19":509.327,"X좌표18":496.335,"X좌표17":442.368,"X좌표16":436.372,"X좌표15":421.381,"X좌표14":443.368,"X좌표13":580.283,"X좌표12":667.23,"X좌표11":701.209,"Y좌표4":98.9926,"X좌표10":671.227,"Y좌표3":81.001,"Y좌표2":62.01,"Y좌표1":6.03623,"Y좌표8":451.827,"Y좌표7":430.837,"Y좌표29":793.667,"Y좌표6":157.965,"Y좌표5":181.954,"Y좌표15":727.697,"Y좌표14":838.645,"Y좌표17":287.904,"Y좌표16":548.781,"Y좌표11":740.691,"Y좌표10":581.766,"Y좌표13":814.657,"Y좌표12":787.669,"X좌표29":347.427,"X좌표28":383.405,"X좌표27":395.397,"X좌표26":410.388,"X좌표25":428.377,"X좌표24":428.377,"X좌표23":401.393,"X좌표22":376.409,"X좌표21":377.408,"X좌표20":494.336,"Y좌표19":68.0071,"Y좌표18":145.971}],"하의":[{}],"원피스":[{}],"상의":[{}]},"라벨링":{"스타일":[{"스타일":"스트리트"}],"아우터":[{"기장":"하프","색상":"스카이블루","카테고리":"재킷","옷깃":"셔츠칼라","디테일":["포켓","드롭숄더"],"소매기장":"긴팔","소재":["데님"],"프린트":["무지"],"핏":"루즈"}],"하의":[{}],"원피스":[{}],"상의":[{}]}},"파일 번호":489933,"파일 이름":"jk1750c98-s_5.jpg"}}