{"이미지 정보":{"이미지 식별자":509429,"이미지 높이":1049,"이미지 파일명":"cd738c98-s_9.jpg","이미지 너비":800},"데이터셋 정보":{"파일 생성일자":"2020-10-12 18:26:49","데이터셋 상세설명":{"렉트좌표":{"아우터":[{"X좌표":1.52998,"Y좌표":1.49905,"가로":761,"세로":691}],"하의":[{"X좌표":161.43,"Y좌표":623.203,"가로":393,"세로":381}],"원피스":[{}],"상의":[{}]},"폴리곤좌표":{"아우터":[{"Y좌표9":495.764,"Y좌표22":59.9714,"Y좌표21":1.99905,"Y좌표23":47.9771,"Y좌표20":5.99714,"X좌표19":4.02873,"X좌표18":2.02998,"X좌표17":159.931,"X좌표16":197.907,"X좌표15":183.916,"X좌표14":359.806,"X좌표13":389.787,"X좌표12":443.754,"X좌표11":489.725,"Y좌표4":71.9657,"X좌표10":553.685,"Y좌표3":41.98,"Y좌표2":263.874,"Y좌표1":45.9781,"Y좌표8":451.785,"Y좌표7":271.87,"Y좌표6":205.902,"Y좌표5":117.944,"Y좌표15":637.696,"Y좌표14":637.696,"X좌표8":763.554,"Y좌표17":389.814,"X좌표9":593.66,"Y좌표16":499.762,"Y좌표11":673.679,"Y좌표10":657.686,"Y좌표13":675.678,"Y좌표12":693.669,"X좌표23":325.827,"X좌표22":215.896,"X좌표2":385.79,"X좌표21":153.935,"X좌표3":579.669,"X좌표20":95.9712,"X좌표1":323.829,"X좌표6":757.557,"Y좌표19":95.9542,"X좌표7":763.554,"Y좌표18":439.79,"X좌표4":715.584,"X좌표5":735.571}],"하의":[{"Y좌표9":643.693,"X좌표17":391.786,"X좌표16":329.825,"X좌표15":247.876,"X좌표14":273.86,"X좌표13":359.806,"X좌표12":529.7,"X좌표11":555.684,"Y좌표4":677.677,"X좌표10":547.689,"Y좌표3":701.665,"Y좌표2":655.687,"Y좌표1":637.696,"Y좌표8":683.674,"Y좌표7":645.692,"Y좌표6":635.697,"Y좌표5":623.703,"Y좌표15":785.625,"Y좌표14":817.61,"X좌표8":425.765,"Y좌표17":639.695,"X좌표9":481.73,"Y좌표16":753.641,"Y좌표11":969.538,"Y좌표10":663.683,"Y좌표13":869.585,"Y좌표12":1005.52,"X좌표2":237.882,"X좌표3":197.907,"X좌표1":327.826,"X좌표6":323.829,"X좌표7":395.784,"X좌표4":161.93,"X좌표5":205.902}],"원피스":[{}],"상의":[{}]},"라벨링":{"스타일":[{"스타일":"로맨틱","서브스타일":"스트리트"}],"아우터":[{"기장":"노말","색상":"블랙","서브색상":"핑크","카테고리":"가디건","디테일":["자수"],"소매기장":"긴팔","소재":["니트"],"넥라인":"브이넥","핏":"노멀"}],"하의":[{"기장":"미니","색상":"블랙","카테고리":"스커트","소재":["울\/캐시미어"],"핏":"노멀"}],"원피스":[{}],"상의":[{}]}},"파일 번호":509429,"파일 이름":"cd738c98-s_9.jpg"}}