{"이미지 정보":{"이미지 식별자":511017,"이미지 높이":800,"이미지 파일명":"nb1172c07-600_2.jpg","이미지 너비":800},"데이터셋 정보":{"파일 생성일자":"2020-10-12 18:36:29","데이터셋 상세설명":{"렉트좌표":{"아우터":[{}],"하의":[{"X좌표":197.492,"Y좌표":468.763,"가로":359,"세로":312}],"원피스":[{}],"상의":[{"X좌표":102.786,"Y좌표":4.81976,"가로":513,"세로":661}]},"폴리곤좌표":{"아우터":[{}],"하의":[{"X좌표8":556.439,"X좌표9":239.951,"Y좌표9":469.263,"Y좌표10":277.675,"X좌표2":197.992,"Y좌표4":643.091,"X좌표10":275.916,"X좌표3":361.032,"Y좌표3":782.154,"Y좌표2":765.371,"X좌표1":235.156,"Y좌표1":474.058,"X좌표6":444.949,"Y좌표8":541.192,"X좌표7":557.638,"Y좌표7":755.78,"X좌표4":387.406,"Y좌표6":773.763,"X좌표5":386.207,"Y좌표5":776.16}],"원피스":[{}],"상의":[{"Y좌표9":619.115,"Y좌표21":277.675,"Y좌표20":59.2666,"X좌표19":289.103,"X좌표18":347.845,"X좌표17":405.388,"X좌표16":452.142,"X좌표15":561.234,"X좌표14":616.38,"X좌표13":611.585,"X좌표12":515.679,"X좌표11":449.744,"Y좌표4":462.07,"X좌표10":538.457,"Y좌표3":358.971,"Y좌표2":217.511,"Y좌표1":60.4654,"Y좌표8":650.284,"Y좌표7":667.068,"Y좌표6":601.133,"Y좌표5":593.94,"Y좌표15":25.6997,"Y좌표14":156.371,"X좌표8":402.99,"Y좌표17":104.822,"X좌표9":538.457,"Y좌표16":5.31976,"Y좌표11":536.396,"Y좌표10":555.578,"Y좌표13":267.861,"Y좌표12":246.282,"X좌표2":103.286,"X좌표21":275.916,"X좌표3":220.77,"X좌표20":202.788,"X좌표1":200.39,"X좌표6":256.735,"Y좌표19":5.31976,"X좌표7":285.506,"Y좌표18":11.3139,"X좌표4":226.764,"X좌표5":220.77}]},"라벨링":{"스타일":[{"스타일":"스트리트","서브스타일":"젠더리스"}],"아우터":[{}],"하의":[{"기장":"니렝스","색상":"블랙","카테고리":"팬츠","소재":["우븐"],"프린트":["무지"],"핏":"노멀"}],"원피스":[{}],"상의":[{"기장":"롱","색상":"화이트","카테고리":"셔츠","옷깃":"셔츠칼라","소매기장":"긴팔","소재":["우븐"],"프린트":["무지"],"핏":"루즈"}]}},"파일 번호":511017,"파일 이름":"nb1172c07-600_2.jpg"}}