{"이미지 정보":{"이미지 식별자":514522,"이미지 높이":1049,"이미지 파일명":"nt2097c06-s_5.jpg","이미지 너비":800},"데이터셋 정보":{"파일 생성일자":"2020-10-12 18:58:22","데이터셋 상세설명":{"렉트좌표":{"아우터":[{}],"하의":[{"X좌표":226.5,"Y좌표":255.251,"가로":277,"세로":630}],"원피스":[{}],"상의":[{"X좌표":289.5,"Y좌표":0.499809,"가로":210,"세로":336}]},"폴리곤좌표":{"아우터":[{}],"하의":[{"X좌표8":227.0,"X좌표9":259.0,"X좌표2":381.0,"X좌표3":299.0,"X좌표1":478.0,"X좌표6":271.0,"X좌표7":247.0,"X좌표4":279.0,"X좌표5":272.0,"Y좌표26":412.721,"Y좌표25":577.69,"Y좌표28":255.751,"Y좌표9":872.634,"Y좌표27":344.734,"Y좌표22":829.642,"Y좌표21":824.643,"Y좌표24":774.652,"Y좌표23":795.648,"Y좌표20":806.646,"X좌표19":392.0,"X좌표18":388.0,"X좌표17":393.0,"X좌표16":364.0,"X좌표15":345.0,"X좌표14":344.0,"X좌표13":338.0,"X좌표12":326.0,"X좌표11":307.0,"Y좌표4":343.934,"X좌표10":284.0,"Y좌표3":261.95,"Y좌표2":273.948,"Y좌표1":258.951,"Y좌표8":852.637,"Y좌표7":742.658,"Y좌표6":610.684,"Y좌표5":497.905,"Y좌표15":700.666,"Y좌표14":839.64,"Y좌표17":430.718,"Y좌표16":630.68,"Y좌표11":886.631,"Y좌표10":879.632,"Y좌표13":859.636,"Y좌표12":866.635,"X좌표28":479.0,"X좌표27":504.0,"X좌표26":503.0,"X좌표25":474.0,"X좌표24":484.0,"X좌표23":473.0,"X좌표22":450.0,"X좌표21":408.0,"X좌표20":369.0,"Y좌표19":678.671,"Y좌표18":590.687}],"원피스":[{}],"상의":[{"Y좌표9":7.99847,"Y좌표22":291.944,"Y좌표21":310.941,"Y좌표20":325.938,"X좌표19":427.0,"X좌표18":392.0,"X좌표17":340.0,"X좌표16":290.0,"X좌표15":290.0,"X좌표14":291.0,"X좌표13":300.0,"X좌표12":290.0,"X좌표11":292.0,"Y좌표4":13.9973,"X좌표10":308.0,"Y좌표3":120.977,"Y좌표2":181.965,"Y좌표1":292.944,"Y좌표8":0.999809,"Y좌표7":93.9821,"Y좌표6":59.9886,"Y좌표5":6.99867,"Y좌표15":306.941,"Y좌표14":248.953,"X좌표8":321.0,"Y좌표17":336.936,"X좌표9":300.0,"Y좌표16":337.936,"Y좌표11":93.9821,"Y좌표10":45.9912,"Y좌표13":192.963,"Y좌표12":123.976,"X좌표22":497.0,"X좌표2":483.0,"X좌표21":497.0,"X좌표3":500.0,"X좌표20":468.0,"X좌표1":497.0,"X좌표6":452.0,"Y좌표19":336.936,"X좌표7":411.0,"Y좌표18":335.936,"X좌표4":495.0,"X좌표5":475.0}]},"라벨링":{"스타일":[{"스타일":"리조트","서브스타일":"페미닌"}],"아우터":[{}],"하의":[{"기장":"발목","색상":"블랙","카테고리":"청바지","디테일":["디스트로이드"],"소재":["데님"],"프린트":["무지"],"핏":"벨보텀"}],"원피스":[{}],"상의":[{"기장":"노멀","색상":"베이지","카테고리":"탑","소매기장":"민소매","소재":["니트"],"프린트":["무지"],"넥라인":"오프숄더","핏":"타이트"}]}},"파일 번호":514522,"파일 이름":"nt2097c06-s_5.jpg"}}