{"이미지 정보":{"이미지 식별자":525099,"이미지 높이":1049,"이미지 파일명":"t4454k07-s_9.jpg","이미지 너비":800},"데이터셋 정보":{"파일 생성일자":"2020-10-12 20:02:08","데이터셋 상세설명":{"렉트좌표":{"아우터":[{"X좌표":228.3,"Y좌표":-0.5,"가로":424,"세로":339}],"하의":[{"X좌표":256.5,"Y좌표":239.454,"가로":279,"세로":711}],"원피스":[{}],"상의":[{}]},"폴리곤좌표":{"아우터":[{"Y좌표40":3.99924,"X좌표39":288.8,"X좌표38":248.8,"X좌표37":236.8,"X좌표36":228.8,"X좌표35":233.8,"X좌표34":271.8,"X좌표33":292.8,"X좌표32":284.8,"X좌표31":264.8,"X좌표30":279.8,"Y좌표37":117.978,"Y좌표36":201.961,"X좌표8":565.8,"Y좌표39":27.9947,"X좌표9":557.8,"Y좌표38":71.9863,"Y좌표33":210.96,"Y좌표32":268.949,"Y좌표35":222.957,"Y좌표34":218.958,"Y좌표31":334.936,"Y좌표30":332.937,"X좌표2":488.8,"X좌표3":532.8,"X좌표1":438.8,"X좌표40":364.8,"X좌표6":652.8,"X좌표7":631.8,"X좌표4":601.8,"X좌표5":644.8,"Y좌표26":56.9891,"Y좌표25":2.99943,"Y좌표28":339.935,"Y좌표9":148.972,"Y좌표27":207.96,"Y좌표22":72.9861,"Y좌표21":126.976,"Y좌표24":0.999809,"Y좌표23":40.9922,"Y좌표20":167.968,"X좌표19":469.8,"X좌표18":471.8,"X좌표17":490.8,"X좌표16":504.8,"X좌표15":572.8,"X좌표14":566.8,"X좌표13":567.8,"X좌표12":560.8,"X좌표11":546.8,"Y좌표4":43.9916,"X좌표10":560.8,"Y좌표3":7.99847,"Y좌표2":7.99847,"Y좌표1":0.0,"Y좌표8":176.966,"Y좌표7":169.968,"Y좌표29":332.937,"Y좌표6":168.968,"Y좌표5":131.975,"Y좌표15":319.939,"Y좌표14":270.948,"Y좌표17":305.942,"Y좌표16":334.936,"Y좌표11":116.978,"Y좌표10":139.973,"Y좌표13":230.956,"Y좌표12":190.964,"X좌표29":315.8,"X좌표28":369.8,"X좌표27":362.8,"X좌표26":356.8,"X좌표25":366.8,"X좌표24":440.8,"X좌표23":461.8,"X좌표22":472.8,"X좌표21":488.8,"X좌표20":489.8,"Y좌표19":222.957,"Y좌표18":265.949}],"하의":[{"X좌표35":353.0,"X좌표34":294.0,"X좌표33":272.0,"X좌표32":257.0,"X좌표31":267.0,"X좌표30":295.0,"X좌표8":536.0,"X좌표9":526.0,"Y좌표33":328.737,"Y좌표32":364.73,"Y좌표35":240.954,"Y좌표34":254.951,"Y좌표31":469.71,"Y좌표30":581.689,"X좌표2":387.0,"X좌표3":463.0,"X좌표1":357.0,"X좌표6":512.0,"X좌표7":525.0,"X좌표4":464.0,"X좌표5":496.0,"Y좌표26":864.635,"Y좌표25":740.659,"Y좌표28":890.63,"Y좌표9":734.66,"Y좌표27":890.63,"Y좌표22":616.682,"Y좌표21":547.696,"Y좌표24":677.671,"Y좌표23":629.68,"Y좌표20":476.709,"X좌표19":388.0,"X좌표18":432.0,"X좌표17":413.0,"X좌표16":416.0,"X좌표15":387.0,"X좌표14":362.0,"X좌표13":406.0,"X좌표12":459.0,"X좌표11":507.0,"Y좌표4":255.951,"X좌표10":517.0,"Y좌표3":239.954,"Y좌표2":245.953,"Y좌표1":242.954,"Y좌표8":626.68,"Y좌표7":519.901,"Y좌표29":654.675,"Y좌표6":397.924,"Y좌표5":309.941,"Y좌표15":816.644,"Y좌표14":887.631,"Y좌표17":631.68,"Y좌표16":676.671,"Y좌표11":951.619,"Y좌표10":847.638,"Y좌표13":916.625,"Y좌표12":938.621,"X좌표29":291.0,"X좌표28":300.0,"X좌표27":356.0,"X좌표26":404.0,"X좌표25":392.0,"X좌표24":393.0,"X좌표23":387.0,"X좌표22":392.0,"X좌표21":377.0,"X좌표20":387.0,"Y좌표19":430.718,"Y좌표18":577.69}],"원피스":[{}],"상의":[{}]},"라벨링":{"스타일":[{"스타일":"스트리트","서브스타일":"페미닌"}],"아우터":[{"기장":"노말","카테고리":"재킷","옷깃":"테일러드칼라","디테일":["포켓","단추"],"소재":["린넨"],"프린트":["무지"],"넥라인":"브이넥","핏":"노멀"}],"하의":[{"기장":"발목","색상":"블루","카테고리":"청바지","소재":["데님"],"프린트":["무지"],"핏":"와이드"}],"원피스":[{}],"상의":[{"색상":"베이지","소매기장":"반팔"}]}},"파일 번호":525099,"파일 이름":"t4454k07-s_9.jpg"}}