{"이미지 정보":{"이미지 식별자":55016,"이미지 높이":800,"이미지 파일명":"Blueice_006_13.jpg","이미지 너비":800},"데이터셋 정보":{"파일 생성일자":"2020-08-10 02:15:34","데이터셋 상세설명":{"렉트좌표":{"아우터":[{}],"하의":[{"X좌표":218.375,"Y좌표":236.516,"가로":187,"세로":449}],"원피스":[{}],"상의":[{"X좌표":214.375,"Y좌표":1.51562,"가로":212,"세로":318}]},"폴리곤좌표":{"아우터":[{}],"하의":[{"Y좌표9":602.016,"Y좌표22":238.016,"Y좌표21":239.016,"Y좌표20":237.016,"X좌표19":218.875,"X좌표18":219.875,"X좌표17":226.875,"X좌표16":228.875,"X좌표15":261.875,"X좌표14":266.875,"X좌표13":286.875,"X좌표12":279.875,"X좌표11":287.875,"Y좌표4":532.016,"X좌표10":293.875,"Y좌표3":452.016,"Y좌표2":327.016,"Y좌표1":243.016,"Y좌표8":679.016,"Y좌표7":674.016,"Y좌표6":687.016,"Y좌표5":658.016,"Y좌표15":663.016,"Y좌표14":676.016,"X좌표8":344.875,"Y좌표17":551.016,"X좌표9":318.875,"Y좌표16":648.016,"Y좌표11":449.016,"Y좌표10":534.016,"Y좌표13":664.016,"Y좌표12":581.016,"X좌표22":366.875,"X좌표2":371.875,"X좌표21":297.875,"X좌표3":359.875,"X좌표20":232.875,"X좌표1":373.875,"X좌표6":388.875,"Y좌표19":332.016,"X좌표7":376.875,"Y좌표18":433.016,"X좌표4":371.875,"X좌표5":406.875}],"원피스":[{}],"상의":[{"Y좌표9":262.016,"X좌표17":362.875,"X좌표16":326.875,"X좌표15":283.875,"X좌표14":253.875,"X좌표13":242.875,"X좌표12":234.875,"X좌표11":214.875,"Y좌표4":204.016,"X좌표10":218.875,"Y좌표3":111.016,"Y좌표2":53.0156,"Y좌표1":4.01562,"Y좌표8":236.016,"Y좌표7":232.016,"Y좌표6":271.016,"Y좌표5":321.016,"Y좌표15":2.01562,"Y좌표14":19.0156,"X좌표8":243.875,"Y좌표17":2.01562,"X좌표9":226.875,"Y좌표16":8.01562,"Y좌표11":147.016,"Y좌표10":223.016,"Y좌표13":71.0156,"Y좌표12":137.016,"X좌표2":393.875,"X좌표3":414.875,"X좌표1":363.875,"X좌표6":316.875,"X좌표7":307.875,"X좌표4":427.875,"X좌표5":367.875}]},"라벨링":{"스타일":[{"스타일":"스트리트"}],"아우터":[{}],"하의":[{"기장":"미디","색상":"블랙","카테고리":"청바지","소재":["데님"],"핏":"노멀"}],"원피스":[{}],"상의":[{"기장":"노멀","색상":"핑크","카테고리":"니트웨어","소매기장":"긴팔","소재":["니트"],"넥라인":"라운드넥","핏":"노멀"}]}},"파일 번호":55016,"파일 이름":"Blueice_006_13.jpg"}}