{"이미지 정보":{"이미지 식별자":561454,"이미지 높이":947,"이미지 파일명":"IMG_7841.JPG","이미지 너비":800},"데이터셋 정보":{"파일 생성일자":"2020-10-19 11:36:52","데이터셋 상세설명":{"렉트좌표":{"아우터":[{"X좌표":177.375,"Y좌표":1.51405,"가로":424,"세로":870}],"하의":[{}],"원피스":[{}],"상의":[{}]},"폴리곤좌표":{"아우터":[{"X좌표8":584.875,"X좌표9":601.875,"X좌표2":588.875,"X좌표3":574.875,"X좌표1":451.875,"X좌표6":563.875,"X좌표7":571.875,"X좌표4":559.875,"X좌표5":554.875,"Y좌표26":6.01091,"Y좌표25":82.9506,"Y좌표9":630.021,"Y좌표22":106.932,"Y좌표21":138.907,"Y좌표24":4.01248,"Y좌표23":41.9827,"Y좌표20":183.871,"X좌표19":232.875,"X좌표18":232.875,"X좌표17":214.875,"X좌표16":179.875,"X좌표15":186.875,"X좌표14":208.875,"X좌표13":371.875,"X좌표12":408.875,"X좌표11":423.875,"Y좌표4":135.909,"X좌표10":602.875,"Y좌표3":86.9474,"Y좌표2":48.9772,"Y좌표1":2.01405,"Y좌표8":523.605,"Y좌표7":395.705,"Y좌표6":276.799,"Y좌표5":205.854,"Y좌표15":743.932,"Y좌표14":872.831,"Y좌표17":460.654,"Y좌표16":610.037,"Y좌표11":858.842,"Y좌표10":865.836,"Y좌표13":860.84,"Y좌표12":808.881,"X좌표26":448.875,"X좌표25":374.875,"X좌표24":338.875,"X좌표23":194.875,"X좌표22":194.875,"X좌표21":177.875,"X좌표20":212.875,"Y좌표19":253.817,"Y좌표18":320.764}],"하의":[{}],"원피스":[{}],"상의":[{}]},"라벨링":{"스타일":[{"스타일":"스트리트"}],"아우터":[{"기장":"하프","색상":"카키","서브색상":"실버","카테고리":"패딩","디테일":["지퍼"],"소매기장":"민소매","소재":["패딩"],"넥라인":"후드","핏":"노멀"}],"하의":[{}],"원피스":[{}],"상의":[{}]}},"파일 번호":561454,"파일 이름":"IMG_7841.JPG"}}