{"이미지 정보":{"이미지 식별자":760149,"이미지 높이":800,"이미지 파일명":"20200218(중국,샘플)-bl2849k02(3)-미스홍(샘플,오피스BL)0218얼굴컷-밝기보정-IMG_9223.JPG","이미지 너비":800},"데이터셋 정보":{"파일 생성일자":"2020-11-02 15:42:02","데이터셋 상세설명":{"렉트좌표":{"아우터":[{"X좌표":20.5026,"Y좌표":1.50261,"가로":413,"세로":425}],"하의":[{"X좌표":225.503,"Y좌표":236.503,"가로":162,"세로":441}],"원피스":[{}],"상의":[{}]},"폴리곤좌표":{"아우터":[{"X좌표39":203.003,"X좌표38":301.003,"X좌표37":341.003,"X좌표36":351.003,"X좌표35":351.003,"X좌표34":345.003,"X좌표33":353.003,"X좌표32":397.003,"X좌표31":403.003,"X좌표30":407.003,"Y좌표37":85.0026,"Y좌표36":154.003,"X좌표8":21.0026,"Y좌표39":181.003,"X좌표9":31.0026,"Y좌표38":2.00261,"Y좌표33":428.003,"Y좌표32":412.003,"Y좌표35":276.003,"Y좌표34":406.003,"Y좌표31":398.003,"Y좌표30":360.003,"X좌표2":179.003,"X좌표3":126.003,"X좌표1":219.003,"X좌표6":71.0026,"X좌표7":45.0026,"X좌표4":113.003,"X좌표5":97.0026,"Y좌표26":219.003,"Y좌표25":175.003,"Y좌표28":301.003,"Y좌표9":236.003,"Y좌표27":258.003,"Y좌표22":20.0026,"Y좌표21":4.00261,"Y좌표24":112.003,"Y좌표23":56.0026,"Y좌표20":8.00261,"X좌표19":237.003,"X좌표18":253.003,"X좌표17":239.003,"X좌표16":216.003,"X좌표15":204.003,"X좌표14":184.003,"X좌표13":159.003,"X좌표12":135.003,"X좌표11":133.003,"Y좌표4":75.0026,"X좌표10":90.0026,"Y좌표3":51.0026,"Y좌표2":31.0026,"Y좌표1":11.0026,"Y좌표8":213.003,"Y좌표7":181.003,"Y좌표29":364.003,"Y좌표6":146.003,"Y좌표5":107.003,"Y좌표15":375.003,"Y좌표14":398.003,"Y좌표17":201.003,"Y좌표16":286.003,"Y좌표11":331.003,"Y좌표10":291.003,"Y좌표13":409.003,"Y좌표12":391.003,"X좌표29":428.003,"X좌표28":435.003,"X좌표27":415.003,"X좌표26":409.003,"X좌표25":403.003,"X좌표24":402.003,"X좌표23":393.003,"X좌표22":347.003,"X좌표21":307.003,"X좌표20":220.003,"Y좌표19":31.0026,"Y좌표18":131.003}],"하의":[{"Y좌표9":613.003,"Y좌표22":181.003,"Y좌표21":267.003,"Y좌표20":356.003,"X좌표19":244.003,"X좌표18":269.003,"X좌표17":257.003,"X좌표16":234.003,"X좌표15":251.003,"X좌표14":273.003,"X좌표13":298.003,"X좌표12":310.003,"X좌표11":321.003,"Y좌표4":313.003,"X좌표10":353.003,"Y좌표3":237.003,"Y좌표2":261.003,"Y좌표1":256.003,"Y좌표8":539.003,"Y좌표7":499.003,"Y좌표6":454.003,"Y좌표5":378.003,"Y좌표15":658.003,"Y좌표14":679.003,"X좌표8":366.003,"Y좌표17":572.003,"X좌표9":358.003,"Y좌표16":636.003,"Y좌표11":636.003,"Y좌표10":629.003,"Y좌표13":677.003,"Y좌표12":630.003,"X좌표22":203.003,"X좌표2":320.003,"X좌표21":231.003,"X좌표3":365.003,"X좌표20":226.003,"X좌표1":233.003,"X좌표6":385.003,"Y좌표19":446.003,"X좌표7":372.003,"Y좌표18":537.003,"X좌표4":389.003,"X좌표5":389.003}],"원피스":[{}],"상의":[{}]},"라벨링":{"스타일":[{"스타일":"소피스트케이티드","서브스타일":"스트리트"}],"아우터":[{"기장":"하프","색상":"핑크","카테고리":"재킷","옷깃":"테일러드칼라","소매기장":"긴팔","소재":["우븐"],"프린트":["무지"],"핏":"노멀"}],"하의":[{"기장":"발목","색상":"블루","카테고리":"청바지","소재":["데님"],"프린트":["무지"],"핏":"노멀"}],"원피스":[{}],"상의":[{"카테고리":"블라우스","소재":["우븐"],"넥라인":"브이넥"}]}},"파일 번호":760149,"파일 이름":"20200218(중국,샘플)-bl2849k02(3)-미스홍(샘플,오피스BL)0218얼굴컷-밝기보정-IMG_9223.JPG"}}