{"이미지 정보":{"이미지 식별자":825999,"이미지 높이":1198,"이미지 파일명":"2019_01-1-20190103(대행)-sk2170k91(3)-커피샤워(대행,메리뒤트임SK)1.7-얼굴 잘라주시고 600 파일은 제품 크게 잘보이게 잘라서 작업해주세요-DSC_5818.jpg","이미지 너비":800},"데이터셋 정보":{"파일 생성일자":"2020-11-04 14:52:39","데이터셋 상세설명":{"렉트좌표":{"아우터":[{}],"하의":[{"X좌표":237.375,"Y좌표":195.936,"가로":333,"세로":724}],"원피스":[{}],"상의":[{"X좌표":206.375,"Y좌표":-1.48397,"가로":347,"세로":489}]},"폴리곤좌표":{"아우터":[{}],"하의":[{"Y좌표9":854.167,"X좌표15":304.875,"X좌표14":499.875,"X좌표13":497.875,"X좌표12":482.875,"X좌표11":474.875,"Y좌표4":895.151,"X좌표10":512.875,"Y좌표3":681.238,"Y좌표2":411.348,"Y좌표1":199.434,"Y좌표8":863.164,"Y좌표7":810.185,"Y좌표6":890.153,"Y좌표5":921.14,"Y좌표15":196.436,"Y좌표14":213.429,"X좌표8":559.875,"X좌표9":571.875,"Y좌표11":656.248,"Y좌표10":745.212,"Y좌표13":369.365,"Y좌표12":475.322,"X좌표2":288.875,"X좌표3":258.875,"X좌표1":304.875,"X좌표6":527.875,"X좌표7":519.875,"X좌표4":237.875,"X좌표5":394.875}],"원피스":[{}],"상의":[{"Y좌표9":460.828,"X좌표16":336.875,"X좌표15":544.875,"X좌표14":548.875,"X좌표13":554.875,"X좌표12":476.875,"X좌표11":461.875,"Y좌표4":151.954,"X좌표10":432.875,"Y좌표3":33.0022,"Y좌표2":83.9814,"Y좌표1":3.0144,"Y좌표8":276.903,"Y좌표7":232.921,"Y좌표6":216.927,"Y좌표5":197.935,"Y좌표15":1.01521,"Y좌표14":217.927,"X좌표8":388.875,"X좌표9":344.875,"Y좌표16":-0.983974,"Y좌표11":442.835,"Y좌표10":488.816,"Y좌표13":368.865,"Y좌표12":381.86,"X좌표2":307.875,"X좌표3":256.875,"X좌표1":331.875,"X좌표6":303.875,"X좌표7":346.875,"X좌표4":206.875,"X좌표5":268.875}]},"라벨링":{"스타일":[{"스타일":"스트리트"}],"아우터":[{}],"하의":[{"기장":"미디","색상":"그레이","카테고리":"스커트","디테일":["슬릿"],"소재":["니트"],"프린트":["무지"],"핏":"노멀"}],"원피스":[{}],"상의":[{"기장":"노멀","색상":"그레이","카테고리":"니트웨어","디테일":["드롭숄더"],"소매기장":"긴팔","소재":["니트"],"핏":"오버사이즈"}]}},"파일 번호":825999,"파일 이름":"2019_01-1-20190103(대행)-sk2170k91(3)-커피샤워(대행,메리뒤트임SK)1.7-얼굴 잘라주시고 600 파일은 제품 크게 잘보이게 잘라서 작업해주세요-DSC_5818.jpg"}}