{"이미지 정보":{"이미지 식별자":847520,"이미지 높이":533,"이미지 파일명":"없음-6714-6714-20180130(중국)-pt2220(1)-중국사입(312#)모델컷촬영-09-IMG_0865.jpg","이미지 너비":800},"데이터셋 정보":{"파일 생성일자":"2020-11-04 17:29:34","데이터셋 상세설명":{"렉트좌표":{"아우터":[{}],"하의":[{"X좌표":339.669,"Y좌표":107.069,"가로":156,"세로":335}],"원피스":[{}],"상의":[{"X좌표":306.336,"Y좌표":-4.49368,"가로":236,"세로":218}]},"폴리곤좌표":{"아우터":[{}],"하의":[{"Y좌표9":428.937,"X좌표15":356.003,"X좌표14":496.836,"X좌표13":491.003,"X좌표12":474.336,"X좌표11":473.503,"Y좌표4":440.593,"X좌표10":456.003,"Y좌표3":443.091,"Y좌표2":248.272,"Y좌표1":107.569,"Y좌표8":410.621,"Y좌표7":224.128,"Y좌표6":301.556,"Y좌표5":439.761,"Y좌표15":111.732,"Y좌표14":125.053,"X좌표8":404.336,"X좌표9":416.003,"Y좌표11":375.654,"Y좌표10":437.263,"Y좌표13":209.142,"Y좌표12":279.077,"X좌표2":342.669,"X좌표3":340.169,"X좌표1":360.169,"X좌표6":401.003,"X좌표7":426.836,"X좌표4":362.669,"X좌표5":396.836}],"원피스":[{}],"상의":[{"Y좌표9":191.658,"X좌표15":501.836,"X좌표14":527.669,"X좌표13":543.503,"X좌표12":524.336,"X좌표11":511.003,"Y좌표4":163.351,"X좌표10":479.336,"Y좌표3":132.546,"Y좌표2":61.7785,"Y좌표1":-3.99368,"Y좌표8":190.825,"Y좌표7":165.849,"Y좌표6":159.188,"Y좌표5":173.342,"Y좌표15":0.169131,"Y좌표14":72.6018,"X좌표8":454.336,"X좌표9":466.836,"Y좌표11":214.97,"Y좌표10":210.807,"Y좌표13":142.537,"Y좌표12":203.314,"X좌표2":306.836,"X좌표3":315.169,"X좌표1":321.836,"X좌표6":382.669,"X좌표7":402.669,"X좌표4":336.836,"X좌표5":357.669}]},"라벨링":{"스타일":[{"스타일":"스트리트"}],"아우터":[{}],"하의":[{"기장":"미디","색상":"블루","카테고리":"청바지","소재":["데님"],"핏":"노멀"}],"원피스":[{}],"상의":[{"기장":"노멀","색상":"실버","서브색상":"그린","카테고리":"후드티","디테일":["드롭숄더"],"소매기장":"긴팔","소재":["저지"],"프린트":["레터링"],"핏":"루즈"}]}},"파일 번호":847520,"파일 이름":"없음-6714-6714-20180130(중국)-pt2220(1)-중국사입(312#)모델컷촬영-09-IMG_0865.jpg"}}