{"이미지 정보":{"이미지 식별자":929614,"이미지 높이":800,"이미지 파일명":"20200922sfd-1 (2616).JPG","이미지 너비":800},"데이터셋 정보":{"파일 생성일자":"2020-11-06 16:53:31","데이터셋 상세설명":{"렉트좌표":{"아우터":[{}],"하의":[{"X좌표":277.278,"Y좌표":233.5,"가로":224,"세로":436}],"원피스":[{}],"상의":[{"X좌표":216.833,"Y좌표":-0.277771,"가로":293,"세로":330}]},"폴리곤좌표":{"아우터":[{}],"하의":[{"Y좌표9":487.333,"X좌표17":279.556,"X좌표16":444.889,"X좌표15":476.0,"X좌표14":501.778,"X좌표13":458.222,"X좌표12":437.778,"X좌표11":402.222,"Y좌표4":665.111,"X좌표10":413.778,"Y좌표3":522.889,"Y좌표2":377.111,"Y좌표1":252.667,"Y좌표8":388.667,"Y좌표7":483.778,"Y좌표6":595.778,"Y좌표5":654.445,"Y좌표15":374.444,"Y좌표14":543.333,"X좌표8":385.333,"Y좌표17":254.444,"X좌표9":412.0,"Y좌표16":234.0,"Y좌표11":632.222,"Y좌표10":546.889,"Y좌표13":642.889,"Y좌표12":670.445,"X좌표2":282.222,"X좌표3":317.778,"X좌표1":277.778,"X좌표6":387.111,"X좌표7":380.0,"X좌표4":344.444,"X좌표5":393.333}],"원피스":[{}],"상의":[{"Y좌표9":295.333,"X좌표17":312.444,"X좌표16":346.222,"X좌표15":379.111,"X좌표14":468.0,"X좌표13":480.444,"X좌표12":510.667,"X좌표11":508.889,"Y좌표4":190.444,"X좌표10":465.333,"Y좌표3":128.222,"Y좌표2":57.1111,"Y좌표1":14.4445,"Y좌표8":330.889,"Y좌표7":330.889,"Y좌표6":295.333,"Y좌표5":262.444,"Y좌표15":0.222229,"Y좌표14":28.6667,"X좌표8":381.778,"Y좌표17":10.8889,"X좌표9":470.667,"Y좌표16":30.4445,"Y좌표11":199.333,"Y좌표10":257.111,"Y좌표13":66.8889,"Y좌표12":167.333,"X좌표2":246.667,"X좌표3":220.0,"X좌표1":305.333,"X좌표6":274.222,"X좌표7":275.111,"X좌표4":217.333,"X좌표5":241.333}]},"라벨링":{"스타일":[{"스타일":"스포티","서브스타일":"스트리트"}],"아우터":[{}],"하의":[{"기장":"발목","색상":"옐로우","카테고리":"팬츠","디테일":["스트링"],"소재":["우븐"],"프린트":["무지"],"핏":"노멀"}],"원피스":[{}],"상의":[{"기장":"노멀","색상":"옐로우","카테고리":"후드티","디테일":["포켓","지퍼"],"소매기장":"긴팔","소재":["우븐"],"프린트":["무지"],"넥라인":"후드","핏":"노멀"}]}},"파일 번호":929614,"파일 이름":"20200922sfd-1 (2616).JPG"}}