{"이미지 정보":{"이미지 식별자":947928,"이미지 높이":533,"이미지 파일명":"20191028-pt4185k9a(1)-세븐스타(대행,1082)10.28-얼굴컷 사진 셀렉 신경써주시고 제품컷 색상 맞춰서 작업해주세여~-DHP03544.jpg","이미지 너비":800},"데이터셋 정보":{"파일 생성일자":"2020-11-09 16:44:38","데이터셋 상세설명":{"렉트좌표":{"아우터":[{}],"하의":[{"X좌표":313.5,"Y좌표":104.767,"가로":169,"세로":348}],"원피스":[{}],"상의":[{"X좌표":328.5,"Y좌표":1.49875,"가로":175,"세로":204}]},"폴리곤좌표":{"아우터":[{}],"하의":[{"Y좌표44":117.26,"Y좌표43":112.263,"Y좌표45":121.257,"Y좌표40":121.257,"Y좌표42":109.265,"Y좌표41":105.267,"X좌표39":481.0,"X좌표38":483.0,"X좌표37":481.0,"X좌표36":475.0,"X좌표35":466.0,"X좌표34":472.0,"X좌표33":468.0,"X좌표32":462.0,"X좌표31":458.0,"X좌표30":450.0,"Y좌표37":232.188,"Y좌표36":299.146,"X좌표8":346.0,"Y좌표39":153.237,"X좌표9":330.0,"Y좌표38":187.216,"Y좌표33":375.099,"Y좌표32":431.064,"Y좌표35":338.122,"Y좌표34":353.112,"Y좌표31":442.057,"Y좌표30":454.049,"X좌표45":363.0,"X좌표44":366.0,"X좌표2":356.0,"X좌표43":384.0,"X좌표3":350.0,"X좌표42":414.0,"X좌표41":455.0,"X좌표1":358.0,"X좌표40":475.0,"X좌표6":351.0,"X좌표7":348.0,"X좌표4":349.0,"X좌표5":351.0,"Y좌표26":407.079,"Y좌표25":382.094,"Y좌표28":452.05,"Y좌표9":368.103,"Y좌표27":431.064,"Y좌표22":312.138,"Y좌표21":267.166,"Y좌표24":351.114,"Y좌표23":339.121,"Y좌표20":291.151,"X좌표19":400.0,"X좌표18":380.0,"X좌표17":360.0,"X좌표16":361.0,"X좌표15":353.0,"X좌표14":342.0,"X좌표13":331.0,"X좌표12":321.0,"X좌표11":314.0,"Y좌표4":227.191,"X좌표10":317.0,"Y좌표3":201.207,"Y좌표2":171.226,"Y좌표1":124.256,"Y좌표8":327.129,"Y좌표7":310.139,"Y좌표29":454.049,"Y좌표6":289.152,"Y좌표5":255.174,"Y좌표15":449.052,"Y좌표14":453.05,"Y좌표17":414.074,"Y좌표16":441.057,"Y좌표11":435.061,"Y좌표10":407.079,"Y좌표13":448.053,"Y좌표12":444.055,"X좌표29":438.0,"X좌표28":425.0,"X좌표27":420.0,"X좌표26":420.0,"X좌표25":420.0,"X좌표24":420.0,"X좌표23":416.0,"X좌표22":416.0,"X좌표21":416.0,"X좌표20":411.0,"Y좌표19":334.124,"Y좌표18":372.1}],"원피스":[{}],"상의":[{"X좌표33":479.0,"X좌표32":480.0,"X좌표31":484.0,"X좌표30":488.0,"X좌표8":357.0,"X좌표9":361.0,"Y좌표33":1.99875,"Y좌표32":6.99562,"Y좌표31":29.9812,"Y좌표30":44.9719,"X좌표2":329.0,"X좌표3":333.0,"X좌표1":338.0,"X좌표6":332.0,"X좌표7":340.0,"X좌표4":339.0,"X좌표5":336.0,"Y좌표26":171.892,"Y좌표25":191.88,"Y좌표28":154.903,"Y좌표9":151.905,"Y좌표27":167.895,"Y좌표22":171.892,"Y좌표21":161.899,"Y좌표24":191.88,"Y좌표23":189.881,"Y좌표20":139.912,"X좌표19":448.0,"X좌표18":444.0,"X좌표17":446.0,"X좌표16":438.0,"X좌표15":426.0,"X좌표14":415.0,"X좌표13":407.0,"X좌표12":399.0,"X좌표11":392.0,"Y좌표4":76.9518,"X좌표10":376.0,"Y좌표3":49.9687,"Y좌표2":22.9856,"Y좌표1":1.99875,"Y좌표8":165.896,"Y좌표7":155.902,"Y좌표29":112.929,"Y좌표6":137.914,"Y좌표5":110.931,"Y좌표15":206.871,"Y좌표14":203.872,"Y좌표17":190.881,"Y좌표16":192.879,"Y좌표11":187.882,"Y좌표10":171.892,"Y좌표13":195.877,"Y좌표12":193.879,"X좌표29":504.0,"X좌표28":502.0,"X좌표27":497.0,"X좌표26":487.0,"X좌표25":480.0,"X좌표24":470.0,"X좌표23":456.0,"X좌표22":457.0,"X좌표21":451.0,"X좌표20":444.0,"Y좌표19":155.902,"Y좌표18":176.889}]},"라벨링":{"스타일":[{"스타일":"스트리트","서브스타일":"스포티"}],"아우터":[{}],"하의":[{"기장":"발목","색상":"블루","카테고리":"청바지","소재":["데님"],"핏":"루즈"}],"원피스":[{}],"상의":[{"기장":"노멀","색상":"실버","서브색상":"블랙","카테고리":"후드티","소매기장":"긴팔","소재":["플리스"],"프린트":["그래픽"],"넥라인":"후드","핏":"루즈"}]}},"파일 번호":947928,"파일 이름":"20191028-pt4185k9a(1)-세븐스타(대행,1082)10.28-얼굴컷 사진 셀렉 신경써주시고 제품컷 색상 맞춰서 작업해주세여~-DHP03544.jpg"}}