{"이미지 정보":{"이미지 식별자":972503,"이미지 높이":1049,"이미지 파일명":"따오기-nt2240c08-nt2240c08-s_8.jpg","이미지 너비":800},"데이터셋 정보":{"파일 생성일자":"2020-11-09 19:14:09","데이터셋 상세설명":{"렉트좌표":{"아우터":[{}],"하의":[{"X좌표":47.1113,"Y좌표":430.337,"가로":554,"세로":608}],"원피스":[{}],"상의":[{"X좌표":34.1193,"Y좌표":8.53482,"가로":732,"세로":782}]},"폴리곤좌표":{"아우터":[{}],"하의":[{"Y좌표9":944.596,"X좌표16":215.508,"X좌표15":364.416,"X좌표14":509.327,"X좌표13":535.311,"X좌표12":596.274,"X좌표11":602.27,"Y좌표4":973.582,"X좌표10":580.283,"Y좌표3":607.754,"Y좌표2":509.8,"Y좌표1":445.83,"Y좌표8":968.584,"Y좌표7":997.571,"Y좌표6":1036.55,"Y좌표5":1039.55,"Y좌표15":437.834,"Y좌표14":430.837,"X좌표8":557.298,"X좌표9":583.282,"Y좌표16":449.828,"Y좌표11":728.697,"Y좌표10":892.62,"Y좌표13":523.793,"Y좌표12":653.732,"X좌표2":208.512,"X좌표3":142.553,"X좌표1":212.51,"X좌표6":245.489,"X좌표7":362.418,"X좌표4":47.6113,"X좌표5":79.5916}],"원피스":[{}],"상의":[{"X좌표8":179.53,"X좌표9":233.497,"X좌표2":125.563,"X좌표3":34.6193,"X좌표1":224.502,"X좌표6":98.5799,"X좌표7":131.56,"X좌표4":70.5972,"X좌표5":76.5935,"Y좌표26":9.03482,"Y좌표25":53.0142,"Y좌표9":521.794,"Y좌표22":91.9959,"Y좌표21":278.908,"Y좌표24":12.0334,"Y좌표23":30.025,"Y좌표20":152.967,"X좌표19":766.169,"X좌표18":767.168,"X좌표17":742.184,"X좌표16":703.208,"X좌표15":667.23,"X좌표14":601.27,"X좌표13":535.311,"X좌표12":499.333,"X좌표11":472.35,"Y좌표4":604.755,"X좌표10":247.488,"Y좌표3":69.0067,"Y좌표2":24.0278,"Y좌표1":11.0339,"Y좌표8":632.742,"Y좌표7":791.667,"Y좌표6":788.669,"Y좌표5":734.694,"Y좌표15":413.845,"Y좌표14":491.808,"Y좌표17":245.924,"Y좌표16":322.887,"Y좌표11":481.813,"Y좌표10":493.807,"Y좌표13":529.79,"Y좌표12":520.795,"X좌표26":229.499,"X좌표25":341.43,"X좌표24":443.368,"X좌표23":536.31,"X좌표22":616.261,"X좌표21":622.258,"X좌표20":700.21,"Y좌표19":200.945,"Y좌표18":220.935}]},"라벨링":{"스타일":[{"스타일":"페미닌","서브스타일":"스트리트"}],"아우터":[{}],"하의":[{"기장":"미니","색상":"실버","카테고리":"스커트","디테일":["러플"],"소재":["우븐"],"프린트":["무지"],"핏":"스키니"}],"원피스":[{}],"상의":[{"색상":"네이비","카테고리":"니트웨어","소매기장":"긴팔","소재":["니트"],"프린트":["무지"],"핏":"노멀"}]}},"파일 번호":972503,"파일 이름":"따오기-nt2240c08-nt2240c08-s_8.jpg"}}