{"이미지 정보":{"이미지 식별자":974165,"이미지 높이":1049,"이미지 파일명":"올빼미-ops1593-ops1593-s_01.jpg","이미지 너비":800},"데이터셋 정보":{"파일 생성일자":"2020-11-09 19:23:04","데이터셋 상세설명":{"렉트좌표":{"아우터":[{}],"하의":[{}],"원피스":[{"X좌표":142.142,"Y좌표":-1.46003,"가로":589,"세로":864}],"상의":[{}]},"폴리곤좌표":{"아우터":[{}],"하의":[{}],"원피스":[{"X좌표39":178.642,"X좌표38":241.643,"X좌표37":335.644,"X좌표36":392.644,"X좌표35":448.645,"X좌표34":532.646,"X좌표33":614.647,"X좌표32":652.647,"X좌표31":731.648,"X좌표30":731.648,"X좌표49":199.643,"X좌표48":164.642,"X좌표47":184.642,"X좌표46":209.643,"X좌표45":205.643,"X좌표44":205.643,"X좌표43":200.643,"X좌표42":190.642,"X좌표41":142.642,"X좌표40":146.642,"Y좌표26":433.629,"Y좌표25":371.687,"Y좌표28":556.512,"Y좌표27":488.577,"Y좌표22":407.653,"Y좌표21":406.654,"Y좌표24":305.75,"Y좌표23":302.752,"Y좌표20":401.659,"X좌표54":271.643,"X좌표53":260.643,"X좌표52":239.643,"X좌표51":214.643,"X좌표50":202.643,"Y좌표29":644.429,"Y좌표15":334.722,"Y좌표14":263.789,"Y좌표17":368.69,"Y좌표16":353.704,"Y좌표11":68.9738,"Y좌표10":44.9965,"Y좌표13":191.857,"Y좌표12":155.891,"Y좌표19":392.667,"Y좌표18":383.676,"Y좌표48":333.224,"Y좌표47":349.208,"Y좌표49":176.872,"Y좌표44":408.153,"Y좌표43":426.136,"Y좌표46":376.183,"Y좌표45":390.17,"Y좌표40":812.77,"Y좌표42":516.05,"Y좌표41":783.797,"Y좌표37":863.721,"Y좌표36":857.727,"X좌표8":322.644,"Y좌표39":843.74,"X좌표9":358.644,"Y좌표38":858.726,"Y좌표33":824.758,"Y좌표32":785.795,"Y좌표35":854.73,"Y좌표34":851.733,"Y좌표31":727.35,"Y좌표30":700.376,"X좌표2":280.643,"X좌표3":284.643,"X좌표1":293.643,"X좌표6":305.644,"X좌표7":305.644,"X좌표4":289.643,"X좌표5":298.644,"Y좌표9":11.0286,"X좌표19":583.646,"X좌표18":592.646,"X좌표17":602.646,"X좌표16":607.647,"X좌표15":610.647,"X좌표14":596.646,"X좌표13":562.646,"X좌표12":542.646,"X좌표11":469.645,"Y좌표4":89.9539,"X좌표10":433.645,"Y좌표3":73.969,"Y좌표2":50.9908,"Y좌표1":33.0078,"Y좌표8":-0.960029,"Y좌표7":5.0343,"Y좌표6":41.9993,"Y좌표5":73.969,"Y좌표54":38.0031,"Y좌표51":59.9823,"Y좌표50":104.94,"Y좌표53":27.0135,"Y좌표52":30.0107,"X좌표29":704.648,"X좌표28":637.647,"X좌표27":568.646,"X좌표26":532.646,"X좌표25":482.645,"X좌표24":449.645,"X좌표23":449.645,"X좌표22":533.646,"X좌표21":541.646,"X좌표20":562.646}],"상의":[{}]},"라벨링":{"스타일":[{"스타일":"페미닌","서브스타일":"리조트"}],"아우터":[{}],"하의":[{}],"원피스":[{"기장":"니렝스","색상":"오렌지","카테고리":"드레스","옷깃":"셔츠칼라","디테일":["스트링","단추"],"소매기장":"7부소매","소재":["린넨"],"프린트":["깅엄"],"넥라인":"브이넥","핏":"루즈"}],"상의":[{}]}},"파일 번호":974165,"파일 이름":"올빼미-ops1593-ops1593-s_01.jpg"}}