{"이미지 정보":{"이미지 식별자":974867,"이미지 높이":1049,"이미지 파일명":"6sk1938-1 (410).jpg","이미지 너비":800},"데이터셋 정보":{"파일 생성일자":"2020-11-10 12:38:08","데이터셋 상세설명":{"렉트좌표":{"아우터":[{}],"하의":[{}],"원피스":[{"X좌표":71.5,"Y좌표":2.49943,"가로":629,"세로":1034}],"상의":[{}]},"폴리곤좌표":{"아우터":[{}],"하의":[{}],"원피스":[{"X좌표34":644.0,"X좌표33":121.0,"X좌표32":107.0,"X좌표31":81.0,"X좌표30":72.0,"X좌표8":668.0,"X좌표9":625.0,"Y좌표33":2.99943,"Y좌표32":17.9966,"Y좌표34":2.99943,"Y좌표31":88.983,"Y좌표30":168.968,"X좌표2":673.0,"X좌표3":684.0,"X좌표1":648.0,"X좌표6":685.0,"X좌표7":701.0,"X좌표4":672.0,"X좌표5":671.0,"Y좌표26":269.949,"Y좌표25":250.952,"Y좌표28":116.978,"Y좌표9":940.621,"Y좌표27":172.967,"Y좌표22":209.96,"Y좌표21":380.727,"Y좌표24":217.958,"Y좌표23":197.962,"Y좌표20":606.484,"X좌표19":272.0,"X좌표18":319.0,"X좌표17":332.0,"X좌표16":367.0,"X좌표15":373.0,"X좌표14":384.0,"X좌표13":444.0,"X좌표12":525.0,"X좌표11":559.0,"Y좌표4":330.937,"X좌표10":615.0,"Y좌표3":144.972,"Y좌표2":26.9949,"Y좌표1":3.99924,"Y좌표8":938.621,"Y좌표7":927.623,"Y좌표29":195.963,"Y좌표6":702.866,"Y좌표5":572.891,"Y좌표15":983.412,"Y좌표14":1013.41,"Y좌표17":1035.4,"Y좌표16":1023.4,"Y좌표11":987.612,"Y좌표10":967.615,"Y좌표13":1037.4,"Y좌표12":1027.4,"X좌표29":92.0,"X좌표28":127.0,"X좌표27":143.0,"X좌표26":140.0,"X좌표25":212.0,"X좌표24":229.0,"X좌표23":245.0,"X좌표22":266.0,"X좌표21":276.0,"X좌표20":264.0,"Y좌표19":984.412,"Y좌표18":1015.41}],"상의":[{}]},"라벨링":{"스타일":[{"스타일":"스트리트","서브스타일":"리조트"}],"아우터":[{}],"하의":[{}],"원피스":[{"기장":"미니","색상":"핑크","카테고리":"점프수트","옷깃":"셔츠칼라","디테일":["리본","띠","포켓"],"소매기장":"반팔","소재":["린넨"],"프린트":["무지"],"핏":"노멀"}],"상의":[{}]}},"파일 번호":974867,"파일 이름":"6sk1938-1 (410).jpg"}}