{"이미지 정보":{"이미지 식별자":976402,"이미지 높이":1049,"이미지 파일명":"6sk1938-1 (1945).jpg","이미지 너비":800},"데이터셋 정보":{"파일 생성일자":"2020-11-10 12:46:43","데이터셋 상세설명":{"렉트좌표":{"아우터":[{"X좌표":225.759,"Y좌표":0.499894,"가로":345,"세로":831}],"하의":[{"X좌표":355.0,"Y좌표":302.5,"가로":139,"세로":581}],"원피스":[{}],"상의":[{"X좌표":356.0,"Y좌표":29.5,"가로":85,"세로":273}]},"폴리곤좌표":{"아우터":[{"Y좌표40":17.9981,"Y좌표42":11.9987,"Y좌표41":0.999894,"X좌표39":516.778,"X좌표38":541.778,"X좌표37":553.778,"X좌표36":570.778,"X좌표35":571.778,"X좌표34":516.778,"X좌표33":524.778,"X좌표32":519.778,"X좌표31":470.778,"X좌표30":417.778,"Y좌표37":156.983,"Y좌표36":326.965,"X좌표8":234.259,"Y좌표39":30.9967,"X좌표9":231.259,"Y좌표38":77.9917,"Y좌표33":632.822,"Y좌표32":832.801,"Y좌표35":465.84,"Y좌표34":466.839,"Y좌표31":828.801,"Y좌표30":824.802,"X좌표2":312.259,"X좌표3":263.259,"X좌표42":431.778,"X좌표41":425.778,"X좌표1":364.259,"X좌표40":484.778,"X좌표6":227.259,"X좌표7":227.259,"X좌표4":234.259,"X좌표5":226.259,"Y좌표26":159.983,"Y좌표25":76.9918,"Y좌표28":446.953,"Y좌표9":376.96,"Y좌표27":288.969,"Y좌표22":73.9922,"Y좌표21":161.983,"Y좌표24":11.9987,"Y좌표23":4.99947,"Y좌표20":303.301,"X좌표19":378.259,"X좌표18":388.259,"X좌표17":399.259,"X좌표16":397.259,"X좌표15":378.259,"X좌표14":331.259,"X좌표13":272.259,"X좌표12":277.259,"X좌표11":263.259,"Y좌표4":126.987,"X좌표10":260.259,"Y좌표3":59.9936,"Y좌표2":33.9964,"Y좌표1":4.99947,"Y좌표8":316.966,"Y좌표7":251.973,"Y좌표29":627.933,"Y좌표6":223.976,"Y좌표5":194.979,"Y좌표15":819.802,"Y좌표14":819.802,"Y좌표17":693.815,"Y좌표16":801.804,"Y좌표11":463.951,"Y좌표10":350.963,"Y좌표13":792.805,"Y좌표12":604.825,"X좌표29":416.778,"X좌표28":411.778,"X좌표27":417.778,"X좌표26":416.778,"X좌표25":433.778,"X좌표24":430.778,"X좌표23":366.778,"X좌표22":350.778,"X좌표21":358.778,"X좌표20":369.778,"Y좌표19":443.842,"Y좌표18":571.828}],"하의":[{"Y좌표9":835.0,"Y좌표21":306.0,"Y좌표20":303.0,"X좌표19":418.5,"X좌표18":416.5,"X좌표17":417.5,"X좌표16":416.5,"X좌표15":414.5,"X좌표14":494.5,"X좌표13":486.5,"X좌표12":467.5,"X좌표11":414.5,"Y좌표4":649.0,"X좌표10":388.5,"Y좌표3":565.0,"Y좌표2":438.0,"Y좌표1":304.0,"Y좌표8":838.0,"Y좌표7":824.0,"Y좌표6":796.0,"Y좌표5":746.0,"Y좌표15":812.0,"Y좌표14":832.0,"X좌표8":363.5,"Y좌표17":607.0,"X좌표9":386.5,"Y좌표16":726.0,"Y좌표11":878.0,"Y좌표10":862.0,"Y좌표13":870.0,"Y좌표12":884.0,"X좌표2":373.5,"X좌표21":370.5,"X좌표3":382.5,"X좌표20":423.5,"X좌표1":363.5,"X좌표6":395.5,"Y좌표19":411.0,"X좌표7":355.5,"Y좌표18":494.0,"X좌표4":385.5,"X좌표5":401.5}],"원피스":[{}],"상의":[{"X좌표8":438.5,"X좌표9":441.5,"Y좌표9":30.0,"Y좌표11":40.0,"Y좌표10":41.0,"X좌표11":375.5,"X좌표2":356.5,"Y좌표4":302.0,"X좌표10":418.5,"X좌표3":358.5,"Y좌표3":158.0,"Y좌표2":83.0,"X좌표1":368.5,"Y좌표1":38.0,"X좌표6":416.5,"Y좌표8":72.0,"X좌표7":426.5,"Y좌표7":120.0,"X좌표4":363.5,"Y좌표6":177.0,"X좌표5":412.5,"Y좌표5":303.0}]},"라벨링":{"스타일":[{"스타일":"클래식","서브스타일":"스트리트"}],"아우터":[{"기장":"맥시","색상":"베이지","카테고리":"코트","옷깃":"셔츠칼라","소매기장":"긴팔","소재":["우븐"],"프린트":["무지"],"핏":"루즈"}],"하의":[{"기장":"발목","카테고리":"청바지","소재":["데님"],"프린트":["무지"],"핏":"노멀"}],"원피스":[{}],"상의":[{"기장":"노멀","카테고리":"니트웨어","디테일":["니트꽈베기"],"소재":["니트"],"프린트":["무지"],"넥라인":"라운드넥","핏":"노멀"}]}},"파일 번호":976402,"파일 이름":"6sk1938-1 (1945).jpg"}}