{"이미지 정보":{"이미지 식별자":981545,"이미지 높이":533,"이미지 파일명":"1103 신규작업-4-output-2-(623)-1.jpg","이미지 너비":800},"데이터셋 정보":{"파일 생성일자":"2020-11-10 13:16:37","데이터셋 상세설명":{"렉트좌표":{"아우터":[{}],"하의":[{"X좌표":319.864,"Y좌표":83.3665,"가로":169,"세로":368}],"원피스":[{}],"상의":[{"X좌표":300.864,"Y좌표":0.502151,"가로":211,"세로":224}]},"폴리곤좌표":{"아우터":[{}],"하의":[{"X좌표8":328.364,"X좌표9":320.364,"Y좌표9":166.731,"Y좌표10":103.834,"X좌표2":457.364,"Y좌표4":436.289,"X좌표10":331.364,"X좌표3":489.364,"Y좌표3":292.525,"Y좌표2":83.8665,"X좌표1":331.364,"Y좌표1":101.837,"X좌표6":406.364,"Y좌표8":436.289,"X좌표7":387.364,"Y좌표7":452.263,"X좌표4":484.364,"Y좌표6":377.386,"X좌표5":421.364,"Y좌표5":447.272}],"원피스":[{}],"상의":[{"Y좌표9":3.99725,"X좌표14":466.364,"X좌표13":471.364,"X좌표12":485.364,"X좌표11":512.364,"Y좌표4":225.634,"X좌표10":509.364,"Y좌표3":155.749,"Y좌표2":108.826,"Y좌표1":148.76,"Y좌표8":1.00215,"Y좌표7":36.9433,"Y좌표6":86.8616,"Y좌표5":221.641,"Y좌표14":146.764,"X좌표8":311.364,"X좌표9":490.364,"Y좌표11":49.9221,"Y좌표10":18.9727,"Y좌표13":145.765,"Y좌표12":93.8501,"X좌표2":442.364,"X좌표3":382.364,"X좌표1":461.364,"X좌표6":324.364,"X좌표7":301.364,"X좌표4":337.364,"X좌표5":317.364}]},"라벨링":{"스타일":[{"스타일":"톰보이","서브스타일":"젠더리스"}],"아우터":[{}],"하의":[{"기장":"발목","색상":"그레이","카테고리":"팬츠","디테일":["포켓"],"소재":["우븐"],"프린트":["무지"],"핏":"와이드"}],"원피스":[{}],"상의":[{"색상":"화이트","카테고리":"티셔츠","소매기장":"긴팔","소재":["우븐"],"프린트":["무지"],"핏":"오버사이즈"}]}},"파일 번호":981545,"파일 이름":"1103 신규작업-4-output-2-(623)-1.jpg"}}