{
  "epoch_10": {
    "상의": {
      "color": 0.8723471267442601,
      "sleeve_length": 0.8488884897143617,
      "neckline": 0.7586575409464743,
      "fit": 0.5692891724914481,
      "style": 0.5930335630673791,
      "material": 0.5385088634818839,
      "print": 0.6583520756721303,
      "detail": 0.6123959921500023,
      "collar": 0.5957462424222025
    },
    "원피스": {
      "color": 0.7578051809301809,
      "sleeve_length": 0.75895826166724,
      "neckline": 0.5598031135531135,
      "fit": 0.8161231884057971,
      "style": 0.5071093067688258,
      "material": 0.5713109935332157,
      "print": 0.5766447214829342,
      "detail": 0.6494564935193361,
      "collar": 0.7999999999999999
    },
    "하의": {
      "color": 0.6692208692208692,
      "sleeve_length": 0.7405499041721951,
      "neckline": 0.8844963086449156,
      "fit": 0.6499617027795271,
      "style": 0.5007111601848444,
      "material": 0.37551422936038314,
      "print": 0.6077554064131245,
      "detail": 0.6031972194472195,
      "collar": 0.7160633484162896
    },
    "아우터": {
      "color": 0.6422937894509801,
      "sleeve_length": 0.7775757575757576,
      "fit": 0.6945802945802946,
      "style": 0.6267819503591862,
      "material": 0.3873109796186719,
      "print": 0.5567765567765568,
      "detail": 0.4705940179101944,
      "collar": 0.9270015698587127,
      "neckline": 0.8681318681318683
    }
  },
  "epoch_15": {
    "상의": {
      "color": 0.8905970434398649,
      "sleeve_length": 0.9470576386291042,
      "neckline": 0.8657047907047908,
      "fit": 0.7468741766820881,
      "style": 0.7217757850483282,
      "material": 0.580277029196789,
      "print": 0.7770747427033385,
      "detail": 0.7804393692813307,
      "collar": 0.6227924051632259
    },
    "원피스": {
      "color": 0.9342285614781369,
      "sleeve_length": 0.6235253400746359,
      "neckline": 0.622093253968254,
      "fit": 0.9070833333333334,
      "style": 0.5640414762396186,
      "material": 0.9114058314364907,
      "print": 0.8498599439775909,
      "detail": 0.6325190682333539,
      "collar": 0.8903743315508021
    },
    "하의": {
      "color": 0.8085850960850961,
      "sleeve_length": 0.6749190555160705,
      "neckline": 0.7047619047619048,
      "fit": 0.6973304473304474,
      "style": 0.747041847041847,
      "material": 0.6626347082868823,
      "print": 0.6973333333333334,
      "detail": 0.6633185597471312,
      "collar": 0.9375
    },
    "아우터": {
      "color": 0.788912677499634,
      "sleeve_length": 0.8333333333333333,
      "fit": 0.6231601731601732,
      "style": 0.6500241222192441,
      "material": 0.600683894649412,
      "print": 0.649644473173885,
      "detail": 0.5096289512956179,
      "collar": 0.7791443850267379,
      "neckline": 0.8132467532467531
    }
  },
  "epoch_20": {
    "상의": {
      "color": 0.9071740122448743,
      "sleeve_length": 0.9138265144358931,
      "neckline": 0.8983579306944555,
      "fit": 0.7252725669392336,
      "style": 0.8181407733899976,
      "material": 0.6121598750985938,
      "print": 0.8492483051454411,
      "detail": 0.7159855623289879,
      "collar": 0.7021961824562112
    },
    "원피스": {
      "color": 0.8308140422741442,
      "sleeve_length": 0.8451894131574497,
      "neckline": 0.7382397959183673,
      "fit": 0.7029040404040404,
      "style": 0.7470598085646737,
      "material": 0.8835692554334954,
      "print": 0.8308771929824562,
      "detail": 0.6870112893642306,
      "collar": 0.8904761904761905
    },
    "하의": {
      "color": 0.912384494235674,
      "sleeve_length": 0.7583272048734976,
      "neckline": 0.8803418803418804,
      "fit": 0.7624152866590151,
      "style": 0.7478388593079314,
      "material": 0.6623734458414671,
      "print": 0.7293598233995585,
      "detail": 0.6398205659075225,
      "collar": 0.9375
    },
    "아우터": {
      "color": 0.6430217325070087,
      "sleeve_length": 0.7819916517590936,
      "fit": 0.4866013071895424,
      "style": 0.6810023731542718,
      "material": 0.7023992303992304,
      "print": 0.6638418079096046,
      "detail": 0.655607210824602,
      "collar": 0.9780141843971631,
      "neckline": 0.7798039215686274
    }
  },
  "epoch_25": {
    "상의": {
      "color": 0.8977134166022941,
      "sleeve_length": 0.9484684851932169,
      "neckline": 0.9146628258638159,
      "fit": 0.7705310078336164,
      "style": 0.8655829766679843,
      "material": 0.6470419277107885,
      "print": 0.7630412575639183,
      "detail": 0.7624490933100722,
      "collar": 0.7240225345999766
    },
    "원피스": {
      "color": 0.92381221871884,
      "sleeve_length": 0.7145484145484146,
      "neckline": 0.7165873015873016,
      "fit": 0.8817944120723143,
      "style": 0.7786317254174397,
      "material": 0.8930780830482915,
      "print": 0.7648609196334442,
      "detail": 0.6583860583860585,
      "collar": 0.8903743315508021
    },
    "하의": {
      "color": 0.8983614782987824,
      "sleeve_length": 0.8337988581466842,
      "neckline": 0.7438271604938271,
      "fit": 0.7923663829460931,
      "style": 0.7269052385626533,
      "material": 0.6674731661033031,
      "print": 0.589236887894606,
      "detail": 0.619470806970807,
      "collar": 0.7177083333333334
    },
    "아우터": {
      "color": 0.6251953375699195,
      "sleeve_length": 0.8727272727272727,
      "fit": 0.604974461470131,
      "style": 0.5180756733499349,
      "material": 0.5728345728345728,
      "print": 0.6638418079096046,
      "detail": 0.6410443722943724,
      "collar": 0.5681818181818182,
      "neckline": 0.8755555555555556
    }
  },
  "epoch_30": {
    "상의": {
      "color": 0.9266385865498399,
      "sleeve_length": 0.9179507636408379,
      "neckline": 0.8846669742435108,
      "fit": 0.7386211483734703,
      "style": 0.839784805900319,
      "material": 0.5700109911379704,
      "print": 0.8949747631779417,
      "detail": 0.8030301527407543,
      "collar": 0.6211797321219814
    },
    "원피스": {
      "color": 0.868468619715157,
      "sleeve_length": 0.7301196261980576,
      "neckline": 0.6905413832199546,
      "fit": 0.8883304195804196,
      "style": 0.7879770827249819,
      "material": 0.7500292803205425,
      "print": 0.8399002127815688,
      "detail": 0.6439656303292666,
      "collar": 0.9107142857142857
    },
    "하의": {
      "color": 0.809311367644701,
      "sleeve_length": 0.8646790890269151,
      "neckline": 0.6407203907203908,
      "fit": 0.8189989517819707,
      "style": 0.743034238488784,
      "material": 0.7094017094017094,
      "print": 0.5817828235046778,
      "detail": 0.7348612544432978,
      "collar": 0.7177083333333334
    },
    "아우터": {
      "color": 0.6101871186457652,
      "sleeve_length": 0.8458145363408521,
      "fit": 0.6345509893455099,
      "style": 0.6848870807906953,
      "material": 0.6222355769230768,
      "print": 0.5091575091575091,
      "detail": 0.6308757215007215,
      "collar": 0.9797385620915032,
      "neckline": 0.8695959595959597
    }
  },
  "epoch_35": {
    "상의": {
      "color": 0.9122839344120147,
      "sleeve_length": 0.9574177939260832,
      "neckline": 0.922001670543516,
      "fit": 0.7693752702911884,
      "style": 0.8322335136698426,
      "material": 0.6475091688252022,
      "print": 0.9724057309290127,
      "detail": 0.8033349912621904,
      "collar": 0.627150034325657
    },
    "원피스": {
      "color": 0.930062162574896,
      "sleeve_length": 0.7467908634575302,
      "neckline": 0.7070833333333333,
      "fit": 0.7127261650929029,
      "style": 0.7919894805343722,
      "material": 0.914329822224559,
      "print": 0.8363247863247864,
      "detail": 0.6539631908052962,
      "collar": 0.9107142857142857
    },
    "하의": {
      "color": 0.9033944987544632,
      "sleeve_length": 0.8010774410774412,
      "neckline": 0.5548001949317738,
      "fit": 0.7116648929006658,
      "style": 0.8148162051888761,
      "material": 0.6683317771553066,
      "print": 0.6648060548722801,