{"이미지 정보":{"이미지 식별자":1016254,"이미지 높이":533,"이미지 파일명":"1107-14428-14428 (2-1)-20200129-1 (1738).JPG","이미지 너비":800},"데이터셋 정보":{"파일 생성일자":"2020-11-11 12:51:07","데이터셋 상세설명":{"렉트좌표":{"아우터":[{}],"하의":[{"X좌표":305.375,"Y좌표":154.442,"가로":155,"세로":288}],"원피스":[{}],"상의":[{"X좌표":310.375,"Y좌표":3.4985,"가로":158,"세로":229}]},"폴리곤좌표":{"아우터":[{}],"하의":[{"Y좌표9":319.88,"Y좌표21":154.942,"Y좌표20":173.935,"X좌표19":452.875,"X좌표18":440.875,"X좌표17":440.875,"X좌표16":447.875,"X좌표15":419.875,"X좌표14":412.875,"X좌표13":387.875,"X좌표12":391.875,"X좌표11":389.875,"Y좌표4":305.885,"X좌표10":390.875,"Y좌표3":272.898,"Y좌표2":205.923,"Y좌표1":159.94,"Y좌표8":435.836,"Y좌표7":443.833,"Y좌표6":433.837,"Y좌표5":349.869,"Y좌표15":440.835,"Y좌표14":429.839,"X좌표8":363.875,"Y좌표17":338.873,"X좌표9":379.875,"Y좌표16":430.838,"Y좌표11":329.876,"Y좌표10":250.906,"Y좌표13":431.838,"Y좌표12":355.866,"X좌표2":331.875,"X좌표21":456.875,"X좌표3":331.875,"X좌표20":460.875,"X좌표1":330.875,"X좌표6":305.875,"Y좌표19":211.92,"X좌표7":338.875,"Y좌표18":284.893,"X좌표4":329.875,"X좌표5":316.875}],"원피스":[{}],"상의":[{"Y좌표9":171.935,"Y좌표22":23.991,"Y좌표21":5.99775,"Y좌표24":27.9895,"Y좌표23":44.9831,"Y좌표20":14.9944,"X좌표19":448.875,"X좌표18":461.875,"X좌표17":460.875,"X좌표16":452.875,"X좌표15":468.875,"X좌표14":456.875,"X좌표13":449.875,"X좌표12":418.875,"X좌표11":403.875,"Y좌표4":32.9876,"X좌표10":379.875,"Y좌표3":20.9921,"Y좌표2":9.99625,"Y좌표1":3.9985,"Y좌표8":181.932,"Y좌표7":233.912,"Y좌표6":232.913,"Y좌표5":105.96,"Y좌표15":159.94,"Y좌표14":179.932,"X좌표8":338.875,"Y좌표17":78.9704,"X좌표9":358.875,"Y좌표16":129.951,"Y좌표11":170.936,"Y좌표10":179.932,"Y좌표13":170.936,"Y좌표12":172.935,"X좌표24":384.875,"X좌표23":397.875,"X좌표22":414.875,"X좌표2":360.875,"X좌표21":414.875,"X좌표3":332.875,"X좌표20":428.875,"X좌표1":371.875,"X좌표6":310.875,"Y좌표19":24.9906,"X좌표7":339.875,"Y좌표18":40.9846,"X좌표4":324.875,"X좌표5":313.875}]},"라벨링":{"스타일":[{"스타일":"소피스트케이티드"}],"아우터":[{}],"하의":[{"기장":"발목","색상":"그레이","카테고리":"팬츠","디테일":["컷아웃"],"소재":["우븐"],"프린트":["무지"],"핏":"벨보텀"}],"원피스":[{}],"상의":[{"기장":"노멀","색상":"화이트","카테고리":"블라우스","옷깃":"셔츠칼라","디테일":["페플럼","드롭숄더"],"소매기장":"긴팔","소재":["시폰"],"프린트":["무지"],"핏":"노멀"}]}},"파일 번호":1016254,"파일 이름":"1107-14428-14428 (2-1)-20200129-1 (1738).JPG"}}