{"이미지 정보":{"이미지 식별자":1027090,"이미지 높이":1049,"이미지 파일명":"jk1309c8a-jk1309c8a-s_12.jpg","이미지 너비":800},"데이터셋 정보":{"파일 생성일자":"2020-11-11 14:06:25","데이터셋 상세설명":{"렉트좌표":{"아우터":[{"X좌표":1.27778,"Y좌표":14.4984,"가로":773,"세로":917}],"하의":[{}],"원피스":[{}],"상의":[{"X좌표":161.5,"Y좌표":62.5,"가로":392,"세로":786}]},"폴리곤좌표":{"아우터":[{"X좌표39":702.778,"X좌표38":689.778,"X좌표37":682.778,"X좌표36":608.778,"X좌표35":533.778,"X좌표34":470.778,"X좌표33":323.778,"X좌표32":320.778,"X좌표31":309.778,"X좌표30":280.778,"X좌표49":765.778,"X좌표48":766.778,"X좌표47":774.778,"X좌표46":770.778,"X좌표45":763.778,"X좌표44":745.778,"X좌표43":716.778,"X좌표42":749.778,"X좌표41":766.778,"X좌표40":741.778,"Y좌표26":399.624,"Y좌표25":488.615,"Y좌표28":212.866,"Y좌표27":311.856,"Y좌표22":771.029,"Y좌표21":894.016,"Y좌표24":577.05,"Y좌표23":693.038,"Y좌표20":932.012,"X좌표59":411.778,"X좌표58":457.778,"X좌표57":490.778,"X좌표56":520.778,"X좌표55":557.778,"X좌표54":595.778,"X좌표53":644.778,"X좌표52":687.778,"X좌표51":687.778,"X좌표50":729.778,"Y좌표29":131.875,"Y좌표15":916.014,"Y좌표14":921.014,"Y좌표17":864.02,"Y좌표16":891.017,"Y좌표11":489.948,"Y좌표10":446.953,"Y좌표13":837.022,"Y좌표12":617.823,"X좌표69":470.778,"X좌표68":488.778,"X좌표67":499.778,"X좌표66":525.778,"X좌표65":552.778,"X좌표64":517.778,"X좌표63":506.778,"X좌표62":461.778,"Y좌표19":907.015,"X좌표61":407.778,"Y좌표18":860.02,"X좌표60":403.778,"Y좌표48":618.823,"Y좌표47":489.837,"Y좌표49":726.812,"Y좌표44":282.97,"Y좌표43":217.977,"Y좌표46":375.849,"Y좌표45":330.965,"Y좌표40":166.982,"Y좌표42":209.978,"Y좌표41":184.98,"Y좌표37":82.9912,"Y좌표36":59.9936,"X좌표8":81.7778,"Y좌표39":136.985,"X좌표9":42.7778,"Y좌표38":108.988,"Y좌표33":39.9958,"Y좌표32":49.9947,"Y좌표35":41.9956,"Y좌표34":33.9964,"Y좌표31":74.9921,"Y좌표30":86.8797,"X좌표2":170.778,"X좌표3":145.778,"X좌표1":289.778,"X좌표6":111.778,"X좌표7":109.778,"X좌표4":45.7778,"X좌표5":85.7778,"Y좌표69":33.9964,"Y좌표9":334.965,"Y좌표66":98.434,"Y좌표65":107.433,"Y좌표68":66.9929,"Y좌표67":84.4355,"Y좌표62":291.302,"Y좌표61":465.173,"Y좌표64":134.43,"Y좌표63":170.426,"Y좌표60":553.164,"X좌표19":144.778,"X좌표18":90.7778,"X좌표17":55.7778,"X좌표16":63.7778,"X좌표15":54.7778,"X좌표14":8.77778,"X좌표13":1.77778,"X좌표12":7.77778,"X좌표11":6.77778,"Y좌표4":109.988,"X좌표10":13.7778,"Y좌표3":68.9927,"Y좌표2":33.9964,"Y좌표1":14.9984,"Y좌표8":251.973,"Y좌표7":185.98,"Y좌표6":156.983,"Y좌표5":144.985,"Y좌표59":661.152,"Y좌표58":767.141,"Y좌표55":866.13,"Y좌표54":846.133,"Y좌표57":841.133,"Y좌표56":869.13,"Y좌표51":785.139,"Y좌표50":764.141,"Y좌표53":821.135,"Y좌표52":806.137,"X좌표29":254.778,"X좌표28":256.778,"X좌표27":237.778,"X좌표26":207.778,"X좌표25":220.778,"X좌표24":205.778,"X좌표23":190.778,"X좌표22":202.778,"X좌표21":182.778,"X좌표20":156.778}],"하의":[{}],"원피스":[{}],"상의":[{"Y좌표9":674.0,"X좌표18":308.0,"X좌표17":232.0,"X좌표16":229.0,"X좌표15":218.0,"X좌표14":181.0,"X좌표13":162.0,"X좌표12":188.0,"X좌표11":278.0,"Y좌표4":97.0,"X좌표10":410.0,"Y좌표3":135.0,"Y좌표2":143.0,"Y좌표1":73.0,"Y좌표8":517.0,"Y좌표7":311.0,"Y좌표6":201.0,"Y좌표5":138.0,"Y좌표15":259.0,"Y좌표14":428.0,"X좌표8":449.0,"Y좌표17":66.0,"X좌표9":455.0,"Y좌표16":185.0,"Y좌표11":830.0,"Y좌표10":735.0,"Y좌표13":653.0,"Y좌표12":849.0,"X좌표2":360.0,"X좌표3":450.0,"X좌표1":313.0,"X좌표6":518.0,"X좌표7":479.0,"Y좌표18":63.0,"X좌표4":512.0,"X좌표5":554.0}]},"라벨링":{"스타일":[{"스타일":"스트리트","서브스타일":"스포티"}],"아우터":[{"기장":"노말","색상":"핑크","카테고리":"패딩","소매기장":"민소매","소재":["패딩","플리스"],"넥라인":"후드","핏":"루즈"}],"하의":[{}],"원피스":[{}],"상의":[{"기장":"노멀","카테고리":"티셔츠","소재":["플리스"],"프린트":["레터링"],"넥라인":"라운드넥","핏":"루즈"}]}},"파일 번호":1027090,"파일 이름":"jk1309c8a-jk1309c8a-s_12.jpg"}}