{"이미지 정보":{"이미지 식별자":1028039,"이미지 높이":1049,"이미지 파일명":"jk1417c8b-jk1417c8b-s_10.jpg","이미지 너비":800},"데이터셋 정보":{"파일 생성일자":"2020-11-11 14:12:28","데이터셋 상세설명":{"렉트좌표":{"아우터":[{"X좌표":5.14068,"Y좌표":-0.460974,"가로":762,"세로":962}],"하의":[{}],"원피스":[{}],"상의":[{}]},"폴리곤좌표":{"아우터":[{"X좌표38":380.644,"X좌표37":365.644,"X좌표36":353.644,"X좌표35":353.644,"X좌표34":350.644,"X좌표33":335.644,"X좌표32":293.643,"X좌표31":241.643,"X좌표30":199.643,"Y좌표37":0.0390256,"Y좌표36":2.03713,"X좌표8":562.646,"X좌표9":707.648,"Y좌표38":3.03619,"Y좌표33":80.9624,"Y좌표32":88.9548,"Y좌표35":24.0163,"Y좌표34":59.9823,"Y좌표31":89.9539,"Y좌표30":101.943,"X좌표2":428.645,"X좌표3":472.645,"X좌표1":370.644,"X좌표6":547.646,"X좌표7":571.646,"X좌표4":506.646,"X좌표5":545.646,"Y좌표26":668.406,"Y좌표25":734.344,"Y좌표28":428.633,"Y좌표9":133.912,"Y좌표27":554.514,"Y좌표22":949.14,"Y좌표21":962.128,"Y좌표24":838.245,"Y좌표23":916.172,"Y좌표20":959.131,"X좌표19":473.645,"X좌표18":566.646,"X좌표17":601.646,"X좌표16":623.647,"X좌표15":623.647,"X좌표14":674.647,"X좌표13":704.648,"X좌표12":767.648,"X좌표11":766.648,"Y좌표4":20.0201,"X좌표10":730.648,"Y좌표3":38.0031,"Y좌표2":21.0192,"Y좌표1":2.03713,"Y좌표8":100.943,"Y좌표7":80.9624,"Y좌표29":185.863,"Y좌표6":74.9681,"Y좌표5":2.03713,"Y좌표15":778.302,"Y좌표14":733.345,"Y좌표17":889.197,"Y좌표16":833.25,"Y좌표11":361.697,"Y좌표10":233.818,"Y좌표13":677.398,"Y좌표12":590.48,"X좌표29":130.642,"X좌표28":5.64068,"X좌표27":43.6411,"X좌표26":80.6414,"X좌표25":158.642,"X좌표24":154.642,"X좌표23":247.643,"X좌표22":302.644,"X좌표21":332.644,"X좌표20":383.644,"Y좌표19":938.151,"Y좌표18":913.174}],"하의":[{}],"원피스":[{}],"상의":[{}]},"라벨링":{"스타일":[{"스타일":"스트리트","서브스타일":"페미닌"}],"아우터":[{"기장":"하프","색상":"그레이","카테고리":"패딩","옷깃":"밴드칼라","디테일":["포켓","스터드"],"소매기장":"긴팔","소재":["패딩"],"프린트":["무지"],"핏":"노멀"}],"하의":[{}],"원피스":[{}],"상의":[{}]}},"파일 번호":1028039,"파일 이름":"jk1417c8b-jk1417c8b-s_10.jpg"}}