{"이미지 정보":{"이미지 식별자":1031656,"이미지 높이":1049,"이미지 파일명":"jk1861k9a-jk1861k9a-s_7.jpg","이미지 너비":800},"데이터셋 정보":{"파일 생성일자":"2020-11-11 14:32:25","데이터셋 상세설명":{"렉트좌표":{"아우터":[{"X좌표":208.217,"Y좌표":-1.49296,"가로":324,"세로":510}],"하의":[{"X좌표":271.129,"Y좌표":467.572,"가로":295,"세로":444}],"원피스":[{}],"상의":[{"X좌표":355.012,"Y좌표":40.5029,"가로":76,"세로":116}]},"폴리곤좌표":{"아우터":[{"X좌표39":218.703,"X좌표38":208.717,"X좌표37":212.711,"X좌표36":212.711,"X좌표35":225.693,"X좌표34":265.637,"X좌표33":309.576,"X좌표32":381.476,"X좌표31":447.385,"X좌표30":483.335,"Y좌표37":311.976,"Y좌표36":420.965,"X좌표8":365.499,"Y좌표39":199.987,"X좌표9":366.497,"Y좌표38":265.98,"Y좌표33":501.957,"Y좌표32":497.957,"Y좌표35":509.956,"Y좌표34":502.957,"Y좌표31":498.957,"Y좌표30":491.958,"X좌표2":226.692,"X좌표3":242.669,"X좌표1":217.704,"X좌표6":297.593,"X좌표7":328.55,"X좌표4":263.64,"X좌표5":277.621,"Y좌표26":343.973,"Y좌표25":301.977,"Y좌표28":420.965,"Y좌표9":60.001,"Y좌표27":399.967,"Y좌표22":141.993,"Y좌표21":96.9973,"Y좌표24":267.98,"Y좌표23":202.987,"Y좌표20":78.9991,"X좌표19":472.35,"X좌표18":447.385,"X좌표17":408.439,"X좌표16":392.461,"X좌표15":387.468,"X좌표14":413.432,"X좌표13":420.422,"X좌표12":416.428,"X좌표11":399.451,"Y좌표4":49.0021,"X좌표10":380.478,"Y좌표3":73.9996,"Y좌표2":122.995,"Y좌표1":198.987,"Y좌표8":40.003,"Y좌표7":3.00664,"Y좌표29":480.959,"Y좌표6":-0.992959,"Y좌표5":24.0046,"Y좌표15":37.0033,"Y좌표14":53.0017,"Y좌표17":7.00625,"Y좌표16":12.0057,"Y좌표11":107.996,"Y좌표10":85.9984,"Y좌표13":90.9979,"Y좌표12":132.994,"X좌표29":523.279,"X좌표28":509.299,"X좌표27":533.265,"X좌표26":528.272,"X좌표25":516.289,"X좌표24":511.296,"X좌표23":517.287,"X좌표22":502.308,"X좌표21":489.326,"X좌표20":505.304,"Y좌표19":59.0011,"Y좌표18":28.0042}],"하의":[{"X좌표33":271.629,"X좌표32":283.612,"X좌표31":307.579,"X좌표30":308.578,"X좌표8":543.251,"X좌표9":545.249,"Y좌표33":493.069,"Y좌표32":543.064,"Y좌표31":635.055,"Y좌표30":669.052,"X좌표2":436.4,"X좌표3":432.406,"X좌표1":271.629,"X좌표6":506.303,"X좌표7":528.272,"X좌표4":448.383,"X좌표5":449.382,"Y좌표26":900.029,"Y좌표25":913.027,"Y좌표28":813.037,"Y좌표9":708.048,"Y좌표27":857.033,"Y좌표22":853.033,"Y좌표21":767.042,"Y좌표24":907.028,"Y좌표23":890.03,"Y좌표20":683.05,"X좌표19":391.462,"X좌표18":393.46,"X좌표17":431.407,"X좌표16":458.369,"X좌표15":465.36,"X좌표14":478.342,"X좌표13":497.315,"X좌표12":520.283,"X좌표11":567.218,"Y좌표4":468.072,"X좌표10":558.231,"Y좌표3":470.071,"Y좌표2":485.07,"Y좌표1":492.069,"Y좌표8":653.053,"Y좌표7":587.06,"Y좌표29":731.045,"Y좌표6":478.071,"Y좌표5":484.07,"Y좌표15":748.044,"Y좌표14":817.037,"Y좌표17":617.057,"Y좌표16":682.05,"Y좌표11":897.029,"Y좌표10":805.038,"Y좌표13":912.027,"Y좌표12":907.028,"X좌표29":302.586,"X좌표28":311.574,"X좌표27":312.572,"X좌표26":310.575,"X좌표25":343.529,"X좌표24":376.483,"X좌표23":388.467,"X좌표22":382.475,"X좌표21":382.475,"X좌표20":385.471,"Y좌표19":609.058,"Y좌표18":510.067}],"원피스":[{}],"상의":[{"Y좌표9":132.994,"X좌표15":356.511,"X좌표14":358.508,"X좌표13":368.494,"X좌표12":381.476,"X좌표11":405.443,"Y좌표4":61.0009,"X좌표10":420.422,"Y좌표3":66.0004,"Y좌표2":66.0004,"Y좌표1":62.0008,"Y좌표8":91.9978,"Y좌표7":59.0011,"Y좌표6":41.0029,"Y좌표5":41.0029,"Y좌표15":66.0004,"Y좌표14":79.999,"X좌표8":432.406,"X좌표9":431.407,"Y좌표11":132.994,"Y좌표10":157.991,"Y좌표13":88.9981,"Y좌표12":105.996,"X좌표2":370.492,"X좌표3":385.471,"X좌표1":355.512,"X좌표6":408.439,"X좌표7":430.408,"X좌표4":405.443,"X좌표5":392.461}]},"라벨링":{"스타일":[{"스타일":"스트리트"}],"아우터":[{"기장":"하프","색상":"레드","카테고리":"패딩","디테일":["지퍼","포켓"],"소매기장":"긴팔","소재":["우븐"],"프린트":["무지","스트라이프"],"넥라인":"후드","핏":"노멀"}],"하의":[{"기장":"발목","색상":"블루","카테고리":"청바지","소재":["데님"],"프린트":["무지"],"핏":"스키니"}],"원피스":[{}],"상의":[{"카테고리":"티셔츠","프린트":["무지"]}]}},"파일 번호":1031656,"파일 이름":"jk1861k9a-jk1861k9a-s_7.jpg"}}