{"이미지 정보":{"이미지 식별자":1031718,"이미지 높이":1049,"이미지 파일명":"jk1873c9a-jk1873c9a-s_5.jpg","이미지 너비":800},"데이터셋 정보":{"파일 생성일자":"2020-11-11 14:32:49","데이터셋 상세설명":{"렉트좌표":{"아우터":[{"X좌표":-1.49168,"Y좌표":31.5038,"가로":777,"세로":937}],"하의":[{"X좌표":169.0,"Y좌표":906.5,"가로":523,"세로":137}],"원피스":[{}],"상의":[{}]},"폴리곤좌표":{"아우터":[{"X좌표39":636.122,"X좌표38":682.058,"X좌표37":701.032,"X좌표36":721.004,"X좌표35":730.99,"X좌표34":734.985,"X좌표33":726.996,"X좌표32":706.025,"X좌표31":697.037,"X좌표30":722.003,"X좌표49":185.749,"X좌표48":219.701,"X좌표47":249.66,"X좌표46":300.589,"X좌표45":399.451,"X좌표44":495.318,"X좌표43":559.229,"X좌표42":569.215,"X좌표41":581.199,"X좌표40":581.199,"Y좌표26":177.989,"Y좌표25":153.992,"Y좌표28":626.278,"Y좌표27":277.979,"Y좌표22":91.9978,"Y좌표21":71.9998,"Y좌표24":137.993,"Y좌표23":113.996,"Y좌표20":54.0016,"X좌표59":0.00693311,"X좌표58":-0.991678,"X좌표57":36.9555,"X좌표56":79.8958,"X좌표55":105.86,"X좌표54":140.811,"X좌표53":96.8722,"X좌표52":98.8694,"X좌표51":116.844,"X좌표50":163.779,"Y좌표29":636.277,"Y좌표15":40.003,"Y좌표14":32.0038,"Y좌표17":50.002,"Y좌표16":47.0023,"Y좌표11":101.997,"Y좌표10":141.993,"Y좌표13":43.0027,"Y좌표12":82.9987,"X좌표62":57.9264,"Y좌표19":64.0006,"X좌표61":38.9528,"Y좌표18":64.0006,"X좌표60":13.9875,"Y좌표48":914.138,"Y좌표47":919.138,"Y좌표49":885.141,"Y좌표44":901.14,"Y좌표43":905.139,"Y좌표46":905.139,"Y좌표45":901.14,"Y좌표40":909.139,"Y좌표42":969.133,"Y좌표41":969.133,"Y좌표37":884.141,"Y좌표36":872.143,"X좌표8":150.797,"Y좌표39":912.139,"X좌표9":173.765,"Y좌표38":906.139,"Y좌표33":741.156,"Y좌표32":701.271,"Y좌표35":844.145,"Y좌표34":798.15,"Y좌표31":670.274,"Y좌표30":650.276,"X좌표2":66.9139,"X좌표3":75.9014,"X좌표1":56.9278,"X좌표6":120.839,"X좌표7":127.829,"X좌표4":83.8903,"X좌표5":109.854,"Y좌표9":153.992,"Y좌표62":180.989,"Y좌표61":163.991,"Y좌표60":160.991,"X좌표19":570.214,"X좌표18":536.261,"X좌표17":362.503,"X좌표16":338.536,"X좌표15":303.585,"X좌표14":273.626,"X좌표13":241.671,"X좌표12":230.686,"X좌표11":216.706,"Y좌표4":297.977,"X좌표10":202.725,"Y좌표3":267.98,"Y좌표2":219.985,"Y좌표1":181.989,"Y좌표8":185.988,"Y좌표7":255.982,"Y좌표6":276.979,"Y좌표5":309.976,"Y좌표59":169.99,"Y좌표58":594.17,"Y좌표55":672.162,"Y좌표54":674.162,"Y좌표57":622.167,"Y좌표56":656.164,"Y좌표51":881.142,"Y좌표50":901.14,"Y좌표53":820.148,"Y좌표52":854.144,"X좌표29":750.962,"X좌표28":776.926,"X좌표27":776.926,"X좌표26":720.005,"X좌표25":678.064,"X좌표24":669.076,"X좌표23":647.107,"X좌표22":647.107,"X좌표21":643.112,"X좌표20":623.14}],"하의":[{"X좌표2":692.5,"Y좌표4":910.0,"X좌표3":169.5,"Y좌표3":1041.0,"Y좌표2":1044.0,"X좌표1":680.5,"Y좌표1":907.0,"X좌표6":680.5,"X좌표4":178.5,"Y좌표6":907.0,"X좌표5":418.5,"Y좌표5":934.0}],"원피스":[{}],"상의":[{}]},"라벨링":{"스타일":[{"스타일":"스트리트"}],"아우터":[{"기장":"노말","색상":"핑크","카테고리":"짚업","디테일":["스트링"],"소매기장":"긴팔","소재":["플리스"],"프린트":["무지"],"넥라인":"후드","핏":"루즈"}],"하의":[{"카테고리":"청바지","소재":["데님"],"프린트":["무지"],"핏":"노멀"}],"원피스":[{}],"상의":[{}]}},"파일 번호":1031718,"파일 이름":"jk1873c9a-jk1873c9a-s_5.jpg"}}