{"이미지 정보":{"이미지 식별자":1031166,"이미지 높이":1049,"이미지 파일명":"jk1798c99c-jk1798c99c-s_9.jpg","이미지 너비":800},"데이터셋 정보":{"파일 생성일자":"2020-11-11 14:29:42","데이터셋 상세설명":{"렉트좌표":{"아우터":[{"X좌표":-0.796875,"Y좌표":12.5,"가로":798,"세로":958}],"하의":[{}],"원피스":[{}],"상의":[{"X좌표":301.203,"Y좌표":257.5,"가로":118,"세로":390}]},"폴리곤좌표":{"아우터":[{"X좌표39":390.703,"X좌표38":406.703,"X좌표37":405.703,"X좌표36":469.703,"X좌표35":508.703,"X좌표34":548.703,"X좌표33":563.703,"X좌표32":364.703,"X좌표31":324.703,"X좌표30":305.703,"X좌표49":536.703,"X좌표48":521.703,"X좌표47":444.703,"X좌표46":395.703,"X좌표45":362.703,"X좌표44":349.703,"X좌표43":349.703,"X좌표42":359.703,"X좌표41":377.703,"X좌표40":389.703,"Y좌표26":542.0,"Y좌표25":622.0,"Y좌표28":385.0,"Y좌표27":484.0,"Y좌표22":938.0,"Y좌표21":944.0,"Y좌표24":714.0,"Y좌표23":875.0,"Y좌표20":908.0,"X좌표59":648.703,"X좌표58":702.703,"X좌표57":745.703,"X좌표56":797.703,"X좌표55":796.703,"X좌표54":764.703,"X좌표53":732.703,"X좌표52":692.703,"X좌표51":648.703,"X좌표50":610.703,"Y좌표29":223.0,"Y좌표15":666.0,"Y좌표14":631.0,"Y좌표17":809.0,"Y좌표16":737.0,"Y좌표11":517.0,"Y좌표10":483.0,"Y좌표13":599.0,"Y좌표12":554.0,"Y좌표19":863.0,"X좌표61":564.703,"Y좌표18":826.0,"X좌표60":598.703,"Y좌표48":883.0,"Y좌표47":923.0,"Y좌표49":915.0,"Y좌표44":878.0,"Y좌표43":808.0,"Y좌표46":940.0,"Y좌표45":947.0,"Y좌표40":510.0,"Y좌표42":734.0,"Y좌표41":638.0,"Y좌표37":151.0,"Y좌표36":125.0,"X좌표8":-0.296875,"Y좌표39":412.0,"X좌표9":1.70312,"Y좌표38":221.0,"Y좌표33":29.0,"Y좌표32":14.0,"Y좌표35":102.0,"Y좌표34":63.0,"Y좌표31":67.0,"Y좌표30":113.0,"X좌표2":233.703,"X좌표3":140.703,"X좌표1":364.703,"X좌표6":46.7031,"X좌표7":13.7031,"X좌표4":109.703,"X좌표5":54.7031,"Y좌표9":469.0,"Y좌표61":27.0,"Y좌표60":44.0,"X좌표19":247.703,"X좌표18":193.703,"X좌표17":175.703,"X좌표16":165.703,"X좌표15":149.703,"X좌표14":78.7031,"X좌표13":32.7031,"X좌표12":39.7031,"X좌표11":20.7031,"Y좌표4":89.0,"X좌표10":19.7031,"Y좌표3":57.0,"Y좌표2":25.0,"Y좌표1":13.0,"Y좌표8":307.0,"Y좌표7":279.0,"Y좌표6":258.0,"Y좌표5":230.0,"Y좌표59":61.0,"Y좌표58":58.0,"Y좌표55":691.0,"Y좌표54":816.0,"Y좌표57":59.0,"Y좌표56":87.0,"Y좌표51":971.0,"Y좌표50":969.0,"Y좌표53":895.0,"Y좌표52":947.0,"X좌표29":310.703,"X좌표28":317.703,"X좌표27":314.703,"X좌표26":334.703,"X좌표25":353.703,"X좌표24":348.703,"X좌표23":350.703,"X좌표22":349.703,"X좌표21":334.703,"X좌표20":294.703}],"하의":[{}],"원피스":[{}],"상의":[{"X좌표8":419.703,"X좌표9":324.703,"Y좌표9":260.0,"Y좌표10":258.0,"X좌표2":305.703,"Y좌표4":532.0,"X좌표10":301.703,"X좌표3":304.703,"Y좌표3":467.0,"Y좌표2":346.0,"X좌표1":303.703,"Y좌표1":258.0,"X좌표6":389.703,"Y좌표8":276.0,"X좌표7":402.703,"Y좌표7":508.0,"X좌표4":319.703,"Y좌표6":648.0,"X좌표5":338.703,"Y좌표5":638.0}]},"라벨링":{"스타일":[{"스타일":"클래식"}],"아우터":[{"기장":"하프","색상":"핑크","서브색상":"화이트","카테고리":"재킷","디테일":["포켓"],"소매기장":"긴팔","소재":["트위드"],"프린트":["체크"],"넥라인":"노카라","핏":"노멀"}],"하의":[{}],"원피스":[{}],"상의":[{"기장":"노멀","색상":"화이트","카테고리":"브라탑","소매기장":"없음","소재":["니트","스판덱스"],"프린트":["무지"],"넥라인":"스퀘어넥","핏":"타이트"}]}},"파일 번호":1031166,"파일 이름":"jk1798c99c-jk1798c99c-s_9.jpg"}}