{"이미지 정보":{"이미지 식별자":1032551,"이미지 높이":1049,"이미지 파일명":"jk2003c9b-jk2003c9b-s_4.jpg","이미지 너비":800},"데이터셋 정보":{"파일 생성일자":"2020-11-11 14:37:32","데이터셋 상세설명":{"렉트좌표":{"아우터":[{"X좌표":130.167,"Y좌표":-1.49905,"가로":614,"세로":987}],"하의":[{"X좌표":225.167,"Y좌표":390.127,"가로":281,"세로":648}],"원피스":[{}],"상의":[{}]},"폴리곤좌표":{"아우터":[{"X좌표38":434.667,"X좌표37":560.667,"X좌표36":640.667,"X좌표35":713.667,"X좌표34":700.667,"X좌표33":652.667,"X좌표32":676.667,"X좌표31":744.667,"X좌표30":717.667,"Y좌표37":30.9704,"Y좌표36":107.897,"X좌표8":181.667,"X좌표9":232.667,"Y좌표38":1.99809,"Y좌표33":406.612,"Y좌표32":550.475,"Y좌표35":250.761,"Y좌표34":331.684,"Y좌표31":904.47,"Y좌표30":960.417,"X좌표2":220.667,"X좌표3":236.667,"X좌표1":334.667,"X좌표6":130.667,"X좌표7":136.667,"X좌표4":237.667,"X좌표5":170.667,"Y좌표26":794.575,"Y좌표25":600.76,"Y좌표28":982.396,"Y좌표9":366.65,"Y좌표27":986.392,"Y좌표22":197.811,"Y좌표21":115.889,"Y좌표24":495.86,"Y좌표23":396.955,"Y좌표20":98.9056,"X좌표19":430.667,"X좌표18":338.667,"X좌표17":320.667,"X좌표16":317.667,"X좌표15":298.667,"X좌표14":262.667,"X좌표13":260.667,"X좌표12":234.667,"X좌표11":194.667,"Y좌표4":263.748,"X좌표10":218.667,"Y좌표3":101.903,"Y좌표2":82.9209,"Y좌표1":-0.999047,"Y좌표8":378.639,"Y좌표7":350.665,"Y좌표29":970.407,"Y좌표6":283.729,"Y좌표5":255.756,"Y좌표15":518.505,"Y좌표14":692.672,"Y좌표17":73.9295,"Y좌표16":325.689,"Y좌표11":966.411,"Y좌표10":624.737,"Y좌표13":779.589,"Y좌표12":947.429,"X좌표29":666.667,"X좌표28":576.667,"X좌표27":482.667,"X좌표26":465.667,"X좌표25":461.667,"X좌표24":485.667,"X좌표23":430.667,"X좌표22":377.667,"X좌표21":386.667,"X좌표20":405.667,"Y좌표19":1.99809,"Y좌표18":2.99714}],"하의":[{"Y좌표9":623.738,"Y좌표20":390.627,"X좌표19":489.667,"X좌표18":506.667,"X좌표17":485.667,"X좌표16":485.667,"X좌표15":489.667,"X좌표14":484.667,"X좌표13":393.667,"X좌표12":390.667,"X좌표11":400.667,"Y좌표4":920.455,"X좌표10":386.667,"Y좌표3":680.684,"Y좌표2":547.811,"Y좌표1":392.958,"Y좌표8":748.619,"Y좌표7":875.498,"Y좌표6":1031.35,"Y좌표5":1039.34,"Y좌표15":986.392,"Y좌표14":1031.35,"X좌표8":340.667,"Y좌표17":625.403,"X좌표9":384.667,"Y좌표16":791.578,"Y좌표11":970.407,"Y좌표10":819.551,"Y좌표13":1034.35,"Y좌표12":1027.35,"X좌표2":269.667,"X좌표3":257.667,"X좌표20":294.667,"X좌표1":286.667,"X좌표6":337.667,"Y좌표19":407.611,"X좌표7":330.667,"Y좌표18":522.501,"X좌표4":225.667,"X좌표5":234.667}],"원피스":[{}],"상의":[{}]},"라벨링":{"스타일":[{"스타일":"스트리트","서브스타일":"모던"}],"아우터":[{"기장":"롱","색상":"화이트","카테고리":"패딩","옷깃":"피터팬칼라","디테일":["퀄팅","포켓"],"소매기장":"긴팔","소재":["패딩"],"프린트":["무지"],"핏":"노멀"}],"하의":[{"기장":"발목","색상":"블랙","카테고리":"팬츠","소재":["우븐"],"프린트":["무지"],"핏":"노멀"}],"원피스":[{}],"상의":[{}]}},"파일 번호":1032551,"파일 이름":"jk2003c9b-jk2003c9b-s_4.jpg"}}