{"이미지 정보":{"이미지 식별자":1034113,"이미지 높이":1049,"이미지 파일명":"jk2221k03-jk2221k03-s_1.jpg","이미지 너비":800},"데이터셋 정보":{"파일 생성일자":"2020-11-11 14:46:53","데이터셋 상세설명":{"렉트좌표":{"아우터":[{"X좌표":32.5,"Y좌표":2.49714,"가로":677,"세로":976}],"하의":[{}],"원피스":[{}],"상의":[{"X좌표":319.5,"Y좌표":117.388,"가로":152,"세로":417}]},"폴리곤좌표":{"아우터":[{"X좌표39":417.0,"X좌표38":425.0,"X좌표37":426.0,"X좌표36":430.0,"X좌표35":420.0,"X좌표34":430.0,"X좌표33":409.0,"X좌표32":392.0,"X좌표31":396.0,"X좌표30":382.0,"Y좌표72":3.99619,"Y좌표71":62.9399,"Y좌표70":146.86,"X좌표49":610.0,"X좌표48":633.0,"X좌표47":640.0,"X좌표46":637.0,"X좌표45":602.0,"X좌표44":550.0,"X좌표43":509.0,"X좌표42":468.0,"X좌표41":425.0,"X좌표40":417.0,"Y좌표26":924.451,"Y좌표25":908.466,"Y좌표28":959.418,"Y좌표27":947.429,"Y좌표22":742.625,"Y좌표21":647.382,"Y좌표24":870.503,"Y좌표23":830.541,"Y좌표20":574.452,"X좌표59":594.0,"X좌표58":665.0,"X좌표57":677.0,"X좌표56":670.0,"X좌표55":689.0,"X좌표54":690.0,"X좌표53":705.0,"X좌표52":710.0,"X좌표51":700.0,"X좌표50":662.0,"Y좌표29":966.411,"Y좌표15":485.537,"Y좌표14":447.573,"Y좌표17":554.471,"Y좌표16":515.508,"Y좌표11":349.666,"Y좌표10":314.7,"Y좌표13":414.604,"Y좌표12":370.646,"X좌표69":377.0,"X좌표68":393.0,"X좌표67":420.0,"X좌표66":433.0,"X좌표65":449.0,"X좌표64":450.0,"X좌표63":457.0,"X좌표62":489.0,"Y좌표19":525.499,"X좌표61":534.0,"Y좌표18":571.455,"X좌표60":542.0,"Y좌표48":606.754,"Y좌표47":780.589,"Y좌표49":486.869,"Y좌표44":912.463,"Y좌표43":924.451,"Y좌표46":844.528,"Y좌표45":886.487,"Y좌표40":926.449,"Y좌표42":944.432,"Y좌표41":979.399,"X좌표72":318.0,"X좌표71":349.0,"X좌표70":358.0,"Y좌표37":752.615,"Y좌표36":694.67,"X좌표8":69.0,"Y좌표39":868.505,"X좌표9":57.0,"Y좌표38":795.574,"Y좌표33":588.772,"Y좌표32":654.709,"Y좌표35":616.745,"Y좌표34":523.833,"Y좌표31":808.562,"Y좌표30":920.455,"X좌표2":242.0,"X좌표3":202.0,"X좌표1":316.0,"X좌표6":88.0,"X좌표7":57.0,"X좌표4":160.0,"X좌표5":122.0,"Y좌표69":249.762,"Y좌표9":287.725,"Y좌표66":359.657,"Y좌표65":305.708,"Y좌표68":342.673,"Y좌표67":391.626,"Y좌표62":58.9438,"Y좌표61":10.9895,"Y좌표64":245.765,"Y좌표63":189.819,"Y좌표60":23.9771,"X좌표19":166.0,"X좌표18":134.0,"X좌표17":112.0,"X좌표16":94.0,"X좌표15":74.0,"X좌표14":62.0,"X좌표13":66.0,"X좌표12":58.0,"X좌표11":44.0,"Y좌표4":53.9485,"X좌표10":33.0,"Y좌표3":29.9714,"Y좌표2":3.99619,"Y좌표1":2.99714,"Y좌표8":250.761,"Y좌표7":189.819,"Y좌표6":97.9066,"Y좌표5":63.939,"Y좌표59":43.9581,"Y좌표58":81.9218,"Y좌표55":246.765,"Y좌표54":288.058,"Y좌표57":122.883,"Y좌표56":210.799,"Y좌표51":431.921,"Y좌표50":487.868,"Y좌표53":303.044,"Y좌표52":347.002,"X좌표29":378.0,"X좌표28":344.0,"X좌표27":305.0,"X좌표26":260.0,"X좌표25":221.0,"X좌표24":153.0,"X좌표23":134.0,"X좌표22":146.0,"X좌표21":157.0,"X좌표20":172.0}],"하의":[{}],"원피스":[{}],"상의":[{"Y좌표9":535.489,"X좌표15":320.0,"X좌표14":344.0,"X좌표13":362.0,"X좌표12":372.0,"X좌표11":402.0,"Y좌표4":149.857,"X좌표10":398.0,"Y좌표3":166.841,"Y좌표2":162.845,"Y좌표1":129.876,"Y좌표8":469.552,"Y좌표7":317.697,"Y좌표6":213.796,"Y좌표5":155.851,"Y좌표15":117.888,"Y좌표14":190.818,"X좌표8":450.0,"X좌표9":445.0,"Y좌표11":466.555,"Y좌표10":529.495,"Y좌표13":237.773,"Y좌표12":327.687,"X좌표2":377.0,"X좌표3":413.0,"X좌표1":332.0,"X좌표6":454.0,"X좌표7":449.0,"X좌표4":456.0,"X좌표5":472.0}]},"라벨링":{"스타일":[{"스타일":"클래식","서브스타일":"스트리트"}],"아우터":[{"기장":"롱","색상":"그레이","서브색상":"블랙","카테고리":"재킷","옷깃":"테일러드칼라","디테일":["싱글브레스티드","단추","포켓"],"소매기장":"긴팔","소재":["우븐"],"프린트":["체크"],"넥라인":"브이넥","핏":"루즈"}],"하의":[{}],"원피스":[{}],"상의":[{"색상":"화이트","카테고리":"탑","소매기장":"없음","소재":["우븐"],"프린트":["무지"],"넥라인":"라운드넥","핏":"노멀"}]}},"파일 번호":1034113,"파일 이름":"jk2221k03-jk2221k03-s_1.jpg"}}