{"이미지 정보":{"이미지 식별자":1057272,"이미지 높이":533,"이미지 파일명":"20191108-pt4230k9b(1)-세븐스타(대행,1085)11.08-얼굴컷 사진 셀렉 신경써주시고 제품컷 색상 맞춰서 작업해주세여~-DHP09489.JPG","이미지 너비":800},"데이터셋 정보":{"파일 생성일자":"2020-11-12 15:14:11","데이터셋 상세설명":{"렉트좌표":{"아우터":[{}],"하의":[{"X좌표":304.87,"Y좌표":126.325,"가로":133,"세로":315}],"원피스":[{}],"상의":[{"X좌표":273.913,"Y좌표":-1.49163,"가로":204,"세로":170}]},"폴리곤좌표":{"아우터":[{}],"하의":[{"X좌표36":312.361,"X좌표35":305.37,"X좌표34":306.369,"X좌표33":310.363,"X좌표32":318.352,"X좌표31":327.34,"X좌표30":334.33,"Y좌표36":156.782,"X좌표8":436.188,"X좌표9":429.198,"Y좌표33":297.58,"Y좌표32":320.547,"Y좌표35":177.752,"Y좌표34":231.674,"Y좌표31":345.511,"Y좌표30":388.449,"X좌표2":322.347,"X좌표3":350.308,"X좌표1":313.359,"X좌표6":435.19,"X좌표7":439.184,"X좌표4":390.252,"X좌표5":418.213,"Y좌표26":386.452,"Y좌표25":355.497,"Y좌표28":415.411,"Y좌표9":252.644,"Y좌표27":401.431,"Y좌표22":280.604,"Y좌표21":262.63,"Y좌표24":326.538,"Y좌표23":305.568,"Y좌표20":231.674,"X좌표19":378.269,"X좌표18":385.259,"X좌표17":385.259,"X좌표16":386.258,"X좌표15":407.229,"X좌표14":428.2,"X좌표13":430.197,"X좌표12":426.202,"X좌표11":430.197,"Y좌표4":129.821,"X좌표10":427.201,"Y좌표3":129.821,"Y좌표2":130.819,"Y좌표1":152.788,"Y좌표8":216.696,"Y좌표7":192.73,"Y좌표29":426.395,"Y좌표6":155.783,"Y좌표5":126.825,"Y좌표15":442.372,"Y좌표14":439.376,"Y좌표17":396.438,"Y좌표16":439.376,"Y좌표11":293.586,"Y좌표10":272.616,"Y좌표13":351.502,"Y좌표12":310.561,"X좌표29":353.304,"X좌표28":374.275,"X좌표27":387.257,"X좌표26":378.269,"X좌표25":372.277,"X좌표24":367.284,"X좌표23":364.288,"X좌표22":365.287,"X좌표21":366.286,"X좌표20":368.283,"Y좌표19":305.568,"Y좌표18":348.507}],"원피스":[{}],"상의":[{"X좌표8":298.38,"X좌표9":315.357,"X좌표2":280.405,"X좌표3":278.408,"X좌표1":295.384,"X좌표6":274.413,"X좌표7":282.402,"X좌표4":280.405,"X좌표5":278.408,"Y좌표25":2.00407,"Y좌표9":166.768,"Y좌표22":60.9195,"Y좌표21":78.8937,"Y좌표24":22.974,"Y좌표23":50.9338,"Y좌표20":85.8837,"X좌표19":463.151,"X좌표18":448.172,"X좌표17":453.165,"X좌표16":446.175,"X좌표15":428.2,"X좌표14":423.207,"X좌표13":415.218,"X좌표12":394.247,"X좌표11":359.295,"Y좌표4":90.8765,"X좌표10":320.35,"Y좌표3":75.898,"Y좌표2":38.951,"Y좌표1":-0.991634,"Y좌표8":153.786,"Y좌표7":150.791,"Y좌표6":136.811,"Y좌표5":115.841,"Y좌표15":169.763,"Y좌표14":160.776,"Y좌표17":137.809,"Y좌표16":158.779,"Y좌표11":142.802,"Y좌표10":147.795,"Y좌표13":136.811,"Y좌표12":138.808,"X좌표25":456.161,"X좌표24":462.152,"X좌표23":468.144,"X좌표22":479.129,"X좌표21":477.132,"X좌표20":469.143,"Y좌표19":106.854,"Y좌표18":119.835}]},"라벨링":{"스타일":[{"스타일":"스트리트"}],"아우터":[{}],"하의":[{"기장":"발목","색상":"블루","카테고리":"청바지","소재":["데님"],"핏":"노멀"}],"원피스":[{}],"상의":[{"기장":"노멀","색상":"블랙","서브색상":"화이트","카테고리":"티셔츠","소매기장":"긴팔","소재":["니트"],"프린트":["레터링"],"넥라인":"라운드넥","핏":"노멀"}]}},"파일 번호":1057272,"파일 이름":"20191108-pt4230k9b(1)-세븐스타(대행,1085)11.08-얼굴컷 사진 셀렉 신경써주시고 제품컷 색상 맞춰서 작업해주세여~-DHP09489.JPG"}}