{"이미지 정보":{"이미지 식별자":1065991,"이미지 높이":1049,"이미지 파일명":"nt1507k98-nt1507k98-s_6.jpg","이미지 너비":800},"데이터셋 정보":{"파일 생성일자":"2020-11-12 16:09:35","데이터셋 상세설명":{"렉트좌표":{"아우터":[{"X좌표":171.5,"Y좌표":12.4975,"가로":460,"세로":727}],"하의":[{}],"원피스":[{}],"상의":[{"X좌표":61.5,"Y좌표":4.49905,"가로":653,"세로":872}]},"폴리곤좌표":{"아우터":[{"X좌표38":223.0,"X좌표37":239.0,"X좌표36":258.0,"X좌표35":299.0,"X좌표34":376.0,"X좌표33":454.0,"X좌표32":505.0,"X좌표31":552.0,"X좌표30":555.0,"Y좌표37":13.9973,"Y좌표36":67.987,"X좌표8":213.0,"X좌표9":211.0,"Y좌표38":12.9975,"Y좌표33":195.963,"Y좌표32":183.965,"Y좌표35":166.968,"Y좌표34":187.964,"Y좌표31":160.969,"Y좌표30":138.973,"X좌표2":172.0,"X좌표3":200.0,"X좌표1":218.0,"X좌표6":230.0,"X좌표7":224.0,"X좌표4":217.0,"X좌표5":225.0,"Y좌표26":143.973,"Y좌표25":208.96,"Y좌표28":32.9937,"Y좌표9":405.923,"Y좌표27":54.9895,"Y좌표22":473.71,"Y좌표21":591.687,"Y좌표24":267.749,"Y좌표23":340.735,"Y좌표20":699.667,"X좌표19":547.0,"X좌표18":445.0,"X좌표17":367.0,"X좌표16":306.0,"X좌표15":235.0,"X좌표14":208.0,"X좌표13":205.0,"X좌표12":216.0,"X좌표11":236.0,"Y좌표4":138.973,"X좌표10":223.0,"Y좌표3":75.9855,"Y좌표2":42.9918,"Y좌표1":14.9971,"Y좌표8":338.935,"Y좌표7":331.937,"Y좌표29":73.9859,"Y좌표6":294.944,"Y좌표5":227.957,"Y좌표15":734.66,"Y좌표14":706.665,"Y좌표17":740.659,"Y좌표16":737.659,"Y좌표11":495.905,"Y좌표10":443.915,"Y좌표13":612.683,"Y좌표12":552.695,"X좌표29":572.0,"X좌표28":580.0,"X좌표27":627.0,"X좌표26":626.0,"X좌표25":620.0,"X좌표24":632.0,"X좌표23":628.0,"X좌표22":592.0,"X좌표21":596.0,"X좌표20":629.0,"Y좌표19":728.661,"Y좌표18":737.659}],"하의":[{}],"원피스":[{}],"상의":[{"X좌표36":256.0,"X좌표35":284.0,"X좌표34":319.0,"X좌표33":419.0,"X좌표32":468.0,"X좌표31":514.0,"X좌표30":528.0,"Y좌표36":6.99867,"X좌표8":95.0,"X좌표9":143.0,"Y좌표33":68.9868,"Y좌표32":63.9878,"Y좌표35":14.9971,"Y좌표34":47.9908,"Y좌표31":41.992,"Y좌표30":7.99847,"X좌표2":228.0,"X좌표3":183.0,"X좌표1":253.0,"X좌표6":108.0,"X좌표7":62.0,"X좌표4":144.0,"X좌표5":122.0,"Y좌표26":227.957,"Y좌표25":410.722,"Y좌표28":79.9847,"Y좌표9":673.672,"Y좌표27":147.972,"Y좌표22":596.686,"Y좌표21":569.691,"Y좌표24":472.71,"Y좌표23":525.7,"Y좌표20":644.677,"X좌표19":626.0,"X좌표18":521.0,"X좌표17":410.0,"X좌표16":352.0,"X좌표15":406.0,"X좌표14":337.0,"X좌표13":285.0,"X좌표12":272.0,"X좌표11":232.0,"Y좌표4":45.9912,"X좌표10":187.0,"Y좌표3":31.9939,"Y좌표2":12.9975,"Y좌표1":4.99905,"Y좌표8":604.685,"Y좌표7":535.898,"Y좌표29":38.9926,"Y좌표6":129.975,"Y좌표5":78.9849,"Y좌표15":823.643,"Y좌표14":867.635,"Y좌표17":748.657,"Y좌표16":737.659,"Y좌표11":790.649,"Y좌표10":740.659,"Y좌표13":877.633,"Y좌표12":829.642,"X좌표29":628.0,"X좌표28":696.0,"X좌표27":715.0,"X좌표26":690.0,"X좌표25":632.0,"X좌표24":653.0,"X좌표23":641.0,"X좌표22":640.0,"X좌표21":592.0,"X좌표20":605.0,"Y좌표19":708.665,"Y좌표18":738.659}]},"라벨링":{"스타일":[{"스타일":"스트리트"}],"아우터":[{"기장":"노말","색상":"블랙","카테고리":"베스트","소매기장":"민소매","소재":["니트"],"프린트":["무지"],"넥라인":"스퀘어넥","핏":"노멀"}],"하의":[{}],"원피스":[{}],"상의":[{"색상":"화이트","카테고리":"탑","소매기장":"긴팔","소재":["저지"],"프린트":["무지"],"넥라인":"라운드넥","핏":"노멀"}]}},"파일 번호":1065991,"파일 이름":"nt1507k98-nt1507k98-s_6.jpg"}}