{"이미지 정보":{"이미지 식별자":1085488,"이미지 높이":1049,"이미지 파일명":"pt5100k05-pt5100k05-s_9.jpg","이미지 너비":800},"데이터셋 정보":{"파일 생성일자":"2020-11-12 18:03:49","데이터셋 상세설명":{"렉트좌표":{"아우터":[{}],"하의":[{"X좌표":177.167,"Y좌표":434.418,"가로":424,"세로":435}],"원피스":[{}],"상의":[{"X좌표":64.1667,"Y좌표":1.49809,"가로":588,"세로":476}]},"폴리곤좌표":{"아우터":[{}],"하의":[{"X좌표8":216.667,"X좌표9":177.667,"Y좌표9":838.533,"Y좌표11":438.915,"Y좌표10":504.852,"X좌표11":201.667,"X좌표2":564.667,"Y좌표4":846.526,"X좌표10":198.667,"X좌표3":601.667,"Y좌표3":824.547,"Y좌표2":448.905,"X좌표1":204.667,"Y좌표1":434.918,"X좌표6":374.667,"Y좌표8":855.517,"X좌표7":262.667,"Y좌표7":863.509,"X좌표4":569.667,"Y좌표6":870.503,"X좌표5":472.667,"Y좌표5":859.513}],"원피스":[{}],"상의":[{"X좌표8":632.667,"X좌표9":642.667,"X좌표2":396.667,"X좌표3":441.667,"X좌표1":354.667,"X좌표6":581.667,"X좌표7":620.667,"X좌표4":521.667,"X좌표5":542.667,"Y좌표25":10.9895,"Y좌표9":247.764,"Y좌표22":370.646,"Y좌표21":385.632,"Y좌표24":1.99809,"Y좌표23":334.681,"Y좌표20":437.582,"X좌표19":261.667,"X좌표18":306.667,"X좌표17":417.667,"X좌표16":454.667,"X좌표15":521.667,"X좌표14":605.667,"X좌표13":636.667,"X좌표12":646.667,"X좌표11":652.667,"Y좌표4":43.9581,"X좌표10":648.667,"Y좌표3":46.9552,"Y좌표2":31.9695,"Y좌표1":5.99428,"Y좌표8":151.855,"Y좌표7":59.9428,"Y좌표6":26.9743,"Y좌표5":23.9771,"Y좌표15":478.543,"Y좌표14":463.558,"Y좌표17":473.548,"Y좌표16":475.546,"Y좌표11":377.64,"Y좌표10":297.716,"Y좌표13":454.566,"Y좌표12":439.581,"X좌표25":354.667,"X좌표24":206.667,"X좌표23":64.6667,"X좌표22":101.667,"X좌표21":126.667,"X좌표20":217.667,"Y좌표19":451.569,"Y좌표18":463.558}]},"라벨링":{"스타일":[{"스타일":"스트리트"}],"아우터":[{}],"하의":[{"기장":"미니","색상":"스카이블루","카테고리":"팬츠","소재":["데님"],"핏":"노멀"}],"원피스":[{}],"상의":[{"색상":"화이트","카테고리":"티셔츠","소매기장":"반팔","소재":["저지"],"넥라인":"라운드넥","핏":"루즈"}]}},"파일 번호":1085488,"파일 이름":"pt5100k05-pt5100k05-s_9.jpg"}}