{"이미지 정보":{"이미지 식별자":1088949,"이미지 높이":1049,"이미지 파일명":"pt5521k07-pt5521k07-s_9.jpg","이미지 너비":800},"데이터셋 정보":{"파일 생성일자":"2020-11-12 18:27:10","데이터셋 상세설명":{"렉트좌표":{"아우터":[{"X좌표":39.5,"Y좌표":8.49828,"가로":740,"세로":899}],"하의":[{"X좌표":133.5,"Y좌표":551.195,"가로":414,"세로":396}],"원피스":[{}],"상의":[{"X좌표":281.5,"Y좌표":17.4966,"가로":245,"세로":574}]},"폴리곤좌표":{"아우터":[{"X좌표39":328.0,"X좌표38":355.0,"X좌표37":357.0,"X좌표36":338.0,"X좌표35":322.0,"X좌표34":320.0,"X좌표33":321.0,"X좌표32":453.0,"X좌표31":476.0,"X좌표30":472.0,"X좌표49":157.0,"X좌표48":176.0,"X좌표47":204.0,"X좌표46":232.0,"X좌표45":246.0,"X좌표44":270.0,"X좌표43":287.0,"X좌표42":294.0,"X좌표41":312.0,"X좌표40":313.0,"Y좌표26":303.742,"Y좌표25":425.719,"Y좌표28":215.959,"Y좌표27":258.751,"Y좌표22":549.695,"Y좌표21":578.69,"Y좌표24":469.71,"Y좌표23":517.701,"Y좌표20":585.688,"X좌표59":71.0,"X좌표58":80.0,"X좌표57":77.0,"X좌표56":40.0,"X좌표55":40.0,"X좌표54":66.0,"X좌표53":77.0,"X좌표52":99.0,"X좌표51":132.0,"X좌표50":135.0,"Y좌표29":155.97,"Y좌표15":868.634,"Y좌표14":788.65,"Y좌표17":844.639,"Y좌표16":868.634,"Y좌표11":539.897,"Y좌표10":539.897,"Y좌표13":706.665,"Y좌표12":640.678,"X좌표69":456.0,"X좌표68":312.0,"X좌표67":264.0,"X좌표66":215.0,"X좌표65":160.0,"X좌표64":116.0,"X좌표63":100.0,"X좌표62":91.0,"Y좌표19":637.678,"X좌표61":71.0,"Y좌표18":718.663,"X좌표60":64.0,"Y좌표48":872.634,"Y좌표47":898.629,"Y좌표49":830.642,"Y좌표44":737.859,"Y좌표43":656.875,"Y좌표46":908.627,"Y좌표45":892.63,"Y좌표40":439.916,"Y좌표42":571.891,"Y좌표41":505.904,"Y좌표37":241.954,"Y좌표36":191.963,"X좌표8":780.0,"Y좌표39":388.926,"X좌표9":734.0,"Y좌표38":293.944,"Y좌표33":28.9945,"Y좌표32":27.9947,"Y좌표35":150.971,"Y좌표34":77.9851,"Y좌표31":43.9916,"Y좌표30":93.9821,"X좌표2":499.0,"X좌표3":514.0,"X좌표1":453.0,"X좌표6":675.0,"X좌표7":780.0,"X좌표4":576.0,"X좌표5":632.0,"Y좌표69":8.99828,"Y좌표9":519.901,"Y좌표66":64.9876,"Y좌표65":107.979,"Y좌표68":20.996,"Y좌표67":39.9924,"Y좌표62":407.722,"Y좌표61":441.716,"Y좌표64":229.956,"Y좌표63":343.934,"Y좌표60":522.7,"X좌표19":516.0,"X좌표18":530.0,"X좌표17":536.0,"X좌표16":567.0,"X좌표15":612.0,"X좌표14":651.0,"X좌표13":667.0,"X좌표12":668.0,"X좌표11":661.0,"Y좌표4":65.9874,"X좌표10":700.0,"Y좌표3":51.9901,"Y좌표2":19.9962,"Y좌표1":8.99828,"Y좌표8":476.909,"Y좌표7":239.954,"Y좌표6":140.973,"Y좌표5":94.9819,"Y좌표59":552.695,"Y좌표58":583.689,"Y좌표55":657.675,"Y좌표54":694.668,"Y좌표57":599.686,"Y좌표56":631.68,"Y좌표51":726.661,"Y좌표50":763.654,"Y좌표53":724.662,"Y좌표52":731.66,"X좌표29":481.0,"X좌표28":480.0,"X좌표27":470.0,"X좌표26":476.0,"X좌표25":508.0,"X좌표24":508.0,"X좌표23":487.0,"X좌표22":472.0,"X좌표21":485.0,"X좌표20":511.0}],"하의":[{"X좌표30":283.0,"X좌표8":544.0,"X좌표9":548.0,"Y좌표30":578.69,"X좌표2":360.0,"X좌표3":433.0,"X좌표1":283.0,"X좌표6":529.0,"X좌표7":542.0,"X좌표4":478.0,"X좌표5":512.0,"Y좌표26":895.629,"Y좌표25":868.634,"Y좌표28":803.647,"Y좌표9":907.627,"Y좌표27":895.629,"Y좌표22":880.632,"Y좌표21":901.628,"Y좌표24":800.647,"Y좌표23":830.642,"Y좌표20":896.629,"X좌표19":291.0,"X좌표18":316.0,"X좌표17":337.0,"X좌표16":336.0,"X좌표15":342.0,"X좌표14":344.0,"X좌표13":325.0,"X좌표12":404.0,"X좌표11":457.0,"Y좌표4":551.695,"X좌표10":512.0,"Y좌표3":572.691,"Y좌표2":576.69,"Y좌표1":577.69,"Y좌표8":855.637,"Y좌표7":745.658,"Y좌표29":694.668,"Y좌표6":658.674,"Y좌표5":580.689,"Y좌표15":796.648,"Y좌표14":832.641,"Y좌표17":859.636,"Y좌표16":836.641,"Y좌표11":948.619,"Y좌표10":928.623,"Y좌표13":892.63,"Y좌표12":940.621,"X좌표29":266.0,"X좌표28":249.0,"X좌표27":228.0,"X좌표26":213.0,"X좌표25":189.0,"X좌표24":150.0,"X좌표23":134.0,"X좌표22":171.0,"X좌표21":201.0,"X좌표20":228.0,"Y좌표19":892.63,"Y좌표18":883.632}],"원피스":[{}],"상의":[{"Y좌표9":223.957,"Y좌표22":259.95,"Y좌표21":331.937,"Y좌표24":98.9811,"Y좌표23":190.964,"Y좌표20":399.924,"X좌표19":303.0,"X좌표18":282.0,"X좌표17":307.0,"X좌표16":388.0,"X좌표15":446.0,"X좌표14":490.0,"X좌표13":504.0,"X좌표12":527.0,"X좌표11":508.0,"Y좌표4":82.9842,"X좌표10":484.0,"Y좌표3":113.978,"Y좌표2":123.976,"Y좌표1":100.981,"Y좌표8":89.9828,"Y좌표7":33.9935,"Y좌표6":17.9966,"Y좌표5":40.9922,"Y좌표15":588.888,"Y좌표14":551.895,"X좌표8":485.0,"Y좌표17":592.887,"X좌표9":502.0,"Y좌표16":588.888,"Y좌표11":363.931,"Y좌표10":262.95,"Y좌표13":515.902,"Y좌표12":461.912,"X좌표24":310.0,"X좌표23":324.0,"X좌표22":347.0,"X좌표2":354.0,"X좌표21":334.0,"X좌표3":410.0,"X좌표20":307.0,"X좌표1":314.0,"X좌표6":452.0,"Y좌표19":487.907,"X좌표7":492.0,"Y좌표18":580.889,"X좌표4":436.0,"X좌표5":449.0}]},"라벨링":{"스타일":[{"스타일":"스트리트"}],"아우터":[{"기장":"하프","색상":"화이트","서브색상":"블랙","카테고리":"점퍼","옷깃":"폴로칼라","소매기장":"긴팔","소재":["우븐"],"프린트":["스트라이프","무지"],"핏":"루즈"}],"하의":[{"기장":"미니","색상":"스카이블루","카테고리":"청바지","소재":["데님"],"프린트":["무지"],"핏":"노멀"}],"원피스":[{}],"상의":[{"색상":"옐로우","카테고리":"티셔츠","소매기장":"긴팔","소재":["저지"],"프린트":["무지"],"넥라인":"라운드넥","핏":"노멀"}]}},"파일 번호":1088949,"파일 이름":"pt5521k07-pt5521k07-s_9.jpg"}}