{"이미지 정보":{"이미지 식별자":1089912,"이미지 높이":1049,"이미지 파일명":"pt5620k08-pt5620k08-s_1.jpg","이미지 너비":800},"데이터셋 정보":{"파일 생성일자":"2020-11-12 18:33:57","데이터셋 상세설명":{"렉트좌표":{"아우터":[{}],"하의":[{"X좌표":206.5,"Y좌표":71.4314,"가로":436,"세로":838}],"원피스":[{}],"상의":[{"X좌표":263.5,"Y좌표":-1.49905,"가로":375,"세로":214}]},"폴리곤좌표":{"아우터":[{}],"하의":[{"X좌표8":643.0,"X좌표9":611.0,"X좌표2":350.0,"X좌표3":391.0,"X좌표1":294.0,"X좌표6":643.0,"X좌표7":643.0,"X좌표4":491.0,"X좌표5":592.0,"Y좌표26":646.716,"Y좌표25":859.513,"Y좌표28":407.944,"Y좌표9":473.548,"Y좌표27":546.812,"Y좌표22":840.531,"Y좌표21":790.579,"Y좌표24":894.48,"Y좌표23":883.49,"Y좌표20":694.67,"X좌표19":342.0,"X좌표18":432.0,"X좌표17":438.0,"X좌표16":455.0,"X좌표15":432.0,"X좌표14":456.0,"X좌표13":495.0,"X좌표12":543.0,"X좌표11":566.0,"Y좌표4":71.9314,"X좌표10":595.0,"Y좌표3":71.9314,"Y좌표2":134.871,"Y좌표1":239.771,"Y좌표8":391.626,"Y좌표7":295.718,"Y좌표29":244.1,"Y좌표6":203.806,"Y좌표5":106.898,"Y좌표15":852.52,"Y좌표14":891.483,"Y좌표17":526.831,"Y좌표16":680.684,"Y좌표11":826.545,"Y좌표10":635.727,"Y좌표13":910.465,"Y좌표12":894.48,"X좌표29":296.0,"X좌표28":255.0,"X좌표27":207.0,"X좌표26":207.0,"X좌표25":288.0,"X좌표24":315.0,"X좌표23":366.0,"X좌표22":394.0,"X좌표21":388.0,"X좌표20":366.0,"Y좌표19":583.776,"Y좌표18":450.903}],"원피스":[{}],"상의":[{"X좌표8":639.0,"X좌표9":579.0,"Y좌표9":213.796,"Y좌표11":153.853,"Y좌표10":146.86,"Y좌표12":165.842,"X좌표12":342.0,"X좌표11":408.0,"X좌표2":264.0,"Y좌표4":-0.999047,"X좌표10":487.0,"X좌표3":310.0,"Y좌표3":5.99428,"Y좌표2":141.865,"X좌표1":340.0,"Y좌표1":166.841,"X좌표6":620.0,"Y좌표8":175.832,"X좌표7":622.0,"Y좌표7":119.886,"X좌표4":316.0,"Y좌표6":57.9447,"X좌표5":611.0,"Y좌표5":-0.999047}]},"라벨링":{"스타일":[{"스타일":"스트리트"}],"아우터":[{}],"하의":[{"기장":"발목","색상":"화이트","카테고리":"팬츠","소재":["우븐"],"프린트":["무지"],"핏":"스키니"}],"원피스":[{}],"상의":[{"기장":"롱","색상":"카키","카테고리":"티셔츠","소매기장":"반팔","소재":["우븐"],"프린트":["무지"],"핏":"루즈"}]}},"파일 번호":1089912,"파일 이름":"pt5620k08-pt5620k08-s_1.jpg"}}