{"이미지 정보":{"이미지 식별자":1093975,"이미지 높이":1049,"이미지 파일명":"t3434k99-t3434k99-s_5.jpg","이미지 너비":800},"데이터셋 정보":{"파일 생성일자":"2020-11-12 19:02:39","데이터셋 상세설명":{"렉트좌표":{"아우터":[{}],"하의":[{"X좌표":119.083,"Y좌표":463.321,"가로":444,"세로":512}],"원피스":[{}],"상의":[{"X좌표":4.22241,"Y좌표":-1.47713,"가로":651,"세로":843}]},"폴리곤좌표":{"아우터":[{}],"하의":[{"X좌표8":119.583,"X좌표9":142.555,"Y좌표9":646.286,"Y좌표11":465.364,"Y좌표10":548.328,"X좌표11":202.482,"X좌표2":507.112,"Y좌표4":616.299,"X좌표10":184.504,"X좌표3":507.112,"Y좌표3":530.792,"Y좌표2":491.809,"X좌표1":204.48,"Y좌표1":463.821,"X좌표6":479.146,"Y좌표8":867.19,"X좌표7":190.497,"Y좌표7":934.161,"X좌표4":536.077,"Y좌표6":976.143,"X좌표5":564.043,"Y좌표5":925.165}],"원피스":[{}],"상의":[{"X좌표8":622.971,"X좌표9":625.968,"X좌표2":341.313,"X좌표3":412.227,"X좌표1":309.352,"X좌표6":613.982,"X좌표7":655.931,"X좌표4":471.156,"X좌표5":539.073,"Y좌표25":4.0207,"Y좌표9":783.682,"Y좌표22":93.9817,"Y좌표21":119.97,"Y좌표24":16.0155,"Y좌표23":77.9886,"Y좌표20":354.412,"X좌표19":6.71998,"X좌표18":4.72241,"X좌표17":176.514,"X좌표16":223.457,"X좌표15":494.128,"X좌표14":491.131,"X좌표13":509.11,"X좌표12":524.091,"X좌표11":596.004,"Y좌표4":-0.97713,"X좌표10":623.97,"Y좌표3":1.022,"Y좌표2":37.0064,"Y좌표1":8.01897,"Y좌표8":583.769,"Y좌표7":159.953,"Y좌표6":105.976,"Y좌표5":60.996,"Y좌표15":517.342,"Y좌표14":574.317,"Y좌표17":542.331,"Y좌표16":502.348,"Y좌표11":842.201,"Y좌표10":823.209,"Y좌표13":605.303,"Y좌표12":818.211,"X좌표25":308.353,"X좌표24":198.487,"X좌표23":160.533,"X좌표22":109.595,"X좌표21":80.6302,"X좌표20":98.6083,"Y좌표19":366.407,"Y좌표18":452.37}]},"라벨링":{"스타일":[{"스타일":"스트리트"}],"아우터":[{"색상":"블랙","서브색상":"화이트","소매기장":"긴팔"}],"하의":[{"기장":"미니","색상":"블랙","서브색상":"화이트","카테고리":"스커트","소재":["울\/캐시미어"],"프린트":["체크"],"핏":"노멀"}],"원피스":[{}],"상의":[{"색상":"블랙","카테고리":"티셔츠","소매기장":"긴팔","소재":["니트"],"프린트":["무지"],"넥라인":"터틀넥","핏":"노멀"}]}},"파일 번호":1093975,"파일 이름":"t3434k99-t3434k99-s_5.jpg"}}