{"이미지 정보":{"이미지 식별자":1129598,"이미지 높이":1049,"이미지 파일명":"jk959-jk959-s_5.jpg","이미지 너비":800},"데이터셋 정보":{"파일 생성일자":"2020-11-13 17:37:39","데이터셋 상세설명":{"렉트좌표":{"아우터":[{"X좌표":132.87,"Y좌표":2.50664,"가로":507,"세로":851}],"하의":[{}],"원피스":[{}],"상의":[{"X좌표":193.785,"Y좌표":64.6116,"가로":257,"세로":666}]},"폴리곤좌표":{"아우터":[{"Y좌표44":19.0051,"Y좌표43":75.9994,"Y좌표40":219.985,"Y좌표42":99.997,"Y좌표41":152.992,"X좌표39":267.184,"X좌표38":301.137,"X좌표37":362.052,"X좌표36":414.978,"X좌표35":490.873,"X좌표34":535.81,"X좌표33":587.738,"X좌표32":619.694,"X좌표31":626.684,"X좌표30":640.664,"Y좌표37":188.988,"Y좌표36":126.994,"X좌표8":175.312,"Y좌표39":251.982,"X좌표9":174.313,"Y좌표38":256.981,"Y좌표33":78.9991,"Y좌표32":90.9979,"Y좌표35":48.0022,"Y좌표34":3.00664,"Y좌표31":121.995,"Y좌표30":202.987,"X좌표44":416.976,"X좌표2":326.102,"X좌표43":420.97,"X좌표3":231.234,"X좌표42":378.03,"X좌표41":343.078,"X좌표1":415.977,"X좌표40":287.156,"X좌표6":174.313,"X좌표7":133.37,"X좌표4":192.288,"X좌표5":165.326,"Y좌표26":549.841,"Y좌표25":786.818,"Y좌표28":283.979,"Y좌표9":695.827,"Y좌표27":389.968,"Y좌표22":854.811,"Y좌표21":849.811,"Y좌표24":839.812,"Y좌표23":845.812,"Y좌표20":819.814,"X좌표19":215.256,"X좌표18":220.249,"X좌표17":240.221,"X좌표16":252.205,"X좌표15":238.224,"X좌표14":228.238,"X좌표13":218.252,"X좌표12":215.256,"X좌표11":204.271,"Y좌표4":291.978,"X좌표10":182.302,"Y좌표3":173.99,"Y좌표2":72.9997,"Y좌표1":18.0052,"Y좌표8":620.945,"Y좌표7":606.947,"Y좌표29":233.984,"Y좌표6":487.958,"Y좌표5":446.963,"Y좌표15":387.968,"Y좌표14":509.956,"Y좌표17":477.959,"Y좌표16":401.967,"Y좌표11":771.819,"Y좌표10":810.815,"Y좌표13":600.947,"Y좌표12":666.941,"X좌표29":634.673,"X좌표28":617.696,"X좌표27":610.706,"X좌표26":589.735,"X좌표25":539.805,"X좌표24":525.824,"X좌표23":500.859,"X좌표22":409.985,"X좌표21":340.083,"X좌표20":218.252,"Y좌표19":768.819,"Y좌표18":691.938}],"하의":[{}],"원피스":[{}],"상의":[{"Y좌표9":407.078,"X좌표17":416.976,"X좌표16":414.978,"X좌표15":394.008,"X좌표14":423.966,"X좌표13":451.927,"X좌표12":423.966,"X좌표11":371.039,"Y좌표4":188.099,"X좌표10":314.119,"Y좌표3":131.105,"Y좌표2":91.109,"Y좌표1":65.1116,"Y좌표8":732.045,"Y좌표7":729.046,"Y좌표6":385.08,"Y좌표5":238.094,"Y좌표15":100.108,"Y좌표14":105.108,"X좌표8":224.244,"Y좌표17":67.1114,"X좌표9":263.189,"Y좌표16":82.1099,"Y좌표11":195.099,"Y좌표10":270.091,"Y좌표13":107.107,"Y좌표12":138.104,"X좌표2":368.044,"X좌표3":353.064,"X좌표1":416.976,"X좌표6":236.227,"X좌표7":194.285,"X좌표4":297.142,"X좌표5":257.198}]},"라벨링":{"스타일":[{"스타일":"스트리트"}],"아우터":[{"기장":"노말","색상":"블루","서브색상":"그레이","카테고리":"재킷","디테일":["포켓"],"소매기장":"7부소매","소재":["데님"],"프린트":["무지"],"넥라인":"후드","핏":"루즈"}],"하의":[{}],"원피스":[{}],"상의":[{"기장":"노멀","색상":"화이트","서브색상":"블랙","카테고리":"티셔츠","소매기장":"없음","소재":["저지"],"프린트":["레터링"],"넥라인":"라운드넥","핏":"노멀"}]}},"파일 번호":1129598,"파일 이름":"jk959-jk959-s_5.jpg"}}