{"이미지 정보":{"이미지 식별자":1139540,"이미지 높이":1049,"이미지 파일명":"122-122-set932k08-set932k08-s_1.jpg","이미지 너비":800},"데이터셋 정보":{"파일 생성일자":"2020-11-16 13:19:12","데이터셋 상세설명":{"렉트좌표":{"아우터":[{}],"하의":[{"X좌표":226.1,"Y좌표":651.176,"가로":328,"세로":373}],"원피스":[{}],"상의":[{"X좌표":133.5,"Y좌표":-0.5,"가로":518,"세로":818}]},"폴리곤좌표":{"아우터":[{}],"하의":[{"X좌표32":229.6,"X좌표31":247.6,"X좌표30":259.6,"X좌표8":376.6,"X좌표9":373.6,"Y좌표32":767.654,"Y좌표31":767.654,"Y좌표30":787.65,"X좌표2":227.6,"X좌표3":242.6,"X좌표1":226.6,"X좌표6":374.6,"X좌표7":370.6,"X좌표4":293.6,"X좌표5":359.6,"Y좌표26":785.65,"Y좌표25":741.659,"Y좌표28":800.647,"Y좌표9":898.629,"Y좌표27":795.648,"Y좌표22":672.672,"Y좌표21":682.67,"Y좌표24":696.667,"Y좌표23":651.676,"Y좌표20":718.663,"X좌표19":528.6,"X좌표18":554.6,"X좌표17":537.6,"X좌표16":515.6,"X좌표15":514.6,"X좌표14":495.6,"X좌표13":455.6,"X좌표12":424.6,"X좌표11":385.6,"Y좌표4":909.627,"X좌표10":369.6,"Y좌표3":917.625,"Y좌표2":897.629,"Y좌표1":769.653,"Y좌표8":845.639,"Y좌표7":806.646,"Y좌표29":801.647,"Y좌표6":844.639,"Y좌표5":869.634,"Y좌표15":1004.61,"Y좌표14":1013.61,"Y좌표17":859.636,"Y좌표16":944.62,"Y좌표11":1001.61,"Y좌표10":957.617,"Y좌표13":1025.6,"Y좌표12":1022.61,"X좌표29":304.6,"X좌표28":344.6,"X좌표27":372.6,"X좌표26":407.6,"X좌표25":429.6,"X좌표24":421.6,"X좌표23":418.6,"X좌표22":446.6,"X좌표21":473.6,"X좌표20":481.6,"Y좌표19":768.653,"Y좌표18":780.651}],"원피스":[{}],"상의":[{"Y좌표48":94.9819,"Y좌표47":89.9828,"Y좌표44":6.99867,"Y좌표43":0.0,"Y좌표46":60.9884,"Y좌표45":32.9937,"Y좌표40":66.9872,"Y좌표42":0.999809,"Y좌표41":43.9916,"X좌표39":638.0,"X좌표38":652.0,"X좌표37":650.0,"X좌표36":634.0,"X좌표35":647.0,"X좌표34":636.0,"X좌표33":635.0,"X좌표32":615.0,"X좌표31":616.0,"X좌표30":595.0,"Y좌표37":220.758,"Y좌표36":333.736,"X좌표8":150.0,"Y좌표39":99.781,"X좌표9":134.0,"Y좌표38":149.771,"Y좌표33":446.715,"Y좌표32":472.71,"Y좌표35":390.725,"Y좌표34":426.719,"Y좌표31":509.703,"Y좌표30":603.685,"X좌표48":401.6,"X좌표47":426.6,"X좌표46":480.6,"X좌표45":493.6,"X좌표44":480.6,"X좌표2":364.0,"X좌표43":517.6,"X좌표3":372.0,"X좌표42":571.6,"X좌표41":584.0,"X좌표1":396.0,"X좌표40":602.0,"X좌표6":218.0,"X좌표7":197.0,"X좌표4":243.0,"X좌표5":256.0,"Y좌표26":731.66,"Y좌표25":791.649,"Y좌표28":665.673,"Y좌표9":656.675,"Y좌표27":702.666,"Y좌표22":685.669,"Y좌표21":681.67,"Y좌표24":772.653,"Y좌표23":713.664,"Y좌표20":660.674,"X좌표19":441.0,"X좌표18":436.0,"X좌표17":375.0,"X좌표16":326.0,"X좌표15":268.0,"X좌표14":240.0,"X좌표13":228.0,"X좌표12":188.0,"X좌표11":139.0,"Y좌표4":39.9924,"X좌표10":142.0,"Y좌표3":17.9966,"Y좌표2":56.9891,"Y좌표1":92.9823,"Y좌표8":467.911,"Y좌표7":182.965,"Y좌표29":639.678,"Y좌표6":101.981,"Y좌표5":72.9861,"Y좌표15":809.646,"Y좌표14":792.649,"Y좌표17":815.644,"Y좌표16":818.644,"Y좌표11":784.65,"Y좌표10":749.657,"Y좌표13":781.651,"Y좌표12":789.649,"X좌표29":598.0,"X좌표28":581.0,"X좌표27":582.0,"X좌표26":570.0,"X좌표25":541.0,"X좌표24":515.0,"X좌표23":476.0,"X좌표22":476.0,"X좌표21":450.0,"X좌표20":420.0,"Y좌표19":730.661,"Y좌표18":778.651}]},"라벨링":{"스타일":[{"스타일":"스트리트"}],"아우터":[{}],"하의":[{"기장":"미니","색상":"실버","서브색상":"블랙","카테고리":"팬츠","소재":["저지"],"프린트":["레터링"],"핏":"노멀"}],"원피스":[{}],"상의":[{"기장":"롱","색상":"실버","서브색상":"블랙","카테고리":"후드티","디테일":["스트링"],"소매기장":"긴팔","소재":["저지"],"프린트":["레터링"],"넥라인":"후드","핏":"오버사이즈"}]}},"파일 번호":1139540,"파일 이름":"122-122-set932k08-set932k08-s_1.jpg"}}