{"이미지 정보":{"이미지 식별자":1156263,"이미지 높이":1049,"이미지 파일명":"cd259-cd259-s_11.jpg","이미지 너비":800},"데이터셋 정보":{"파일 생성일자":"2020-11-16 15:15:14","데이터셋 상세설명":{"렉트좌표":{"아우터":[{"X좌표":259.531,"Y좌표":3.49619,"가로":320,"세로":437}],"하의":[{"X좌표":275.531,"Y좌표":305.208,"가로":246,"세로":617}],"원피스":[{}],"상의":[{}]},"폴리곤좌표":{"아우터":[{"Y좌표9":323.691,"Y좌표22":5.99428,"Y좌표21":49.9523,"Y좌표20":63.939,"X좌표19":260.031,"X좌표18":260.031,"X좌표17":296.031,"X좌표16":296.031,"X좌표15":396.031,"X좌표14":378.031,"X좌표13":408.031,"X좌표12":410.031,"X좌표11":528.031,"Y좌표4":21.979,"X좌표10":526.031,"Y좌표3":141.865,"Y좌표2":197.811,"Y좌표1":3.99619,"Y좌표8":281.731,"Y좌표7":275.737,"Y좌표6":175.832,"Y좌표5":69.9333,"Y좌표15":423.596,"Y좌표14":311.703,"X좌표8":530.031,"Y좌표17":355.661,"X좌표9":538.031,"Y좌표16":431.588,"Y좌표11":441.579,"Y좌표10":375.642,"Y좌표13":303.71,"Y좌표12":419.6,"X좌표22":388.031,"X좌표2":402.031,"X좌표21":294.031,"X좌표3":418.031,"X좌표20":274.031,"X좌표1":388.031,"X좌표6":580.031,"Y좌표19":179.828,"X좌표7":542.031,"Y좌표18":357.659,"X좌표4":502.031,"X좌표5":576.031}],"하의":[{"Y좌표9":753.281,"Y좌표22":413.605,"Y좌표21":401.617,"Y좌표23":307.706,"Y좌표20":477.544,"X좌표19":310.031,"X좌표18":328.031,"X좌표17":284.031,"X좌표16":276.031,"X좌표15":306.031,"X좌표14":344.031,"X좌표13":350.031,"X좌표12":382.031,"X좌표11":416.031,"Y좌표4":435.584,"X좌표10":424.031,"Y좌표3":401.617,"Y좌표2":311.703,"Y좌표1":305.708,"Y좌표8":913.129,"Y좌표7":913.129,"Y좌표6":747.287,"Y좌표5":665.365,"Y좌표15":923.119,"Y좌표14":923.119,"X좌표8":450.031,"Y좌표17":757.277,"X좌표9":442.031,"Y좌표16":909.133,"Y좌표11":493.529,"Y좌표10":689.342,"Y좌표13":887.154,"Y좌표12":705.327,"X좌표23":370.031,"X좌표22":376.031,"X좌표2":420.031,"X좌표21":314.031,"X좌표3":432.031,"X좌표20":290.031,"X좌표1":368.031,"X좌표6":520.031,"Y좌표19":633.396,"X좌표7":522.031,"Y좌표18":743.291,"X좌표4":520.031,"X좌표5":514.031}],"원피스":[{}],"상의":[{}]},"라벨링":{"스타일":[{"스타일":"스트리트"}],"아우터":[{"기장":"노말","색상":"블루","카테고리":"가디건","디테일":["리본"],"소매기장":"긴팔","소재":["니트"],"프린트":["무지"],"넥라인":"노카라","핏":"노멀"}],"하의":[{"기장":"발목","카테고리":"청바지","소재":["데님"],"프린트":["무지"],"핏":"스키니"}],"원피스":[{}],"상의":[{}]}},"파일 번호":1156263,"파일 이름":"cd259-cd259-s_11.jpg"}}