{"이미지 정보":{"이미지 식별자":1160030,"이미지 높이":1049,"이미지 파일명":"sk1585-sk1585-s_13.jpg","이미지 너비":800},"데이터셋 정보":{"파일 생성일자":"2020-11-16 15:39:54","데이터셋 상세설명":{"렉트좌표":{"아우터":[{}],"하의":[{"X좌표":245.952,"Y좌표":232.706,"가로":365,"세로":615}],"원피스":[{}],"상의":[{"X좌표":293.886,"Y좌표":0.506843,"가로":207,"세로":258}]},"폴리곤좌표":{"아우터":[{}],"하의":[{"X좌표32":246.452,"X좌표31":263.429,"X좌표30":262.43,"X좌표8":397.243,"X좌표9":479.129,"Y좌표32":780.152,"Y좌표31":784.151,"Y좌표30":809.149,"X좌표2":266.425,"X좌표3":279.407,"X좌표1":246.452,"X좌표6":324.344,"X좌표7":318.352,"X좌표4":299.379,"X좌표5":305.37,"Y좌표26":840.146,"Y좌표25":812.148,"Y좌표28":833.146,"Y좌표9":233.206,"Y좌표27":845.145,"Y좌표22":700.16,"Y좌표21":713.158,"Y좌표24":782.151,"Y좌표23":728.157,"Y좌표20":732.156,"X좌표19":479.129,"X좌표18":496.105,"X좌표17":523.068,"X좌표16":555.023,"X좌표15":611.944,"X좌표14":592.97,"X좌표13":572.998,"X좌표12":554.025,"X좌표11":519.073,"Y좌표4":408.189,"X좌표10":495.107,"Y좌표3":440.185,"Y좌표2":631.166,"Y좌표1":780.152,"Y좌표8":242.205,"Y좌표7":242.205,"Y좌표29":814.148,"Y좌표6":308.199,"Y좌표5":364.193,"Y좌표15":824.147,"Y좌표14":719.158,"Y좌표17":826.147,"Y좌표16":845.145,"Y좌표11":321.197,"Y좌표10":262.203,"Y좌표13":609.169,"Y좌표12":479.182,"X좌표29":284.4,"X좌표28":288.394,"X좌표27":320.35,"X좌표26":374.275,"X좌표25":382.263,"X좌표24":400.238,"X좌표23":402.236,"X좌표22":413.22,"X좌표21":438.186,"X좌표20":480.127,"Y좌표19":839.146,"Y좌표18":849.145}],"원피스":[{}],"상의":[{"Y좌표9":61.0009,"X좌표16":487.118,"X좌표15":490.113,"X좌표14":494.108,"X좌표13":495.107,"X좌표12":502.097,"X좌표11":449.17,"Y좌표4":200.987,"X좌표10":424.205,"Y좌표3":259.981,"Y좌표2":252.982,"Y좌표1":251.982,"Y좌표8":56.0014,"Y좌표7":9.00605,"Y좌표6":24.0046,"Y좌표5":107.996,"Y좌표15":196.987,"Y좌표14":120.995,"X좌표8":364.288,"X좌표9":397.243,"Y좌표16":247.982,"Y좌표11":1.00684,"Y좌표10":43.0027,"Y좌표13":58.0012,"Y좌표12":11.0058,"X좌표2":414.219,"X좌표3":294.386,"X좌표1":486.119,"X좌표6":295.384,"X좌표7":342.319,"X좌표4":294.386,"X좌표5":298.38}]},"라벨링":{"스타일":[{"스타일":"히피"}],"아우터":[{}],"하의":[{"색상":"네이비","서브색상":"민트","카테고리":"스커트","디테일":["플레어","띠"],"소재":["시폰"],"프린트":["그래픽"]}],"원피스":[{}],"상의":[{"색상":"와인","카테고리":"탑","디테일":["단추"],"소매기장":"민소매","소재":["저지"],"프린트":["무지"],"넥라인":"유넥","핏":"노멀"}]}},"파일 번호":1160030,"파일 이름":"sk1585-sk1585-s_13.jpg"}}