{"이미지 정보":{"이미지 식별자":1181885,"이미지 높이":1049,"이미지 파일명":"nb965k99-nb965k99-s_10.jpg","이미지 너비":800},"데이터셋 정보":{"파일 생성일자":"2020-11-17 17:42:03","데이터셋 상세설명":{"렉트좌표":{"아우터":[{}],"하의":[{"X좌표":277.357,"Y좌표":247.382,"가로":223,"세로":695}],"원피스":[{}],"상의":[{"X좌표":261.367,"Y좌표":-0.5,"가로":257,"세로":481}]},"폴리곤좌표":{"아우터":[{}],"하의":[{"Y좌표9":803.617,"X좌표15":305.84,"X좌표14":379.794,"X좌표13":459.744,"X좌표12":469.737,"X좌표11":431.761,"Y좌표4":805.616,"X좌표10":437.757,"Y좌표3":581.723,"Y좌표2":371.823,"Y좌표1":247.882,"Y좌표8":847.596,"Y좌표7":933.555,"Y좌표6":943.55,"Y좌표5":915.563,"Y좌표15":251.88,"Y좌표14":253.879,"X좌표8":445.752,"X좌표9":501.717,"Y좌표11":555.735,"Y좌표10":593.717,"Y좌표13":321.846,"Y좌표12":465.778,"X좌표2":281.855,"X좌표3":305.84,"X좌표1":301.842,"X좌표6":369.8,"X좌표7":445.752,"X좌표4":303.841,"X좌표5":277.857}],"원피스":[{}],"상의":[{"Y좌표9":463.779,"X좌표18":335.821,"X좌표17":361.805,"X좌표16":385.79,"X좌표15":477.732,"X좌표14":519.706,"X좌표13":507.714,"X좌표12":505.715,"X좌표11":451.749,"Y좌표4":297.858,"X좌표10":433.76,"Y좌표3":233.888,"Y좌표2":55.9733,"Y좌표1":5.99714,"Y좌표8":407.806,"Y좌표7":317.848,"Y좌표6":301.856,"Y좌표5":277.867,"Y좌표15":17.9914,"Y좌표14":71.9657,"X좌표8":389.787,"Y좌표17":13.9933,"X좌표9":367.801,"Y좌표16":0.0,"Y좌표11":433.793,"Y좌표10":481.77,"Y좌표13":177.915,"Y좌표12":307.853,"X좌표2":303.841,"X좌표3":261.867,"X좌표1":329.825,"X좌표6":383.791,"X좌표7":405.777,"Y좌표18":5.99714,"X좌표4":297.845,"X좌표5":335.821}]},"라벨링":{"스타일":[{"스타일":"소피스트케이티드"}],"아우터":[{}],"하의":[{"기장":"발목","색상":"화이트","카테고리":"팬츠","소재":["우븐"],"프린트":["무지"],"핏":"와이드"}],"원피스":[{}],"상의":[{"색상":"그레이","카테고리":"셔츠","옷깃":"셔츠칼라","소매기장":"긴팔","소재":["우븐"],"프린트":["무지"],"핏":"노멀"}]}},"파일 번호":1181885,"파일 이름":"nb965k99-nb965k99-s_10.jpg"}}