{"이미지 정보":{"이미지 식별자":1189871,"이미지 높이":1049,"이미지 파일명":"t2951k92-t2951k92-s_7.jpg","이미지 너비":800},"데이터셋 정보":{"파일 생성일자":"2020-11-17 18:23:32","데이터셋 상세설명":{"렉트좌표":{"아우터":[{}],"하의":[{"X좌표":283.5,"Y좌표":275.903,"가로":183,"세로":585}],"원피스":[{}],"상의":[{"X좌표":229.5,"Y좌표":5.49428,"가로":274,"세로":372}]},"폴리곤좌표":{"아우터":[{}],"하의":[{"X좌표8":343.0,"X좌표9":362.0,"X좌표2":284.0,"X좌표3":286.0,"X좌표1":296.0,"X좌표6":323.0,"X좌표7":327.0,"X좌표4":307.0,"X좌표5":323.0,"Y좌표25":276.403,"Y좌표9":861.844,"Y좌표22":329.352,"Y좌표21":382.302,"Y좌표24":280.399,"Y좌표23":276.403,"Y좌표20":458.229,"X좌표19":448.0,"X좌표18":430.0,"X좌표17":412.0,"X좌표16":400.0,"X좌표15":390.0,"X좌표14":394.0,"X좌표13":396.0,"X좌표12":395.0,"X좌표11":402.0,"Y좌표4":505.185,"X좌표10":408.0,"Y좌표3":421.265,"Y좌표2":361.322,"Y좌표1":281.398,"Y좌표8":861.844,"Y좌표7":737.963,"Y좌표6":633.063,"Y좌표5":594.1,"Y좌표15":413.272,"Y좌표14":509.181,"Y좌표17":739.961,"Y좌표16":784.918,"Y좌표11":756.944,"Y좌표10":855.85,"Y좌표13":578.115,"Y좌표12":693.005,"X좌표25":298.0,"X좌표24":374.0,"X좌표23":451.0,"X좌표22":467.0,"X좌표21":467.0,"X좌표20":460.0,"Y좌표19":538.153,"Y좌표18":636.06}],"원피스":[{}],"상의":[{"X좌표39":354.0,"X좌표38":367.0,"X좌표37":388.0,"X좌표36":408.0,"X좌표35":420.0,"X좌표34":430.0,"X좌표33":424.0,"X좌표32":455.0,"X좌표31":487.0,"X좌표30":483.0,"Y좌표37":38.9628,"Y좌표36":47.9542,"X좌표8":240.0,"Y좌표39":10.9895,"X좌표9":259.0,"Y좌표38":23.9771,"Y좌표33":19.9809,"Y좌표32":31.9695,"Y좌표35":47.9542,"Y좌표34":39.9619,"Y좌표31":54.9476,"Y좌표30":118.887,"X좌표2":315.0,"X좌표3":291.0,"X좌표1":350.0,"X좌표6":235.0,"X좌표7":230.0,"X좌표4":267.0,"X좌표5":250.0,"Y좌표26":234.776,"Y좌표25":258.753,"Y좌표28":191.817,"Y좌표9":246.765,"Y좌표27":214.795,"Y좌표22":305.708,"Y좌표21":273.739,"Y좌표24":290.723,"Y좌표23":309.704,"Y좌표20":287.725,"X좌표19":468.0,"X좌표18":478.0,"X좌표17":478.0,"X좌표16":466.0,"X좌표15":418.0,"X좌표14":364.0,"X좌표13":323.0,"X좌표12":279.0,"X좌표11":283.0,"Y좌표4":59.9428,"X좌표10":295.0,"Y좌표3":27.9733,"Y좌표2":17.9828,"Y좌표1":5.99428,"Y좌표8":239.771,"Y좌표7":218.791,"Y좌표29":149.857,"Y좌표6":186.822,"Y좌표5":125.88,"Y좌표15":365.651,"Y좌표14":365.651,"Y좌표17":378.639,"Y좌표16":374.643,"Y좌표11":338.677,"Y좌표10":258.753,"Y좌표13":369.647,"Y좌표12":369.647,"X좌표29":482.0,"X좌표28":470.0,"X좌표27":472.0,"X좌표26":480.0,"X좌표25":495.0,"X좌표24":504.0,"X좌표23":491.0,"X좌표22":475.0,"X좌표21":458.0,"X좌표20":462.0,"Y좌표19":315.699,"Y좌표18":347.668}]},"라벨링":{"스타일":[{"스타일":"스트리트"}],"아우터":[{}],"하의":[{"기장":"발목","색상":"화이트","카테고리":"청바지","소재":["데님"],"프린트":["무지"],"핏":"스키니"}],"원피스":[{}],"상의":[{"기장":"노멀","색상":"네이비","카테고리":"탑","소매기장":"긴팔","소재":["스판덱스"],"프린트":["무지"],"넥라인":"라운드넥","핏":"타이트"}]}},"파일 번호":1189871,"파일 이름":"t2951k92-t2951k92-s_7.jpg"}}