{"이미지 정보":{"이미지 식별자":1207239,"이미지 높이":1049,"이미지 파일명":"pt3759c96-pt3759c96-s_10.jpg","이미지 너비":800},"데이터셋 정보":{"파일 생성일자":"2020-11-18 13:13:38","데이터셋 상세설명":{"렉트좌표":{"아우터":[{}],"하의":[{}],"원피스":[{"X좌표":98.4091,"Y좌표":-3.22655,"가로":545,"세로":908}],"상의":[{}]},"폴리곤좌표":{"아우터":[{}],"하의":[{}],"원피스":[{"X좌표39":254.545,"X좌표38":339.636,"X좌표37":361.455,"X좌표36":358.545,"X좌표35":360.727,"X좌표34":339.636,"X좌표33":351.273,"X좌표32":368.727,"X좌표31":410.182,"X좌표30":446.546,"X좌표49":234.182,"X좌표48":168.0,"X좌표47":98.9091,"X좌표46":107.636,"X좌표45":120.727,"X좌표44":170.182,"X좌표43":189.091,"X좌표42":207.273,"X좌표41":188.364,"X좌표40":202.909,"Y좌표26":331.005,"Y좌표25":269.203,"Y좌표28":301.194,"Y좌표27":298.286,"Y좌표22":97.611,"Y좌표21":70.7089,"Y좌표24":214.671,"Y좌표23":147.78,"Y좌표20":50.3506,"X좌표58":485.818,"X좌표57":445.818,"X좌표56":422.545,"X좌표55":399.273,"X좌표54":373.091,"X좌표53":349.091,"X좌표52":330.182,"X좌표51":290.182,"X좌표50":247.273,"Y좌표29":365.178,"Y좌표15":93.2485,"Y좌표14":40.1714,"Y좌표17":80.161,"Y좌표16":114.334,"Y좌표11":-0.545307,"Y좌표10":-2.72655,"Y좌표13":39.4443,"Y좌표12":22.7214,"Y좌표19":51.0776,"Y좌표18":48.1693,"Y좌표48":573.851,"Y좌표47":731.628,"Y좌표49":432.797,"Y좌표44":801.428,"Y좌표43":795.611,"Y좌표46":759.257,"Y좌표45":770.89,"Y좌표40":890.132,"Y좌표42":780.343,"Y좌표41":870.501,"Y좌표37":879.226,"Y좌표36":839.963,"X좌표8":377.455,"Y좌표39":900.311,"X좌표9":392.727,"Y좌표38":905.401,"Y좌표33":664.736,"Y좌표32":623.293,"Y좌표35":753.44,"Y좌표34":674.915,"Y좌표31":548.403,"Y좌표30":453.155,"X좌표2":447.273,"X좌표3":466.182,"X좌표1":489.455,"X좌표6":384.727,"X좌표7":376.727,"X좌표4":397.818,"X좌표5":407.273,"Y좌표9":22.7214,"X좌표19":575.273,"X좌표18":552.0,"X좌표17":505.455,"X좌표16":451.636,"X좌표15":475.636,"X좌표14":509.818,"X좌표13":483.636,"X좌표12":465.455,"X좌표11":445.091,"Y좌표4":134.692,"X좌표10":406.545,"Y좌표3":234.303,"Y좌표2":259.751,"Y좌표1":259.751,"Y좌표8":11.8151,"Y좌표7":42.3526,"Y좌표6":73.6172,"Y좌표5":104.882,"Y좌표58":298.286,"Y좌표55":285.926,"Y좌표54":291.015,"Y좌표57":291.742,"Y좌표56":291.015,"Y좌표51":318.644,"Y좌표50":394.261,"Y좌표53":282.29,"Y좌표52":260.478,"X좌표29":477.818,"X좌표28":487.273,"X좌표27":509.818,"X좌표26":554.182,"X좌표25":580.364,"X좌표24":601.455,"X좌표23":629.091,"X좌표22":644.364,"X좌표21":631.273,"X좌표20":609.455}],"상의":[{}]},"라벨링":{"스타일":[{"스타일":"모던"}],"아우터":[{}],"하의":[{}],"원피스":[{"기장":"발목","색상":"블랙","카테고리":"점프수트","옷깃":"셔츠칼라","디테일":["스트링"],"소매기장":"반팔","소재":["우븐"],"프린트":["무지"],"핏":"루즈"}],"상의":[{}]}},"파일 번호":1207239,"파일 이름":"pt3759c96-pt3759c96-s_10.jpg"}}