{"이미지 정보":{"이미지 식별자":1211698,"이미지 높이":1049,"이미지 파일명":"pt5913k09-pt5913k09-s_2.jpg","이미지 너비":800},"데이터셋 정보":{"파일 생성일자":"2020-11-18 13:46:44","데이터셋 상세설명":{"렉트좌표":{"아우터":[{"X좌표":206.278,"Y좌표":7.49915,"가로":339,"세로":425}],"하의":[{"X좌표":282.278,"Y좌표":249.474,"가로":272,"세로":696}],"원피스":[{}],"상의":[{}]},"폴리곤좌표":{"아우터":[{"Y좌표40":35.9962,"Y좌표41":41.9956,"X좌표39":355.778,"X좌표38":330.778,"X좌표37":309.778,"X좌표36":291.778,"X좌표35":257.778,"X좌표34":241.778,"X좌표33":225.778,"X좌표32":228.778,"X좌표31":206.778,"X좌표30":214.778,"Y좌표37":7.99915,"Y좌표36":15.9983,"X좌표8":545.778,"Y좌표39":27.997,"X좌표9":543.778,"Y좌표38":16.9982,"Y좌표33":188.98,"Y좌표32":291.969,"Y좌표35":39.9958,"Y좌표34":97.9896,"Y좌표31":398.958,"Y좌표30":422.955,"X좌표2":442.778,"X좌표3":472.778,"X좌표41":398.778,"X좌표1":397.778,"X좌표40":382.778,"X좌표6":532.778,"X좌표7":539.778,"X좌표4":508.778,"X좌표5":520.778,"Y좌표26":291.969,"Y좌표25":308.967,"Y좌표28":376.96,"Y좌표9":425.955,"Y좌표27":328.965,"Y좌표22":280.97,"Y좌표21":238.975,"Y좌표24":311.967,"Y좌표23":298.968,"Y좌표20":192.98,"X좌표19":387.778,"X좌표18":386.778,"X좌표17":386.778,"X좌표16":389.778,"X좌표15":415.778,"X좌표14":456.778,"X좌표13":494.778,"X좌표12":497.778,"X좌표11":508.778,"Y좌표4":18.998,"X좌표10":519.778,"Y좌표3":11.9987,"Y좌표2":19.9979,"Y좌표1":42.9954,"Y좌표8":377.96,"Y좌표7":290.969,"Y좌표29":425.955,"Y좌표6":170.982,"Y좌표5":57.9939,"Y좌표15":313.967,"Y좌표14":319.966,"Y좌표17":260.972,"Y좌표16":298.968,"Y좌표11":405.957,"Y좌표10":433.954,"Y좌표13":313.967,"Y좌표12":348.963,"X좌표29":252.778,"X좌표28":263.778,"X좌표27":276.778,"X좌표26":288.778,"X좌표25":316.778,"X좌표24":341.778,"X좌표23":356.778,"X좌표22":367.778,"X좌표21":367.778,"X좌표20":373.778,"Y좌표19":149.984,"Y좌표18":201.979}],"하의":[{"X좌표39":317.778,"X좌표38":333.778,"X좌표37":360.778,"X좌표36":362.778,"X좌표35":369.778,"X좌표34":395.778,"X좌표33":421.778,"X좌표32":431.778,"X좌표31":417.778,"X좌표30":402.778,"X좌표49":373.778,"X좌표48":365.778,"X좌표47":347.778,"X좌표46":313.778,"X좌표45":288.778,"X좌표44":288.778,"X좌표43":282.778,"X좌표42":282.778,"X좌표41":310.778,"X좌표40":314.778,"Y좌표26":531.833,"Y좌표25":639.821,"Y좌표28":422.844,"Y좌표27":451.841,"Y좌표22":946.789,"Y좌표21":944.789,"Y좌표24":800.804,"Y좌표23":897.794,"Y좌표20":938.789,"Y좌표29":562.829,"Y좌표15":923.791,"Y좌표14":927.791,"Y좌표17":858.798,"Y좌표16":898.794,"Y좌표11":775.807,"Y좌표10":681.817,"Y좌표13":914.792,"Y좌표12":854.798,"Y좌표19":874.796,"Y좌표18":818.802,"Y좌표48":280.97,"Y좌표47":310.856,"Y좌표49":249.974,"Y좌표44":336.853,"Y좌표43":386.848,"Y좌표46":318.855,"Y좌표45":311.856,"Y좌표40":619.823,"Y좌표42":441.842,"Y좌표41":549.831,"Y좌표37":870.797,"Y좌표36":916.792,"X좌표8":506.778,"Y좌표39":752.809,"X좌표9":504.778,"Y좌표38":905.793,"Y좌표33":897.794,"Y좌표32":869.797,"Y좌표35":921.791,"Y좌표34":910.792,"Y좌표31":821.802,"Y좌표30":730.811,"X좌표2":385.778,"X좌표3":389.778,"X좌표1":373.778,"X좌표6":482.778,"X좌표7":494.778,"X좌표4":406.778,"X좌표5":437.778,"Y좌표9":548.831,"X좌표19":510.778,"X좌표18":510.778,"X좌표17":517.778,"X좌표16":523.778,"X좌표15":533.778,"X좌표14":552.778,"X좌표13":554.778,"X좌표12":545.778,"X좌표11":527.778,"Y좌표4":312.522,"X좌표10":517.778,"Y좌표3":295.524,"Y좌표2":259.528,"Y좌표1":252.529,"Y좌표8":408.512,"Y좌표7":330.521,"Y좌표6":319.522,"Y좌표5":319.522,"X좌표29":388.778,"X좌표28":389.778,"X좌표27":402.778,"X좌표26":416.778,"X좌표25":421.778,"X좌표24":435.778,"X좌표23":429.778,"X좌표22":445.778,"X좌표21":480.778,"X좌표20":509.778}],"원피스":[{}],"상의":[{}]},"라벨링":{"스타일":[{"스타일":"모던","서브스타일":"소피스트케이티드"}],"아우터":[{"기장":"크롭","색상":"스카이블루","서브색상":"블랙","카테고리":"재킷","디테일":["단추","포켓"],"소매기장":"긴팔","소재":["우븐"],"프린트":["무지"],"넥라인":"노카라","핏":"노멀"}],"하의":[{"기장":"발목","색상":"블랙","카테고리":"팬츠","디테일":["슬릿"],"소재":["우븐"],"프린트":["무지"],"핏":"노멀"}],"원피스":[{}],"상의":[{}]}},"파일 번호":1211698,"파일 이름":"pt5913k09-pt5913k09-s_2.jpg"}}