{"이미지 정보":{"이미지 식별자":1214413,"이미지 높이":1049,"이미지 파일명":"sk2580k02-sk2580k02_s_7.jpg","이미지 너비":800},"데이터셋 정보":{"파일 생성일자":"2020-11-18 14:07:25","데이터셋 상세설명":{"렉트좌표":{"아우터":[{"X좌표":182.028,"Y좌표":1.53811,"가로":400,"세로":522}],"하의":[{"X좌표":295.958,"Y좌표":293.401,"가로":248,"세로":319}],"원피스":[{}],"상의":[{"X좌표":348.926,"Y좌표":17.5306,"가로":125,"세로":311}]},"폴리곤좌표":{"아우터":[{"X좌표30":362.418,"X좌표8":277.47,"X좌표9":320.443,"Y좌표30":8.03529,"X좌표2":292.461,"X좌표3":239.493,"X좌표1":359.419,"X좌표6":235.496,"X좌표7":245.489,"X좌표4":215.508,"X좌표5":182.528,"Y좌표26":136.975,"Y좌표25":190.949,"Y좌표28":51.0151,"Y좌표9":484.811,"Y좌표27":85.9987,"Y좌표22":394.854,"Y좌표21":454.826,"Y좌표24":299.898,"Y좌표23":338.88,"Y좌표20":494.807,"X좌표19":515.323,"X좌표18":500.333,"X좌표17":469.352,"X좌표16":454.361,"X좌표15":448.365,"X좌표14":431.375,"X좌표13":364.416,"X좌표12":361.418,"X좌표11":361.418,"Y좌표4":332.883,"X좌표10":355.422,"Y좌표3":42.0193,"Y좌표2":27.0264,"Y좌표1":12.0334,"Y좌표8":524.793,"Y좌표7":488.81,"Y좌표29":2.03811,"Y좌표6":466.82,"Y좌표5":436.834,"Y좌표15":215.938,"Y좌표14":29.0254,"Y좌표17":307.895,"Y좌표16":283.906,"Y좌표11":305.895,"Y좌표10":386.857,"Y좌표13":50.0156,"Y좌표12":149.969,"X좌표29":448.365,"X좌표28":568.291,"X좌표27":575.286,"X좌표26":577.285,"X좌표25":583.282,"X좌표24":566.292,"X좌표23":553.3,"X좌표22":559.296,"X좌표21":559.296,"X좌표20":526.317,"Y좌표19":424.84,"Y좌표18":361.869}],"하의":[{"Y좌표9":353.873,"X좌표15":355.422,"X좌표14":475.348,"X좌표13":476.347,"X좌표12":448.365,"X좌표11":464.355,"Y좌표4":608.753,"X좌표10":503.331,"Y좌표3":590.762,"Y좌표2":482.812,"Y좌표1":314.891,"Y좌표8":466.82,"Y좌표7":578.767,"Y좌표6":608.753,"Y좌표5":613.751,"Y좌표15":313.892,"Y좌표14":293.901,"X좌표8":530.314,"X좌표9":521.32,"Y좌표11":349.875,"Y좌표10":353.873,"Y좌표13":311.893,"Y좌표12":337.88,"X좌표2":301.455,"X좌표3":296.458,"X좌표1":352.424,"X좌표6":500.333,"X좌표7":545.305,"X좌표4":361.418,"X좌표5":440.37}],"원피스":[{}],"상의":[{"X좌표8":413.386,"X좌표9":394.398,"Y좌표9":72.0053,"Y좌표11":51.0151,"Y좌표10":60.0109,"X좌표11":350.425,"X좌표2":352.424,"Y좌표4":308.894,"X좌표10":374.41,"X좌표3":424.379,"Y좌표3":322.887,"Y좌표2":329.884,"X좌표1":349.426,"Y좌표1":50.0156,"X좌표6":452.362,"Y좌표8":57.0123,"X좌표7":443.368,"Y좌표7":18.0306,"X좌표4":475.348,"Y좌표6":77.0029,"X좌표5":470.351,"Y좌표5":269.912}]},"라벨링":{"스타일":[{"스타일":"모던","서브스타일":"스트리트"}],"아우터":[{"기장":"노말","색상":"핑크","카테고리":"재킷","옷깃":"테일러드칼라","디테일":["포켓"],"소매기장":"긴팔","소재":["우븐"],"프린트":["무지"],"핏":"루즈"}],"하의":[{"기장":"미니","색상":"베이지","카테고리":"스커트","소재":["우븐"],"프린트":["무지"],"핏":"노멀"}],"원피스":[{}],"상의":[{"색상":"화이트","서브색상":"와인","카테고리":"티셔츠","소매기장":"없음","소재":["저지"],"프린트":["레터링"],"넥라인":"라운드넥","핏":"노멀"}]}},"파일 번호":1214413,"파일 이름":"sk2580k02-sk2580k02_s_7.jpg"}}