{"이미지 정보":{"이미지 식별자":1217877,"이미지 높이":1049,"이미지 파일명":"sk3012k08-sk3012k08-s_2.jpg","이미지 너비":800},"데이터셋 정보":{"파일 생성일자":"2020-11-18 14:32:55","데이터셋 상세설명":{"렉트좌표":{"아우터":[{}],"하의":[{"X좌표":153.293,"Y좌표":348.361,"가로":373,"세로":682}],"원피스":[{}],"상의":[{"X좌표":182.253,"Y좌표":-0.493058,"가로":432,"세로":410}]},"폴리곤좌표":{"아우터":[{}],"하의":[{"X좌표8":511.296,"X좌표9":480.339,"X좌표2":499.312,"X좌표3":502.308,"X좌표1":255.651,"X좌표6":527.274,"X좌표7":522.281,"X좌표4":521.282,"X좌표5":523.279,"Y좌표26":349.306,"Y좌표25":390.301,"Y좌표9":1023.13,"Y좌표22":859.144,"Y좌표21":942.136,"Y좌표24":470.294,"Y좌표23":612.168,"Y좌표20":963.133,"X좌표19":232.683,"X좌표18":266.636,"X좌표17":282.614,"X좌표16":292.6,"X좌표15":333.543,"X좌표14":356.511,"X좌표13":352.517,"X좌표12":376.483,"X좌표11":388.467,"Y좌표4":429.853,"X좌표10":439.396,"Y좌표3":392.857,"Y좌표2":359.86,"Y좌표1":348.861,"Y좌표8":1015.13,"Y좌표7":876.142,"Y좌표6":767.82,"Y좌표5":592.837,"Y좌표15":989.131,"Y좌표14":982.132,"Y좌표17":966.133,"Y좌표16":991.131,"Y좌표11":1015.13,"Y좌표10":1031.13,"Y좌표13":965.133,"Y좌표12":982.132,"X좌표26":256.65,"X좌표25":250.658,"X좌표24":223.696,"X좌표23":193.737,"X좌표22":170.769,"X좌표21":153.793,"X좌표20":201.726,"Y좌표19":951.135,"Y좌표18":943.135}],"원피스":[{}],"상의":[{"Y좌표40":250.982,"Y좌표42":122.995,"Y좌표41":176.989,"X좌표39":182.753,"X좌표38":209.715,"X좌표37":211.712,"X좌표36":246.664,"X좌표35":268.633,"X좌표34":291.601,"X좌표33":287.607,"X좌표32":302.586,"X좌표31":331.546,"X좌표30":403.446,"Y좌표37":386.968,"Y좌표36":409.966,"X좌표8":406.442,"Y좌표39":278.979,"X좌표9":450.381,"Y좌표38":339.973,"Y좌표33":360.971,"Y좌표32":320.975,"Y좌표35":410.966,"Y좌표34":399.967,"Y좌표31":333.974,"Y좌표30":331.974,"X좌표2":247.662,"X좌표3":306.581,"X좌표42":219.701,"X좌표41":210.714,"X좌표1":215.707,"X좌표40":198.731,"X좌표6":347.524,"X좌표7":360.506,"X좌표4":335.54,"X좌표5":360.506,"Y좌표26":378.969,"Y좌표25":380.969,"Y좌표28":360.971,"Y좌표9":42.0028,"Y좌표27":352.972,"Y좌표22":346.972,"Y좌표21":332.974,"Y좌표24":360.971,"Y좌표23":343.973,"Y좌표20":316.975,"X좌표19":615.151,"X좌표18":607.162,"X좌표17":608.161,"X좌표16":603.168,"X좌표15":583.196,"X좌표14":533.265,"X좌표13":512.294,"X좌표12":497.315,"X좌표11":476.344,"Y좌표4":21.0049,"X좌표10":482.336,"Y좌표3":22.0048,"Y좌표2":51.0019,"Y좌표1":121.995,"Y좌표8":51.0019,"Y좌표7":47.0023,"Y좌표29":328.974,"Y좌표6":27.0043,"Y좌표5":10.0059,"Y좌표15":39.0031,"Y좌표14":16.0054,"Y좌표17":163.991,"Y좌표16":73.9996,"Y좌표11":0.00694206,"Y좌표10":20.005,"Y좌표13":4.00654,"Y좌표12":0.00694206,"X좌표29":430.408,"X좌표28":451.379,"X좌표27":472.35,"X좌표26":490.325,"X좌표25":518.286,"X좌표24":547.246,"X좌표23":552.239,"X좌표22":573.21,"X좌표21":581.199,"X좌표20":592.183,"Y좌표19":291.978,"Y좌표18":208.986}]},"라벨링":{"스타일":[{"스타일":"스트리트"}],"아우터":[{}],"하의":[{"기장":"발목","색상":"블랙","서브색상":"화이트","카테고리":"스커트","디테일":["단추","포켓"],"소재":["우븐"],"프린트":["무지"],"핏":"와이드"}],"원피스":[{}],"상의":[{"기장":"롱","색상":"블랙","서브색상":"핑크","카테고리":"티셔츠","소매기장":"긴팔","소재":["우븐"],"프린트":["무지","레터링"],"넥라인":"라운드넥","핏":"루즈"}]}},"파일 번호":1217877,"파일 이름":"sk3012k08-sk3012k08-s_2.jpg"}}