{"이미지 정보":{"이미지 식별자":1233058,"이미지 높이":800,"이미지 파일명":"1-(9)-009-276-4,164-19,041-Forme_403_07.jpg","이미지 너비":800},"데이터셋 정보":{"파일 생성일자":"2020-11-19 16:15:23","데이터셋 상세설명":{"렉트좌표":{"아우터":[{"X좌표":116.428,"Y좌표":2.53719,"가로":456,"세로":632}],"하의":[{}],"원피스":[{}],"상의":[{}]},"폴리곤좌표":{"아우터":[{"X좌표39":378.767,"X좌표38":360.778,"X좌표37":360.778,"X좌표36":339.791,"X좌표35":326.799,"X좌표34":306.811,"X좌표33":291.82,"X좌표32":285.824,"X좌표31":281.827,"X좌표30":263.838,"X좌표49":362.777,"X좌표48":362.777,"X좌표47":372.771,"X좌표46":378.767,"X좌표45":359.779,"X좌표44":342.789,"X좌표43":363.776,"X좌표42":366.774,"X좌표41":381.765,"X좌표40":407.749,"Y좌표26":152.945,"Y좌표25":215.906,"Y좌표28":67.9972,"Y좌표27":98.9781,"Y좌표22":416.782,"Y좌표21":457.757,"Y좌표24":269.873,"Y좌표23":332.834,"Y좌표20":518.72,"Y좌표29":44.012,"Y좌표15":623.655,"Y좌표14":613.661,"Y좌표17":634.648,"Y좌표16":635.648,"Y좌표11":530.712,"Y좌표10":590.675,"Y좌표13":632.65,"Y좌표12":596.672,"Y좌표19":577.683,"Y좌표18":620.657,"Y좌표48":17.0286,"Y좌표47":42.0132,"Y좌표49":3.03719,"Y좌표44":104.974,"Y좌표43":200.915,"Y좌표46":77.9911,"Y좌표45":100.977,"Y좌표40":550.7,"Y좌표42":242.89,"Y좌표41":367.813,"Y좌표37":284.864,"Y좌표36":137.954,"X좌표8":506.688,"Y좌표39":445.765,"X좌표9":573.647,"Y좌표38":364.814,"Y좌표33":85.9861,"Y좌표32":62.0009,"Y좌표35":109.971,"Y좌표34":95.98,"Y좌표31":14.0304,"Y좌표30":21.0261,"X좌표2":423.739,"X좌표3":494.695,"X좌표1":362.777,"X좌표6":518.681,"X좌표7":504.689,"X좌표4":510.686,"X좌표5":530.673,"Y좌표9":583.68,"X좌표19":176.891,"X좌표18":207.872,"X좌표17":231.857,"X좌표16":264.837,"X좌표15":329.797,"X좌표14":416.743,"X좌표13":428.736,"X좌표12":525.676,"X좌표11":516.682,"Y좌표4":145.949,"X좌표10":533.671,"Y좌표3":71.9947,"Y좌표2":48.0095,"Y좌표1":5.03596,"Y좌표8":373.809,"Y좌표7":341.829,"Y좌표6":326.838,"Y좌표5":301.853,"X좌표29":227.86,"X좌표28":186.885,"X좌표27":153.905,"X좌표26":131.919,"X좌표25":126.922,"X좌표24":116.928,"X좌표23":137.915,"X좌표22":174.892,"X좌표21":179.889,"X좌표20":170.895}],"하의":[{}],"원피스":[{}],"상의":[{}]},"라벨링":{"스타일":[{"스타일":"스트리트"}],"아우터":[{"기장":"하프","색상":"베이지","카테고리":"코트","옷깃":"폴로칼라","디테일":["리본","포켓"],"소매기장":"7부소매","소재":["우븐"],"프린트":["무지"],"핏":"노멀"}],"하의":[{}],"원피스":[{}],"상의":[{}]}},"파일 번호":1233058,"파일 이름":"1-(9)-009-276-4,164-19,041-Forme_403_07.jpg"}}