{"이미지 정보":{"이미지 식별자":1239979,"이미지 높이":800,"이미지 파일명":"017-284-6,736-31,608---여기까지-PinkSpoon_290_12.jpg","이미지 너비":800},"데이터셋 정보":{"파일 생성일자":"2020-11-19 16:46:07","데이터셋 상세설명":{"렉트좌표":{"아우터":[{}],"하의":[{"X좌표":369.78,"Y좌표":250.158,"가로":218,"세로":359}],"원피스":[{}],"상의":[{"X좌표":361.791,"Y좌표":6.49721,"가로":224,"세로":256}]},"폴리곤좌표":{"아우터":[{}],"하의":[{"X좌표2":406.23,"Y좌표4":583.196,"X좌표3":396.244,"Y좌표3":382.475,"Y좌표2":250.658,"X좌표1":559.018,"Y좌표1":257.649,"X좌표6":583.983,"X좌표7":562.013,"Y좌표7":255.651,"X좌표4":370.28,"Y좌표6":470.353,"X좌표5":588.976,"Y좌표5":610.158}],"원피스":[{}],"상의":[{"Y좌표9":159.785,"X좌표16":586.979,"X좌표15":546.036,"X좌표14":564.011,"X좌표13":537.048,"X좌표12":566.008,"X좌표11":494.108,"Y좌표4":40.95,"X좌표10":396.244,"Y좌표3":6.99721,"Y좌표2":9.99304,"Y좌표1":95.8736,"Y좌표8":139.812,"Y좌표7":46.9417,"Y좌표6":19.9792,"Y좌표5":45.943,"Y좌표15":118.842,"Y좌표14":162.781,"X좌표8":362.291,"X좌표9":402.236,"Y좌표16":100.867,"Y좌표11":258.647,"Y좌표10":233.682,"Y좌표13":202.725,"Y좌표12":263.64,"X좌표2":565.009,"X좌표3":512.083,"X좌표1":583.983,"X좌표6":410.225,"X좌표7":378.269,"X좌표4":479.129,"X좌표5":447.173}]},"라벨링":{"스타일":[{"스타일":"로맨틱","서브스타일":"리조트"}],"아우터":[{}],"하의":[{"기장":"니렝스","색상":"블랙","카테고리":"스커트","디테일":["플레어"],"소재":["저지"],"프린트":["무지"],"핏":"노멀"}],"원피스":[{}],"상의":[{"기장":"노멀","색상":"블랙","카테고리":"후드티","디테일":["스트링","플레어"],"소매기장":"반팔","소재":["저지"],"프린트":["무지"],"넥라인":"라운드넥","핏":"노멀"}]}},"파일 번호":1239979,"파일 이름":"017-284-6,736-31,608---여기까지-PinkSpoon_290_12.jpg"}}