{"이미지 정보":{"이미지 식별자":1248540,"이미지 높이":1066,"이미지 파일명":"16030757-1 (3391).jpg","이미지 너비":800},"데이터셋 정보":{"파일 생성일자":"2020-11-19 17:42:06","데이터셋 상세설명":{"렉트좌표":{"아우터":[{"X좌표":225.98,"Y좌표":65.4801,"가로":503,"세로":836}],"하의":[{}],"원피스":[{}],"상의":[{"X좌표":147.09,"Y좌표":-0.49306,"가로":526,"세로":847}]},"폴리곤좌표":{"아우터":[{"X좌표8":283.401,"X좌표9":284.4,"X좌표2":499.101,"X좌표3":435.19,"X좌표1":555.023,"X좌표6":306.369,"X좌표7":277.409,"X좌표4":410.225,"X좌표5":340.322,"Y좌표26":145.947,"Y좌표25":250.905,"Y좌표28":66.9797,"Y좌표9":522.794,"Y좌표27":92.9691,"Y좌표22":631.305,"Y좌표21":743.26,"Y좌표24":407.397,"Y좌표23":548.339,"Y좌표20":858.213,"X좌표19":617.936,"X좌표18":556.022,"X좌표17":494.108,"X좌표16":404.233,"X좌표15":304.372,"X좌표14":266.425,"X좌표13":246.452,"X좌표12":226.48,"X좌표11":255.44,"Y좌표4":171.937,"X좌표10":258.436,"Y좌표3":145.947,"Y좌표2":103.965,"Y좌표1":66.9797,"Y좌표8":455.821,"Y좌표7":387.849,"Y좌표29":65.9801,"Y좌표6":279.893,"Y좌표5":200.925,"Y좌표15":789.241,"Y좌표14":817.23,"Y좌표17":855.214,"Y좌표16":823.227,"Y좌표11":724.268,"Y좌표10":628.751,"Y좌표13":805.234,"Y좌표12":765.251,"X좌표29":559.018,"X좌표28":611.944,"X좌표27":635.911,"X좌표26":675.855,"X좌표25":697.825,"X좌표24":718.795,"X좌표23":729.78,"X좌표22":709.808,"X좌표21":668.865,"X좌표20":619.933,"Y좌표19":902.195,"Y좌표18":882.203}],"하의":[{}],"원피스":[{}],"상의":[{"X좌표39":422.208,"X좌표38":427.201,"X좌표37":448.172,"X좌표36":484.122,"X좌표35":525.065,"X좌표34":568.005,"X좌표33":607.95,"X좌표32":611.944,"X좌표31":628.92,"X좌표30":629.919,"Y좌표77":151.945,"Y좌표76":456.377,"Y좌표73":647.299,"Y좌표72":729.265,"Y좌표75":472.37,"Y좌표74":545.34,"Y좌표71":757.254,"Y좌표70":804.235,"X좌표49":416.216,"X좌표48":398.241,"X좌표47":375.273,"X좌표46":362.291,"X좌표45":334.33,"X좌표44":334.33,"X좌표43":310.363,"X좌표42":342.319,"X좌표41":365.287,"X좌표40":392.25,"Y좌표26":317.877,"Y좌표25":276.894,"Y좌표28":401.843,"Y좌표27":363.859,"Y좌표22":145.947,"Y좌표21":175.935,"Y좌표24":222.916,"Y좌표23":171.937,"Y좌표20":220.917,"X좌표59":210.502,"X좌표58":237.465,"X좌표57":263.429,"X좌표56":287.395,"X좌표55":443.179,"X좌표54":522.069,"X좌표53":500.1,"X좌표52":512.083,"X좌표51":495.107,"X좌표50":465.148,"Y좌표29":449.824,"Y좌표15":68.9788,"Y좌표14":71.9776,"Y좌표17":125.956,"Y좌표16":93.9687,"Y좌표11":23.9972,"Y좌표10":0.00693992,"Y좌표13":61.9817,"Y좌표12":45.9882,"X좌표69":238.463,"X좌표68":227.479,"X좌표67":204.511,"X좌표66":167.562,"X좌표65":147.59,"X좌표64":154.58,"X좌표63":160.572,"X좌표62":165.565,"Y좌표19":286.89,"X좌표61":186.536,"Y좌표18":149.946,"X좌표60":192.527,"Y좌표48":661.293,"Y좌표47":667.291,"Y좌표49":632.305,"Y좌표44":732.264,"Y좌표43":765.251,"Y좌표46":686.283,"Y좌표45":706.275,"Y좌표40":808.233,"Y좌표42":815.23,"Y좌표41":824.227,"X좌표77":445.176,"X좌표76":287.395,"X좌표75":295.384,"X좌표74":290.391,"X좌표73":266.425,"X좌표72":254.441,"X좌표71":230.475,"X좌표70":252.444,"Y좌표37":758.698,"Y좌표36":728.71,"X좌표8":498.102,"Y좌표39":804.235,"X좌표9":520.072,"Y좌표38":768.694,"Y좌표33":619.755,"Y좌표32":579.771,"Y좌표35":677.731,"Y좌표34":635.748,"Y좌표31":541.786,"Y좌표30":492.806,"X좌표2":440.183,"X좌표3":434.191,"X좌표1":438.186,"X좌표6":424.205,"X좌표7":458.158,"X좌표4":429.198,"X좌표5":436.188,"Y좌표69":831.224,"Y좌표9":0.00693992,"Y좌표66":823.227,"Y좌표65":847.217,"Y좌표68":825.226,"Y좌표67":817.23,"Y좌표62":768.25,"Y좌표61":735.041,"Y좌표64":822.228,"Y좌표63":795.239,"Y좌표60":693.058,"X좌표19":523.068,"X좌표18":442.18,"X좌표17":487.118,"X좌표16":534.052,"X좌표15":569.004,"X좌표14":599.961,"X좌표13":596.965,"X좌표12":594.968,"X좌표11":588.976,"Y좌표4":86.9715,"X좌표10":584.982,"Y좌표3":109.962,"Y좌표2":120.958,"Y좌표1":145.947,"Y좌표8":13.0016,"Y좌표7":29.9947,"Y좌표6":49.9866,"Y좌표5":73.9768,"Y좌표59":649.076,"Y좌표58":579.104,"Y좌표55":153.278,"Y좌표54":286.224,"Y좌표57":510.132,"Y좌표56":456.154,"Y좌표51":545.34,"Y좌표50":585.324,"Y좌표53":382.185,"Y좌표52":483.366,"X좌표29":628.92,"X좌표28":643.9,"X좌표27":657.88,"X좌표26":673.858,"X좌표25":659.877,"X좌표24":664.87,"X좌표23":663.872,"X좌표22":641.902,"X좌표21":619.933,"X좌표20":567.007}]},"라벨링":{"스타일":[{"스타일":"모던"}],"아우터":[{"기장":"노말","색상":"베이지","카테고리":"베스트","소매기장":"캡","소재":["울\/캐시미어"],"넥라인":"노카라","핏":"노멀"}],"하의":[{}],"원피스":[{}],"상의":[{"기장":"노멀","색상":"화이트","카테고리":"탑","소매기장":"긴팔","소재":["니트"],"넥라인":"보트넥","핏":"노멀"}]}},"파일 번호":1248540,"파일 이름":"16030757-1 (3391).jpg"}}