{"이미지 정보":{"이미지 식별자":1268938,"이미지 높이":1066,"이미지 파일명":"20201117_233148_세일)251번 카치온조거-15978265647862600_306447704.jpg","이미지 너비":800},"데이터셋 정보":{"파일 생성일자":"2020-11-24 15:52:58","데이터셋 상세설명":{"렉트좌표":{"아우터":[{}],"하의":[{"X좌표":289.104,"Y좌표":267.953,"가로":348,"세로":634}],"원피스":[{}],"상의":[{"X좌표":189.243,"Y좌표":0.506533,"가로":400,"세로":447}]},"폴리곤좌표":{"아우터":[{}],"하의":[{"X좌표35":303.585,"X좌표34":289.604,"X좌표33":291.601,"X좌표32":306.581,"X좌표31":315.568,"X좌표30":323.557,"X좌표8":622.142,"X좌표9":636.122,"Y좌표33":403.398,"Y좌표32":513.353,"Y좌표35":289.445,"Y좌표34":344.422,"Y좌표31":625.308,"Y좌표30":738.262,"X좌표2":477.343,"X좌표3":518.286,"X좌표1":302.586,"X좌표6":569.215,"X좌표7":592.183,"X좌표4":547.246,"X좌표5":555.235,"Y좌표26":897.197,"Y좌표25":879.204,"Y좌표28":857.213,"Y좌표9":808.233,"Y좌표27":882.203,"Y좌표22":711.273,"Y좌표21":596.32,"Y좌표24":856.214,"Y좌표23":809.233,"Y좌표20":543.341,"X좌표19":423.418,"X좌표18":430.408,"X좌표17":475.346,"X좌표16":510.297,"X좌표15":530.269,"X좌표14":555.235,"X좌표13":565.221,"X좌표12":607.162,"X좌표11":638.119,"Y좌표4":381.407,"X좌표10":633.126,"Y좌표3":328.429,"Y좌표2":268.453,"Y좌표1":288.445,"Y좌표8":733.264,"Y좌표7":625.308,"Y좌표29":832.224,"Y좌표6":511.354,"Y좌표5":441.383,"Y좌표15":794.239,"Y좌표14":873.207,"Y좌표17":604.316,"Y좌표16":707.274,"Y좌표11":874.206,"Y좌표10":849.217,"Y좌표13":903.195,"Y좌표12":893.199,"X좌표29":328.55,"X좌표28":336.539,"X좌표27":335.54,"X좌표26":377.482,"X좌표25":410.436,"X좌표24":410.436,"X좌표23":411.435,"X좌표22":409.437,"X좌표21":411.435,"X좌표20":409.437,"Y좌표19":479.367,"Y좌표18":473.37}],"원피스":[{}],"상의":[{"Y좌표44":68.9788,"Y좌표43":210.921,"Y좌표45":28.9951,"Y좌표40":383.851,"Y좌표42":329.873,"Y좌표41":341.868,"X좌표39":209.715,"X좌표38":203.724,"X좌표37":189.743,"X좌표36":215.707,"X좌표35":221.699,"X좌표34":245.665,"X좌표33":251.657,"X좌표32":261.643,"X좌표31":280.617,"X좌표30":290.603,"Y좌표37":422.835,"Y좌표36":439.828,"X좌표8":439.396,"Y좌표39":402.843,"X좌표9":498.314,"Y좌표38":408.84,"Y좌표33":426.833,"Y좌표32":419.836,"Y좌표35":448.824,"Y좌표34":448.824,"Y좌표31":377.853,"Y좌표30":383.851,"X좌표45":269.632,"X좌표44":252.656,"X좌표2":322.558,"X좌표43":229.687,"X좌표3":351.518,"X좌표42":221.699,"X좌표41":207.718,"X좌표1":272.628,"X좌표40":203.724,"X좌표6":388.467,"X좌표7":427.412,"X좌표4":345.526,"X좌표5":358.508,"Y좌표26":329.873,"Y좌표25":308.881,"Y좌표28":332.871,"Y좌표9":2.00613,"Y좌표27":332.871,"Y좌표22":336.87,"Y좌표21":358.861,"Y좌표24":317.877,"Y좌표23":329.873,"Y좌표20":385.85,"X좌표19":563.224,"X좌표18":576.206,"X좌표17":570.214,"X좌표16":561.226,"X좌표15":571.212,"X좌표14":567.218,"X좌표13":577.204,"X좌표12":590.186,"X좌표11":557.232,"Y좌표4":9.00327,"X좌표10":527.274,"Y좌표3":1.00653,"Y좌표2":6.0045,"Y좌표1":30.9943,"Y좌표8":1.00653,"Y좌표7":11.0025,"Y좌표29":345.866,"Y좌표6":21.998,"Y좌표5":21.998,"Y좌표15":282.892,"Y좌표14":268.897,"Y좌표17":320.876,"Y좌표16":306.882,"Y좌표11":93.9687,"Y좌표10":17.9996,"Y좌표13":266.898,"Y좌표12":218.918,"X좌표29":306.581,"X좌표28":321.56,"X좌표27":366.497,"X좌표26":407.44,"X좌표25":438.397,"X좌표24":455.374,"X좌표23":498.314,"X좌표22":516.289,"X좌표21":539.257,"X좌표20":553.237,"Y좌표19":360.86,"Y좌표18":343.867}]},"라벨링":{"스타일":[{"스타일":"스트리트","서브스타일":"스포티"}],"아우터":[{}],"하의":[{"기장":"발목","색상":"카키","카테고리":"조거팬츠","소재":["우븐"],"프린트":["무지"],"핏":"루즈"}],"원피스":[{}],"상의":[{"기장":"노멀","색상":"오렌지","서브색상":"블랙","카테고리":"티셔츠","소매기장":"긴팔","소재":["저지"],"프린트":["그래픽"],"넥라인":"라운드넥","핏":"루즈"}]}},"파일 번호":1268938,"파일 이름":"20201117_233148_세일)251번 카치온조거-15978265647862600_306447704.jpg"}}