{"이미지 정보":{"이미지 식별자":1284792,"이미지 높이":800,"이미지 파일명":"gjkrle_ (6121).JPG","이미지 너비":800},"데이터셋 정보":{"파일 생성일자":"2020-11-25 16:01:55","데이터셋 상세설명":{"렉트좌표":{"아우터":[{}],"하의":[{"X좌표":139.638,"Y좌표":207.218,"가로":312,"세로":407}],"원피스":[{}],"상의":[{"X좌표":104.687,"Y좌표":2.50277,"가로":223,"세로":224}]},"폴리곤좌표":{"아우터":[{}],"하의":[{"Y좌표9":532.267,"X좌표17":150.125,"X좌표16":240.0,"X좌표15":289.93,"X좌표14":323.883,"X좌표13":340.859,"X좌표12":388.793,"X좌표11":452.704,"Y좌표4":386.469,"X좌표10":429.736,"Y좌표3":365.499,"Y좌표2":316.567,"Y좌표1":222.697,"Y좌표8":601.171,"Y좌표7":615.151,"Y좌표6":608.161,"Y좌표5":465.36,"Y좌표15":207.718,"Y좌표14":255.651,"X좌표8":396.781,"Y좌표17":221.699,"X좌표9":393.786,"Y좌표16":221.699,"Y좌표11":500.311,"Y좌표10":516.289,"Y좌표13":309.576,"Y좌표12":346.525,"X좌표2":140.138,"X좌표3":179.084,"X좌표1":147.129,"X좌표6":328.876,"X좌표7":376.809,"X좌표4":259.972,"X좌표5":289.93}],"원피스":[{}],"상의":[{"Y좌표9":223.696,"X좌표17":228.016,"X좌표16":253.98,"X좌표15":270.956,"X좌표14":323.883,"X좌표13":319.888,"X좌표12":328.876,"X좌표11":299.916,"Y좌표4":32.9611,"X좌표10":296.92,"Y좌표3":19.9792,"Y좌표2":3.00277,"Y좌표1":47.9403,"Y좌표8":227.69,"Y좌표7":175.762,"Y좌표6":180.756,"Y좌표5":85.8875,"Y좌표15":4.00138,"Y좌표14":35.9569,"X좌표8":175.09,"Y좌표17":47.9403,"X좌표9":246.99,"Y좌표16":30.9639,"Y좌표11":162.781,"Y좌표10":218.703,"Y좌표13":102.864,"Y좌표12":145.804,"X좌표2":181.081,"X좌표3":124.161,"X좌표1":225.02,"X좌표6":118.169,"X좌표7":149.126,"X좌표4":108.183,"X좌표5":105.187}]},"라벨링":{"스타일":[{"스타일":"스트리트"}],"아우터":[{}],"하의":[{"기장":"발목","색상":"화이트","카테고리":"팬츠","소재":["우븐"],"프린트":["무지"],"핏":"노멀"}],"원피스":[{}],"상의":[{"기장":"크롭","색상":"그레이","카테고리":"니트웨어","소매기장":"반팔","소재":["니트"],"프린트":["무지"],"넥라인":"라운드넥","핏":"타이트"}]}},"파일 번호":1284792,"파일 이름":"gjkrle_ (6121).JPG"}}