{"이미지 정보":{"이미지 식별자":1344781,"이미지 높이":1049,"이미지 파일명":"bqwertf-(682).jpg","이미지 너비":800},"데이터셋 정보":{"파일 생성일자":"2020-12-08 12:48:41","데이터셋 상세설명":{"렉트좌표":{"아우터":[{"X좌표":1.5,"Y좌표":2.49943,"가로":745,"세로":916}],"하의":[{}],"원피스":[{}],"상의":[{}]},"폴리곤좌표":{"아우터":[{"X좌표38":365.6,"X좌표37":381.6,"X좌표36":369.6,"X좌표35":409.6,"X좌표34":441.6,"X좌표33":487.6,"X좌표32":527.6,"X좌표31":493.6,"X좌표30":588.6,"Y좌표37":11.9977,"Y좌표36":185.965,"X좌표8":54.0,"X좌표9":12.0,"Y좌표38":4.99905,"Y좌표33":153.971,"Y좌표32":67.987,"Y좌표35":275.947,"Y좌표34":205.961,"Y좌표31":23.9954,"Y좌표30":16.9968,"X좌표2":267.0,"X좌표3":195.0,"X좌표1":364.0,"X좌표6":116.0,"X좌표7":115.0,"X좌표4":148.0,"X좌표5":120.0,"Y좌표26":516.302,"Y좌표25":694.268,"Y좌표28":149.971,"Y좌표9":453.913,"Y좌표27":286.345,"Y좌표22":844.239,"Y좌표21":904.228,"Y좌표24":773.253,"Y좌표23":804.247,"Y좌표20":772.253,"X좌표19":403.0,"X좌표18":356.0,"X좌표17":276.0,"X좌표16":240.0,"X좌표15":189.0,"X좌표14":143.0,"X좌표13":114.0,"X좌표12":132.0,"X좌표11":170.0,"Y좌표4":156.97,"X좌표10":2.0,"Y좌표3":81.9844,"Y좌표2":45.9912,"Y좌표1":2.99943,"Y좌표8":369.929,"Y좌표7":378.928,"Y좌표29":100.981,"Y좌표6":326.938,"Y좌표5":257.951,"Y좌표15":909.227,"Y좌표14":808.246,"Y좌표17":820.244,"Y좌표16":919.225,"Y좌표11":540.897,"Y좌표10":529.899,"Y좌표13":692.868,"Y좌표12":620.882,"X좌표29":647.6,"X좌표28":739.6,"X좌표27":747.6,"X좌표26":741.6,"X좌표25":677.6,"X좌표24":704.6,"X좌표23":648.0,"X좌표22":654.0,"X좌표21":613.0,"X좌표20":455.0,"Y좌표19":675.271,"Y좌표18":495.306}],"하의":[{}],"원피스":[{}],"상의":[{}]},"라벨링":{"스타일":[{"스타일":"페미닌","서브스타일":"로맨틱"}],"아우터":[{"기장":"하프","색상":"베이지","카테고리":"점퍼","옷깃":"피터팬칼라","디테일":["단추","포켓"],"소매기장":"긴팔","소재":["플리스"],"핏":"루즈"}],"하의":[{}],"원피스":[{}],"상의":[{}]}},"파일 번호":1344781,"파일 이름":"bqwertf-(682).jpg"}}