{"이미지 정보":{"이미지 식별자":1344709,"이미지 높이":1049,"이미지 파일명":"bqwertf-(610).jpg","이미지 너비":800},"데이터셋 정보":{"파일 생성일자":"2020-12-08 12:48:14","데이터셋 상세설명":{"렉트좌표":{"아우터":[{"X좌표":179.5,"Y좌표":5.49886,"가로":378,"세로":491}],"하의":[{"X좌표":214.5,"Y좌표":419.82,"가로":421,"세로":527}],"원피스":[{}],"상의":[{}]},"폴리곤좌표":{"아우터":[{"Y좌표9":481.908,"Y좌표20":9.99809,"X좌표19":385.0,"X좌표18":347.0,"X좌표17":298.0,"X좌표16":258.0,"X좌표15":231.0,"X좌표14":180.0,"X좌표13":212.0,"X좌표12":208.0,"X좌표11":252.0,"Y좌표4":259.95,"X좌표10":348.0,"Y좌표3":81.9844,"Y좌표2":63.9878,"Y좌표1":5.99886,"Y좌표8":453.913,"Y좌표7":453.913,"Y좌표6":435.917,"Y좌표5":389.926,"Y좌표15":130.975,"Y좌표14":289.945,"X좌표8":436.0,"Y좌표17":7.99847,"X좌표9":409.0,"Y좌표16":23.9954,"Y좌표11":482.908,"Y좌표10":497.905,"Y좌표13":381.927,"Y좌표12":447.915,"X좌표2":463.0,"X좌표3":456.0,"X좌표20":429.0,"X좌표1":432.0,"X좌표6":536.0,"Y좌표19":5.99886,"X좌표7":457.0,"Y좌표18":7.99847,"X좌표4":512.0,"X좌표5":558.0}],"하의":[{"Y좌표9":833.241,"X좌표19":481.0,"X좌표18":464.0,"X좌표17":413.0,"X좌표16":340.0,"X좌표15":252.0,"X좌표14":281.0,"X좌표13":244.0,"X좌표12":215.0,"X좌표11":272.0,"Y좌표4":891.23,"X좌표10":324.0,"Y좌표3":863.235,"Y좌표2":768.253,"Y좌표1":427.319,"Y좌표8":742.258,"Y좌표7":581.289,"Y좌표6":658.274,"Y좌표5":922.224,"Y좌표15":462.312,"Y좌표14":636.279,"X좌표8":360.0,"Y좌표17":420.32,"X좌표9":340.0,"Y좌표16":475.309,"Y좌표11":948.219,"Y좌표10":936.221,"Y좌표13":741.259,"Y좌표12":918.225,"X좌표2":597.0,"X좌표3":636.0,"X좌표1":480.0,"X좌표6":443.0,"Y좌표19":426.319,"X좌표7":403.0,"Y좌표18":422.319,"X좌표4":615.0,"X좌표5":541.0}],"원피스":[{}],"상의":[{}]},"라벨링":{"스타일":[{"스타일":"스트리트","서브스타일":"톰보이"}],"아우터":[{"기장":"노말","색상":"베이지","서브색상":"블랙","카테고리":"짚업","디테일":["스트링","지퍼","포켓"],"소매기장":"긴팔","소재":["플리스"],"넥라인":"터틀넥","핏":"오버사이즈"}],"하의":[{"기장":"발목","색상":"화이트","카테고리":"청바지","디테일":["지퍼","단추","포켓","버클"],"소재":["데님"],"핏":"스키니"}],"원피스":[{}],"상의":[{}]}},"파일 번호":1344709,"파일 이름":"bqwertf-(610).jpg"}}