{"이미지 정보":{"이미지 식별자":1347516,"이미지 높이":1049,"이미지 파일명":"bqwertf-(3417).jpg","이미지 너비":800},"데이터셋 정보":{"파일 생성일자":"2020-12-08 13:05:31","데이터셋 상세설명":{"렉트좌표":{"아우터":[{"X좌표":247.5,"Y좌표":3.49924,"가로":368,"세로":563}],"하의":[{"X좌표":295.5,"Y좌표":312.84,"가로":241,"세로":610}],"원피스":[{}],"상의":[{"X좌표":303.5,"Y좌표":-1.49981,"가로":197,"세로":354}]},"폴리곤좌표":{"아우터":[{"X좌표33":350.0,"X좌표32":334.0,"X좌표31":326.0,"X좌표30":350.0,"X좌표8":596.0,"X좌표9":556.0,"Y좌표33":25.995,"Y좌표32":77.9851,"Y좌표31":149.971,"Y좌표30":245.953,"X좌표2":535.0,"X좌표3":590.0,"X좌표1":478.0,"X좌표6":616.0,"X좌표7":595.0,"X좌표4":614.0,"X좌표5":611.0,"Y좌표26":496.905,"Y좌표25":529.899,"Y좌표28":413.921,"Y좌표9":540.897,"Y좌표27":459.912,"Y좌표22":382.927,"Y좌표21":353.932,"Y좌표24":512.902,"Y좌표23":455.913,"Y좌표20":279.947,"X좌표19":282.0,"X좌표18":309.0,"X좌표17":356.0,"X좌표16":472.0,"X좌표15":449.0,"X좌표14":446.0,"X좌표13":445.0,"X좌표12":498.0,"X좌표11":473.0,"Y좌표4":238.954,"X좌표10":516.0,"Y좌표3":95.9817,"Y좌표2":3.99924,"Y좌표1":8.99828,"Y좌표8":472.91,"Y좌표7":439.916,"Y좌표29":328.937,"Y좌표6":391.925,"Y좌표5":344.934,"Y좌표15":74.9857,"Y좌표14":175.966,"Y좌표17":29.9943,"Y좌표16":9.99809,"Y좌표11":553.894,"Y좌표10":567.892,"Y좌표13":273.948,"Y좌표12":425.919,"X좌표29":358.0,"X좌표28":318.0,"X좌표27":329.0,"X좌표26":326.0,"X좌표25":296.0,"X좌표24":249.0,"X좌표23":248.0,"X좌표22":248.0,"X좌표21":266.0,"X좌표20":283.0,"Y좌표19":146.972,"Y좌표18":57.9889}],"하의":[{"Y좌표9":924.224,"X좌표17":345.0,"X좌표16":396.0,"X좌표15":499.0,"X좌표14":518.0,"X좌표13":504.0,"X좌표12":455.0,"X좌표11":537.0,"Y좌표4":693.268,"X좌표10":509.0,"Y좌표3":528.299,"Y좌표2":395.325,"Y좌표1":315.34,"Y좌표8":918.225,"Y좌표7":848.238,"Y좌표6":891.23,"Y좌표5":874.233,"Y좌표15":324.338,"Y좌표14":384.327,"X좌표8":429.0,"Y좌표17":314.34,"X좌표9":475.0,"Y좌표16":313.34,"Y좌표11":862.236,"Y좌표10":899.229,"Y좌표13":518.301,"Y좌표12":703.266,"X좌표2":310.0,"X좌표3":296.0,"X좌표1":342.0,"X좌표6":380.0,"X좌표7":401.0,"X좌표4":308.0,"X좌표5":320.0}],"원피스":[{}],"상의":[{"Y좌표9":262.95,"X좌표16":348.0,"X좌표15":390.0,"X좌표14":416.0,"X좌표13":471.0,"X좌표12":496.0,"X좌표11":477.0,"Y좌표4":213.959,"X좌표10":469.0,"Y좌표3":138.973,"Y좌표2":66.9872,"Y좌표1":14.9971,"Y좌표8":344.934,"Y좌표7":353.932,"Y좌표6":339.935,"Y좌표5":275.947,"Y좌표15":7.99847,"Y좌표14":-0.999809,"X좌표8":501.0,"X좌표9":472.0,"Y좌표16":12.9975,"Y좌표11":94.9819,"Y좌표10":165.968,"Y좌표13":3.99924,"Y좌표12":22.9956,"X좌표2":348.0,"X좌표3":318.0,"X좌표1":348.0,"X좌표6":346.0,"X좌표7":459.0,"X좌표4":304.0,"X좌표5":336.0}]},"라벨링":{"스타일":[{"스타일":"페미닌","서브스타일":"클래식"}],"아우터":[{"기장":"하프","색상":"베이지","카테고리":"가디건","소매기장":"긴팔","소재":["니트"],"넥라인":"노카라","핏":"오버사이즈"}],"하의":[{"색상":"네이비"}],"원피스":[{}],"상의":[{"기장":"노멀","색상":"핑크","카테고리":"셔츠","소매기장":"없음","소재":["저지"],"넥라인":"터틀넥","핏":"노멀"}]}},"파일 번호":1347516,"파일 이름":"bqwertf-(3417).jpg"}}