{"이미지 정보":{"이미지 식별자":150602,"이미지 높이":800,"이미지 파일명":"Dongwon_090_imgs.jpg","이미지 너비":800},"데이터셋 정보":{"파일 생성일자":"2020-08-18 09:16:03","데이터셋 상세설명":{"렉트좌표":{"아우터":[{"X좌표":134.203,"Y좌표":-0.5,"가로":509,"세로":761}],"하의":[{}],"원피스":[{"X좌표":0.203125,"Y좌표":0.5,"가로":753,"세로":779}],"상의":[{}]},"폴리곤좌표":{"아우터":[{"X좌표32":239.703,"X좌표31":412.703,"X좌표30":643.703,"X좌표8":160.703,"X좌표9":156.703,"Y좌표32":0.0,"Y좌표31":1.0,"Y좌표30":5.0,"X좌표2":147.703,"X좌표3":172.703,"X좌표1":134.703,"X좌표6":195.703,"X좌표7":173.703,"X좌표4":201.703,"X좌표5":189.703,"Y좌표26":316.0,"Y좌표25":391.0,"Y좌표28":136.0,"Y좌표9":669.0,"Y좌표27":226.0,"Y좌표22":618.0,"Y좌표21":674.0,"Y좌표24":476.0,"Y좌표23":538.0,"Y좌표20":686.0,"X좌표19":612.703,"X좌표18":563.703,"X좌표17":517.703,"X좌표16":481.703,"X좌표15":421.703,"X좌표14":371.703,"X좌표13":276.703,"X좌표12":226.703,"X좌표11":186.703,"Y좌표4":379.0,"X좌표10":161.703,"Y좌표3":257.0,"Y좌표2":126.0,"Y좌표1":3.0,"Y좌표8":600.0,"Y좌표7":540.0,"Y좌표29":53.0,"Y좌표6":468.0,"Y좌표5":441.0,"Y좌표15":755.0,"Y좌표14":761.0,"Y좌표17":756.0,"Y좌표16":759.0,"Y좌표11":700.0,"Y좌표10":702.0,"Y좌표13":732.0,"Y좌표12":711.0,"X좌표29":638.703,"X좌표28":629.703,"X좌표27":606.703,"X좌표26":590.703,"X좌표25":590.703,"X좌표24":602.703,"X좌표23":616.703,"X좌표22":629.703,"X좌표21":636.703,"X좌표20":626.703,"Y좌표19":724.0,"Y좌표18":737.0}],"하의":[{}],"원피스":[{"Y좌표40":1.0,"X좌표39":665.703,"X좌표38":673.703,"X좌표37":689.703,"X좌표36":690.703,"X좌표35":703.703,"X좌표34":717.703,"X좌표33":744.703,"X좌표32":753.703,"X좌표31":728.703,"X좌표30":696.703,"Y좌표37":108.0,"Y좌표36":247.0,"X좌표8":65.7031,"Y좌표39":3.0,"X좌표9":37.7031,"Y좌표38":18.0,"Y좌표33":528.0,"Y좌표32":540.0,"Y좌표35":362.0,"Y좌표34":508.0,"Y좌표31":598.0,"Y좌표30":614.0,"X좌표2":111.703,"X좌표3":86.7031,"X좌표1":124.703,"X좌표40":123.703,"X좌표6":62.7031,"X좌표7":64.7031,"X좌표4":73.7031,"X좌표5":27.7031,"Y좌표26":687.0,"Y좌표25":755.0,"Y좌표28":620.0,"Y좌표9":337.0,"Y좌표27":641.0,"Y좌표22":658.0,"Y좌표21":466.0,"Y좌표24":780.0,"Y좌표23":774.0,"Y좌표20":379.0,"X좌표19":170.703,"X좌표18":154.703,"X좌표17":105.703,"X좌표16":78.7031,"X좌표15":39.7031,"X좌표14":45.7031,"X좌표13":47.7031,"X좌표12":24.7031,"X좌표11":0.703125,"Y좌표4":236.0,"X좌표10":0.703125,"Y좌표3":159.0,"Y좌표2":37.0,"Y좌표1":1.0,"Y좌표8":328.0,"Y좌표7":316.0,"Y좌표29":626.0,"Y좌표6":282.0,"Y좌표5":232.0,"Y좌표15":385.0,"Y좌표14":406.0,"Y좌표17":405.0,"Y좌표16":398.0,"Y좌표11":384.0,"Y좌표10":308.0,"Y좌표13":429.0,"Y좌표12":416.0,"X좌표29":647.703,"X좌표28":630.703,"X좌표27":633.703,"X좌표26":640.703,"X좌표25":638.703,"X좌표24":646.703,"X좌표23":174.703,"X좌표22":188.703,"X좌표21":200.703,"X좌표20":201.703,"Y좌표19":406.0,"Y좌표18":415.0}],"상의":[{}]},"라벨링":{"스타일":[{"스타일":"스트리트","서브스타일":"모던"}],"아우터":[{"기장":"노말","색상":"베이지","카테고리":"베스트","소매기장":"민소매","소재":["니트"],"프린트":["무지"],"넥라인":"라운드넥","핏":"노멀"}],"하의":[{}],"원피스":[{"색상":"화이트","카테고리":"드레스","옷깃":"셔츠칼라","소매기장":"7부소매","소재":["우븐"],"프린트":["무지"],"핏":"노멀"}],"상의":[{"색상":"베이지","서브색상":"화이트","소매기장":"민소매"}]}},"파일 번호":150602,"파일 이름":"Dongwon_090_imgs.jpg"}}