{"이미지 정보":{"이미지 식별자":156048,"이미지 높이":800,"이미지 파일명":"Floral-Avenue_001_01.jpg","이미지 너비":800},"데이터셋 정보":{"파일 생성일자":"2020-08-18 09:44:25","데이터셋 상세설명":{"렉트좌표":{"아우터":[{}],"하의":[{"X좌표":272.375,"Y좌표":290.266,"가로":237,"세로":459}],"원피스":[{}],"상의":[{"X좌표":256.375,"Y좌표":-0.234375,"가로":301,"세로":437}]},"폴리곤좌표":{"아우터":[{}],"하의":[{"Y좌표9":745.766,"X좌표16":278.875,"X좌표15":364.875,"X좌표14":458.875,"X좌표13":484.875,"X좌표12":496.875,"X좌표11":509.875,"Y좌표4":707.266,"X좌표10":502.875,"Y좌표3":567.266,"Y좌표2":439.266,"Y좌표1":322.266,"Y좌표8":749.766,"Y좌표7":740.766,"Y좌표6":697.766,"Y좌표5":715.266,"Y좌표15":297.766,"Y좌표14":290.766,"X좌표8":441.875,"X좌표9":484.875,"Y좌표16":315.766,"Y좌표11":570.766,"Y좌표10":724.766,"Y좌표13":374.766,"Y좌표12":469.766,"X좌표2":281.875,"X좌표3":276.875,"X좌표1":272.875,"X좌표6":379.875,"X좌표7":382.875,"X좌표4":276.875,"X좌표5":324.875}],"원피스":[{}],"상의":[{"Y좌표9":388.266,"Y좌표22":34.2656,"Y좌표21":77.2656,"Y좌표24":0.265625,"Y좌표23":4.26562,"Y좌표20":30.2656,"X좌표19":417.875,"X좌표18":453.875,"X좌표17":528.875,"X좌표16":549.875,"X좌표15":557.875,"X좌표14":539.875,"X좌표13":507.875,"X좌표12":514.875,"X좌표11":527.875,"Y좌표4":249.266,"X좌표10":531.875,"Y좌표3":108.266,"Y좌표2":77.2656,"Y좌표1":3.26562,"Y좌표8":348.266,"Y좌표7":370.266,"Y좌표6":415.266,"Y좌표5":437.266,"Y좌표15":55.2656,"Y좌표14":104.266,"X좌표8":454.875,"Y좌표17":13.2656,"X좌표9":463.875,"Y좌표16":33.2656,"Y좌표11":322.266,"Y좌표10":369.266,"Y좌표13":165.266,"Y좌표12":239.266,"X좌표24":326.875,"X좌표23":364.875,"X좌표22":366.875,"X좌표2":301.875,"X좌표21":379.875,"X좌표3":271.875,"X좌표20":402.875,"X좌표1":327.875,"X좌표6":374.875,"Y좌표19":5.26562,"X좌표7":369.875,"Y좌표18":2.26562,"X좌표4":256.875,"X좌표5":282.875}]},"라벨링":{"스타일":[{"스타일":"스포티"}],"아우터":[{}],"하의":[{"기장":"발목","색상":"실버","카테고리":"팬츠","디테일":["비즈"],"소재":["저지"],"핏":"루즈"}],"원피스":[{}],"상의":[{"색상":"실버","카테고리":"후드티","디테일":["비즈","비대칭"],"소매기장":"긴팔","소재":["저지"],"넥라인":"후드","핏":"루즈"}]}},"파일 번호":156048,"파일 이름":"Floral-Avenue_001_01.jpg"}}