{"이미지 정보":{"이미지 식별자":169464,"이미지 높이":800,"이미지 파일명":"PRS_876_34.jpg","이미지 너비":800},"데이터셋 정보":{"파일 생성일자":"2020-08-18 10:54:15","데이터셋 상세설명":{"렉트좌표":{"아우터":[{"X좌표":256.834,"Y좌표":-0.475015,"가로":436,"세로":599}],"하의":[{"X좌표":293.011,"Y좌표":430.963,"가로":245,"세로":289}],"원피스":[{}],"상의":[{}]},"폴리곤좌표":{"아우터":[{"X좌표31":545.05,"X좌표30":496.099,"X좌표8":600.995,"X좌표9":605.99,"Y좌표31":3.02203,"Y좌표30":81.9443,"X좌표2":644.952,"X좌표3":650.946,"X좌표1":543.052,"X좌표6":687.91,"X좌표7":641.955,"X좌표4":665.931,"X좌표5":693.904,"Y좌표26":90.9354,"Y좌표25":165.862,"Y좌표28":0.0249845,"Y좌표9":350.679,"Y좌표27":3.02203,"Y좌표22":338.691,"Y좌표21":500.532,"Y좌표24":204.823,"Y좌표23":187.84,"Y좌표20":590.443,"X좌표19":315.277,"X좌표18":305.287,"X좌표17":345.247,"X좌표16":361.232,"X좌표15":397.196,"X좌표14":462.132,"X좌표13":491.104,"X좌표12":541.054,"X좌표11":555.041,"Y좌표4":99.9266,"X좌표10":574.022,"Y좌표3":53.9718,"Y좌표2":6.01908,"Y좌표1":4.02105,"Y좌표8":211.816,"Y좌표7":228.8,"Y좌표29":4.02105,"Y좌표6":222.805,"Y좌표5":163.864,"Y좌표15":557.476,"Y좌표14":589.444,"Y좌표17":440.591,"Y좌표16":482.55,"Y좌표11":531.501,"Y좌표10":439.592,"Y좌표13":599.434,"Y좌표12":577.456,"X좌표29":451.143,"X좌표28":365.228,"X좌표27":286.305,"X좌표26":257.334,"X좌표25":285.306,"X좌표24":318.274,"X좌표23":345.247,"X좌표22":317.275,"X좌표21":292.3,"X좌표20":288.303,"Y좌표19":591.442,"Y좌표18":549.484}],"하의":[{"X좌표34":344.511,"X좌표33":360.511,"X좌표32":387.511,"X좌표31":383.511,"X좌표30":375.511,"X좌표8":352.511,"X좌표9":401.511,"Y좌표33":469.463,"Y좌표32":526.463,"Y좌표34":431.463,"Y좌표31":569.463,"Y좌표30":649.463,"X좌표2":319.511,"X좌표3":302.511,"X좌표1":344.511,"X좌표6":323.511,"X좌표7":328.511,"X좌표4":301.511,"X좌표5":293.511,"Y좌표26":674.463,"Y좌표25":644.463,"Y좌표28":695.463,"Y좌표9":710.463,"Y좌표27":691.463,"Y좌표22":563.463,"Y좌표21":649.463,"Y좌표24":579.463,"Y좌표23":577.463,"Y좌표20":678.463,"X좌표19":512.511,"X좌표18":484.511,"X좌표17":460.511,"X좌표16":446.511,"X좌표15":399.511,"X좌표14":377.511,"X좌표13":384.511,"X좌표12":386.511,"X좌표11":385.511,"Y좌표4":579.463,"X좌표10":377.511,"Y좌표3":550.463,"Y좌표2":501.463,"Y좌표1":433.463,"Y좌표8":721.463,"Y좌표7":720.463,"Y좌표29":707.463,"Y좌표6":678.463,"Y좌표5":590.463,"Y좌표15":707.463,"Y좌표14":651.463,"Y좌표17":691.463,"Y좌표16":697.463,"Y좌표11":571.463,"Y좌표10":651.463,"Y좌표13":571.463,"Y좌표12":523.463,"X좌표29":397.511,"X좌표28":447.511,"X좌표27":459.511,"X좌표26":477.511,"X좌표25":485.511,"X좌표24":503.511,"X좌표23":521.511,"X좌표22":539.511,"X좌표21":535.511,"X좌표20":535.511,"Y좌표19":698.463,"Y좌표18":701.463}],"원피스":[{}],"상의":[{}]},"라벨링":{"스타일":[{"스타일":"톰보이"}],"아우터":[{"기장":"롱","색상":"베이지","카테고리":"점퍼","디테일":["단추"],"소매기장":"긴팔","소재":["우븐"],"프린트":["무지"],"핏":"루즈"}],"하의":[{"기장":"미디","색상":"화이트","카테고리":"팬츠","디테일":["롤업"],"소재":["우븐"],"핏":"노멀"}],"원피스":[{}],"상의":[{}]}},"파일 번호":169464,"파일 이름":"PRS_876_34.jpg"}}