{"이미지 정보":{"이미지 식별자":179087,"이미지 높이":800,"이미지 파일명":"Tonenton_012_07.jpg","이미지 너비":800},"데이터셋 정보":{"파일 생성일자":"2020-08-18 11:47:23","데이터셋 상세설명":{"렉트좌표":{"아우터":[{"X좌표":302.086,"Y좌표":1.50416,"가로":465,"세로":787}],"하의":[{}],"원피스":[{}],"상의":[{}]},"폴리곤좌표":{"아우터":[{"X좌표39":679.062,"X좌표38":680.061,"X좌표37":672.072,"X좌표36":675.068,"X좌표35":678.064,"X좌표34":670.075,"X좌표33":677.065,"X좌표32":657.093,"X좌표31":718.008,"X좌표30":767.939,"X좌표49":509.299,"X좌표48":507.301,"X좌표47":528.272,"X좌표46":540.255,"X좌표45":592.183,"X좌표44":632.128,"X좌표43":658.092,"X좌표42":670.075,"X좌표41":672.072,"X좌표40":680.061,"Y좌표26":677.842,"Y좌표25":673.847,"Y좌표28":752.738,"Y좌표27":678.841,"Y좌표22":787.689,"Y좌표21":789.908,"Y좌표24":705.803,"Y좌표23":704.804,"Y좌표20":789.908,"X좌표58":476.344,"X좌표57":501.31,"X좌표56":508.3,"X좌표55":533.265,"X좌표54":657.093,"X좌표53":651.101,"X좌표52":599.174,"X좌표51":562.225,"X좌표50":516.289,"Y좌표29":723.778,"Y좌표15":372.6,"Y좌표14":334.653,"Y좌표17":570.325,"Y좌표16":367.607,"Y좌표11":292.711,"Y좌표10":268.744,"Y좌표13":328.661,"Y좌표12":308.689,"Y좌표19":768.937,"Y좌표18":745.969,"Y좌표48":2.00416,"Y좌표47":15.9847,"Y좌표49":73.9042,"Y좌표44":51.9347,"Y좌표43":102.864,"Y좌표46":17.9819,"Y좌표45":18.9805,"Y좌표40":191.74,"Y좌표42":155.79,"Y좌표41":181.754,"Y좌표37":227.69,"Y좌표36":238.675,"X좌표8":302.586,"Y좌표39":206.719,"X좌표9":302.586,"Y좌표38":225.693,"Y좌표33":303.585,"Y좌표32":316.567,"Y좌표35":270.631,"Y좌표34":270.631,"Y좌표31":515.068,"Y좌표30":703.806,"X좌표2":469.354,"X좌표3":425.415,"X좌표1":501.31,"X좌표6":322.558,"X좌표7":311.574,"X좌표4":371.49,"X좌표5":331.546,"Y좌표9":227.801,"X좌표19":409.437,"X좌표18":369.493,"X좌표17":366.497,"X좌표16":387.468,"X좌표15":341.532,"X좌표14":335.54,"X좌표13":320.561,"X좌표12":320.561,"X좌표11":309.576,"Y좌표4":33.9597,"X좌표10":306.581,"Y좌표3":12.9889,"Y좌표2":77.8986,"Y좌표1":80.8944,"Y좌표8":188.855,"Y좌표7":111.851,"Y좌표6":75.9014,"Y좌표5":65.9153,"Y좌표58":80.8944,"Y좌표55":671.406,"Y좌표54":680.394,"Y좌표57":91.8792,"Y좌표56":286.608,"Y좌표51":267.635,"Y좌표50":107.857,"Y좌표53":626.469,"Y좌표52":418.758,"X좌표29":755.956,"X좌표28":683.057,"X좌표27":659.09,"X좌표26":561.226,"X좌표25":541.254,"X좌표24":540.255,"X좌표23":512.294,"X좌표22":517.287,"X좌표21":463.362,"X좌표20":415.429}],"하의":[{}],"원피스":[{}],"상의":[{}]},"라벨링":{"스타일":[{"스타일":"클래식","서브스타일":"스트리트"}],"아우터":[{"기장":"롱","색상":"베이지","카테고리":"점퍼","옷깃":"밴드칼라","소매기장":"긴팔","소재":["우븐"],"넥라인":"라운드넥","핏":"노멀"}],"하의":[{}],"원피스":[{}],"상의":[{}]}},"파일 번호":179087,"파일 이름":"Tonenton_012_07.jpg"}}