{"이미지 정보":{"이미지 식별자":209067,"이미지 높이":800,"이미지 파일명":"Forme_450_11.jpg","이미지 너비":800},"데이터셋 정보":{"파일 생성일자":"2020-09-07 03:02:55","데이터셋 상세설명":{"렉트좌표":{"아우터":[{"X좌표":313.947,"Y좌표":-1.46035,"가로":319,"세로":674}],"하의":[{}],"원피스":[{}],"상의":[{}]},"폴리곤좌표":{"아우터":[{"X좌표36":508.328,"X좌표35":473.349,"X좌표34":445.366,"X좌표33":430.376,"X좌표32":416.384,"X좌표31":379.407,"X좌표30":383.405,"Y좌표36":-0.960346,"X좌표8":617.261,"X좌표9":599.272,"Y좌표33":39.015,"Y좌표32":44.012,"Y좌표35":29.0212,"Y좌표34":59.0027,"Y좌표31":100.977,"Y좌표30":116.967,"X좌표2":538.309,"X좌표3":565.293,"X좌표1":524.318,"X좌표6":608.266,"X좌표7":634.25,"X좌표4":593.275,"X좌표5":605.268,"Y좌표26":370.811,"Y좌표25":440.768,"Y좌표28":206.912,"Y좌표9":394.796,"Y좌표27":305.851,"Y좌표22":625.654,"Y좌표21":628.652,"Y좌표24":574.685,"Y좌표23":589.676,"Y좌표20":646.641,"X좌표19":368.414,"X좌표18":395.397,"X좌표17":440.37,"X좌표16":488.34,"X좌표15":539.309,"X좌표14":577.285,"X좌표13":607.267,"X좌표12":619.259,"X좌표11":613.263,"Y좌표4":122.963,"X좌표10":605.268,"Y좌표3":71.9947,"Y좌표2":39.015,"Y좌표1":2.03781,"Y좌표8":383.803,"Y좌표7":358.818,"Y좌표29":148.947,"Y좌표6":280.866,"Y좌표5":197.917,"Y좌표15":656.635,"Y좌표14":641.644,"Y좌표17":673.624,"Y좌표16":673.624,"Y좌표11":512.723,"Y좌표10":442.766,"Y좌표13":623.655,"Y좌표12":598.67,"X좌표29":361.418,"X좌표28":371.412,"X좌표27":364.416,"X좌표26":368.414,"X좌표25":355.422,"X좌표24":314.447,"X좌표23":325.44,"X좌표22":325.44,"X좌표21":341.43,"X좌표20":361.418,"Y좌표19":662.631,"Y좌표18":664.63}],"하의":[{}],"원피스":[{}],"상의":[{}]},"라벨링":{"스타일":[{"스타일":"스트리트","서브스타일":"클래식"}],"아우터":[{"기장":"하프","색상":"브라운","카테고리":"점퍼","옷깃":"셔츠칼라","디테일":["스트링"],"소매기장":"반팔","소재":["우븐"],"프린트":["무지"],"핏":"루즈"}],"하의":[{}],"원피스":[{}],"상의":[{}]}},"파일 번호":209067,"파일 이름":"Forme_450_11.jpg"}}