{"이미지 정보":{"이미지 식별자":213834,"이미지 높이":800,"이미지 파일명":"habanjang_329_03.jpg","이미지 너비":800},"데이터셋 정보":{"파일 생성일자":"2020-09-07 03:22:32","데이터셋 상세설명":{"렉트좌표":{"아우터":[{}],"하의":[{}],"원피스":[{"X좌표":247.95,"Y좌표":0.505544,"가로":289,"세로":791}],"상의":[{"X좌표":211.203,"Y좌표":-0.5,"가로":346,"세로":210}]},"폴리곤좌표":{"아우터":[{}],"하의":[{}],"원피스":[{"X좌표8":268.422,"X좌표9":249.448,"X좌표2":326.341,"X좌표3":294.386,"X좌표1":340.322,"X좌표6":293.387,"X좌표7":276.411,"X좌표4":313.359,"X좌표5":303.373,"Y좌표26":68.9111,"Y좌표25":63.918,"Y좌표9":385.471,"Y좌표27":67.9125,"Y좌표22":73.9042,"Y좌표21":128.828,"Y좌표24":1.00554,"Y좌표23":1.00554,"Y좌표20":182.753,"X좌표19":517.076,"X좌표18":517.076,"X좌표17":538.047,"X좌표16":535.051,"X좌표15":518.075,"X좌표14":525.065,"X좌표13":517.076,"X좌표12":262.43,"X좌표11":255.44,"Y좌표4":72.9055,"X좌표10":248.45,"Y좌표3":2.00416,"Y좌표2":1.00554,"Y좌표1":67.9125,"Y좌표8":293.599,"Y좌표7":221.699,"Y좌표6":193.737,"Y좌표5":131.824,"Y좌표15":618.147,"Y좌표14":722.003,"Y좌표17":401.449,"Y좌표16":493.321,"Y좌표11":675.068,"Y좌표10":527.274,"Y좌표13":792.904,"Y좌표12":791.906,"X좌표27":347.312,"X좌표26":394.247,"X좌표25":449.17,"X좌표24":465.148,"X좌표23":490.113,"X좌표22":479.129,"X좌표21":486.119,"X좌표20":493.109,"Y좌표19":207.718,"Y좌표18":283.612}],"상의":[{"X좌표35":397.703,"X좌표34":480.703,"X좌표33":482.703,"X좌표32":489.703,"X좌표31":557.703,"X좌표30":525.703,"X좌표8":472.703,"X좌표9":454.703,"Y좌표33":194.0,"Y좌표32":210.0,"Y좌표35":80.0,"Y좌표34":159.0,"Y좌표31":188.0,"Y좌표30":51.0,"X좌표2":364.703,"X좌표3":339.703,"X좌표1":396.703,"X좌표6":394.703,"X좌표7":432.703,"X좌표4":314.703,"X좌표5":349.703,"Y좌표26":129.0,"Y좌표25":161.0,"Y좌표28":2.0,"Y좌표9":74.0,"Y좌표27":76.0,"Y좌표22":165.0,"Y좌표21":195.0,"Y좌표24":81.0,"Y좌표23":190.0,"Y좌표20":195.0,"X좌표19":211.703,"X좌표18":244.703,"X좌표17":268.703,"X좌표16":299.703,"X좌표15":321.703,"X좌표14":317.703,"X좌표13":309.703,"X좌표12":297.703,"X좌표11":399.703,"Y좌표4":2.0,"X좌표10":422.703,"Y좌표3":72.0,"Y좌표2":77.0,"Y좌표1":79.0,"Y좌표8":1.0,"Y좌표7":0.0,"Y좌표29":18.0,"Y좌표6":9.0,"Y좌표5":0.0,"Y좌표15":75.0,"Y좌표14":106.0,"Y좌표17":24.0,"Y좌표16":1.0,"Y좌표11":81.0,"Y좌표10":79.0,"Y좌표13":136.0,"Y좌표12":190.0,"X좌표29":508.703,"X좌표28":484.703,"X좌표27":466.703,"X좌표26":477.703,"X좌표25":478.703,"X좌표24":398.703,"X좌표23":300.703,"X좌표22":288.703,"X좌표21":275.703,"X좌표20":258.703,"Y좌표19":166.0,"Y좌표18":65.0}]},"라벨링":{"스타일":[{"스타일":"스트리트","서브스타일":"톰보이"}],"아우터":[{}],"하의":[{}],"원피스":[{"색상":"카키","카테고리":"점프수트","디테일":["단추","비대칭"],"소매기장":"민소매","소재":["린넨"],"핏":"루즈"}],"상의":[{"색상":"화이트","카테고리":"티셔츠","소매기장":"반팔","소재":["니트"],"넥라인":"라운드넥","핏":"노멀"}]}},"파일 번호":213834,"파일 이름":"habanjang_329_03.jpg"}}