{"이미지 정보":{"이미지 식별자":273752,"이미지 높이":800,"이미지 파일명":"MUN_687_04.jpg","이미지 너비":800},"데이터셋 정보":{"파일 생성일자":"2020-09-09 02:13:14","데이터셋 상세설명":{"렉트좌표":{"아우터":[{"X좌표":193.237,"Y좌표":3.50138,"가로":267,"세로":366}],"하의":[{"X좌표":226.192,"Y좌표":342.031,"가로":184,"세로":372}],"원피스":[{}],"상의":[{"X좌표":192.239,"Y좌표":-0.493067,"가로":256,"세로":366}]},"폴리곤좌표":{"아우터":[{"Y좌표9":361.504,"Y좌표20":85.8875,"X좌표19":360.506,"X좌표18":363.501,"X좌표17":409.437,"X좌표16":448.383,"X좌표15":459.368,"X좌표14":461.365,"X좌표13":458.369,"X좌표12":407.44,"X좌표11":408.439,"Y좌표4":97.8708,"X좌표10":323.557,"Y좌표3":52.9333,"Y좌표2":6.99721,"Y좌표1":87.8847,"Y좌표8":339.535,"Y좌표7":345.526,"Y좌표6":257.649,"Y좌표5":168.772,"Y좌표15":111.851,"Y좌표14":325.554,"X좌표8":225.693,"Y좌표17":20.9778,"X좌표9":226.692,"Y좌표16":35.9569,"Y좌표11":370.492,"Y좌표10":365.499,"Y좌표13":359.507,"Y좌표12":342.531,"X좌표2":317.565,"X좌표3":238.675,"X좌표20":312.572,"X좌표1":311.574,"X좌표6":210.714,"Y좌표19":28.9667,"X좌표7":193.737,"Y좌표18":4.00138,"X좌표4":229.687,"X좌표5":229.687}],"하의":[{"Y좌표9":707.024,"X좌표19":238.675,"X좌표18":265.637,"X좌표17":298.592,"X좌표16":300.589,"X좌표15":297.593,"X좌표14":318.564,"X좌표13":323.557,"X좌표12":331.546,"X좌표11":327.551,"Y좌표4":342.531,"X좌표10":351.518,"Y좌표3":423.418,"Y좌표2":531.268,"Y좌표1":698.036,"Y좌표8":616.15,"Y좌표7":495.318,"Y좌표6":396.456,"Y좌표5":349.521,"Y좌표15":512.294,"Y좌표14":395.457,"X좌표8":400.45,"Y좌표17":698.036,"X좌표9":392.461,"Y좌표16":612.156,"Y좌표11":707.024,"Y좌표10":715.012,"Y좌표13":466.358,"Y좌표12":538.258,"X좌표2":229.687,"X좌표3":226.692,"X좌표1":237.676,"X좌표6":411.435,"Y좌표19":698.036,"X좌표7":395.457,"Y좌표18":703.029,"X좌표4":236.678,"X좌표5":410.436}],"원피스":[{}],"상의":[{"Y좌표9":353.515,"X좌표17":398.453,"X좌표16":388.467,"X좌표15":447.385,"X좌표14":449.382,"X좌표13":396.456,"X좌표12":308.578,"X좌표11":239.674,"Y좌표4":3.00277,"X좌표10":237.676,"Y좌표3":0.00693311,"Y좌표2":62.9194,"Y좌표1":117.843,"Y좌표8":326.553,"Y좌표7":317.565,"Y좌표6":116.844,"Y좌표5":23.9736,"Y좌표15":366.497,"Y좌표14":336.539,"X좌표8":192.739,"Y좌표17":326.553,"X좌표9":198.731,"Y좌표16":351.518,"Y좌표11":317.565,"Y좌표10":345.526,"Y좌표13":325.554,"Y좌표12":117.843,"X좌표2":300.589,"X좌표3":305.582,"X좌표1":307.579,"X좌표6":308.578,"X좌표7":237.676,"X좌표4":377.482,"X좌표5":378.481}]},"라벨링":{"스타일":[{"스타일":"소피스트케이티드","서브스타일":"모던"}],"아우터":[{"기장":"하프","색상":"화이트","서브색상":"블랙","카테고리":"재킷","옷깃":"테일러드칼라","디테일":["더블브레스티드","포켓"],"소매기장":"긴팔","소재":["울\/캐시미어"],"프린트":["하운즈 투스"],"핏":"노멀"}],"하의":[{"기장":"발목","색상":"블랙","카테고리":"팬츠","소재":["우븐"],"프린트":["무지"],"핏":"노멀"}],"원피스":[{}],"상의":[{"색상":"블랙","서브색상":"화이트","카테고리":"티셔츠","소매기장":"긴팔","소재":["저지"],"프린트":["무지"],"넥라인":"터틀넥","핏":"노멀"}]}},"파일 번호":273752,"파일 이름":"MUN_687_04.jpg"}}