{"이미지 정보":{"이미지 식별자":276631,"이미지 높이":800,"이미지 파일명":"MUN_872_img.jpg","이미지 너비":800},"데이터셋 정보":{"파일 생성일자":"2020-09-09 02:24:53","데이터셋 상세설명":{"렉트좌표":{"아우터":[{"X좌표":177.048,"Y좌표":5.4986,"가로":496,"세로":716}],"하의":[{}],"원피스":[{}],"상의":[{"X좌표":239.203,"Y좌표":31.5,"가로":139,"세로":431}]},"폴리곤좌표":{"아우터":[{"X좌표39":230.475,"X좌표38":343.318,"X좌표37":375.273,"X좌표36":424.205,"X좌표35":472.138,"X좌표34":516.077,"X좌표33":534.052,"X좌표32":556.022,"X좌표31":597.963,"X좌표30":622.929,"X좌표49":198.519,"X좌표48":180.544,"X좌표47":183.54,"X좌표46":177.548,"X좌표45":177.548,"X좌표44":198.519,"X좌표43":209.504,"X좌표42":195.523,"X좌표41":179.545,"X좌표40":202.513,"Y좌표26":260.644,"Y좌표25":286.608,"Y좌표28":209.715,"Y좌표27":233.682,"Y좌표22":352.517,"Y좌표21":365.499,"Y좌표24":317.565,"Y좌표23":330.547,"Y좌표20":380.478,"X좌표58":229.476,"X좌표57":289.393,"X좌표56":287.395,"X좌표55":276.411,"X좌표54":277.409,"X좌표53":264.427,"X좌표52":293.387,"X좌표51":273.415,"X좌표50":236.466,"Y좌표29":179.757,"Y좌표15":627.135,"Y좌표14":642.114,"Y좌표17":379.479,"Y좌표16":377.482,"Y좌표11":722.003,"Y좌표10":719.007,"Y좌표13":683.057,"Y좌표12":716.011,"Y좌표19":382.475,"Y좌표18":382.475,"Y좌표48":632.128,"Y좌표47":499.312,"Y좌표49":693.043,"Y좌표44":371.49,"Y좌표43":310.575,"Y좌표46":449.382,"Y좌표45":410.436,"Y좌표40":33.9597,"Y좌표42":268.633,"Y좌표41":115.846,"Y좌표37":6.99721,"Y좌표36":5.9986,"X좌표8":343.318,"Y좌표39":13.9875,"X좌표9":359.295,"Y좌표38":11.9903,"Y좌표33":18.9805,"Y좌표32":58.925,"Y좌표35":5.9986,"Y좌표34":8.99443,"Y좌표31":112.85,"Y좌표30":133.821,"X좌표2":334.33,"X좌표3":319.351,"X좌표1":344.316,"X좌표6":307.368,"X좌표7":320.35,"X좌표4":315.357,"X좌표5":308.366,"Y좌표9":693.043,"X좌표19":608.948,"X좌표18":593.969,"X좌표17":578.99,"X좌표16":570.002,"X좌표15":599.961,"X좌표14":583.983,"X좌표13":526.063,"X좌표12":419.212,"X좌표11":382.263,"Y좌표4":283.612,"X좌표10":360.294,"Y좌표3":152.794,"Y좌표2":78.8972,"Y좌표1":10.9917,"Y좌표8":613.154,"Y좌표7":460.367,"Y좌표6":405.443,"Y좌표5":355.512,"Y좌표58":13.9875,"Y좌표55":170.769,"Y좌표54":306.581,"Y좌표57":13.9875,"Y좌표56":49.9375,"Y좌표51":668.078,"Y좌표50":689.049,"Y좌표53":417.426,"Y좌표52":639.118,"X좌표29":652.887,"X좌표28":669.863,"X좌표27":673.858,"X좌표26":671.861,"X좌표25":665.869,"X좌표24":656.881,"X좌표23":649.891,"X좌표22":631.916,"X좌표21":619.933,"X좌표20":612.943}],"하의":[{}],"원피스":[{}],"상의":[{"X좌표8":265.703,"X좌표2":294.703,"Y좌표4":463.0,"X좌표3":378.703,"Y좌표3":32.0,"Y좌표2":61.0,"X좌표1":265.703,"Y좌표1":54.0,"X좌표6":249.703,"Y좌표8":55.0,"X좌표7":239.703,"Y좌표7":128.0,"X좌표4":349.703,"Y좌표6":262.0,"X좌표5":245.703,"Y좌표5":459.0}]},"라벨링":{"스타일":[{"스타일":"스트리트","서브스타일":"클래식"}],"아우터":[{"기장":"하프","색상":"블랙","카테고리":"재킷","옷깃":"테일러드칼라","디테일":["더블브레스티드","포켓"],"소매기장":"긴팔","소재":["우븐"],"프린트":["무지"],"핏":"노멀"}],"하의":[{"카테고리":"청바지","소재":["데님"],"프린트":["무지"],"핏":"스키니"}],"원피스":[{}],"상의":[{"카테고리":"티셔츠","소재":["우븐"],"프린트":["무지"],"넥라인":"라운드넥","핏":"노멀"}]}},"파일 번호":276631,"파일 이름":"MUN_872_img.jpg"}}