{"이미지 정보":{"이미지 식별자":277727,"이미지 높이":800,"이미지 파일명":"MUN_944_11.jpg","이미지 너비":800},"데이터셋 정보":{"파일 생성일자":"2020-09-09 02:29:20","데이터셋 상세설명":{"렉트좌표":{"아우터":[{"X좌표":215.994,"Y좌표":1.50416,"가로":236,"세로":531}],"하의":[{"X좌표":229.513,"Y좌표":478.84,"가로":170,"세로":183}],"원피스":[{}],"상의":[{}]},"폴리곤좌표":{"아우터":[{"X좌표31":390.252,"X좌표30":360.294,"X좌표8":417.215,"X좌표9":403.234,"Y좌표31":29.9653,"Y좌표30":29.9653,"X좌표2":397.243,"X좌표3":418.213,"X좌표1":393.248,"X좌표6":450.169,"X좌표7":453.165,"X좌표4":426.202,"X좌표5":437.187,"Y좌표26":40.95,"Y좌표25":101.865,"Y좌표28":7.99582,"Y좌표9":510.297,"Y좌표27":7.99582,"Y좌표22":206.719,"Y좌표21":230.686,"Y좌표24":152.794,"Y좌표23":183.751,"Y좌표20":249.66,"X좌표19":233.47,"X좌표18":227.479,"X좌표17":224.483,"X좌표16":219.49,"X좌표15":245.454,"X좌표14":274.413,"X좌표13":294.386,"X좌표12":339.323,"X좌표11":369.282,"Y좌표4":162.781,"X좌표10":375.273,"Y좌표3":83.8903,"Y좌표2":32.9611,"Y좌표1":6.99721,"Y좌표8":533.265,"Y좌표7":521.282,"Y좌표29":2.00416,"Y좌표6":403.446,"Y좌표5":295.596,"Y좌표15":481.337,"Y좌표14":488.328,"Y좌표17":452.378,"Y좌표16":482.336,"Y좌표11":489.326,"Y좌표10":512.294,"Y좌표13":515.29,"Y좌표12":516.289,"X좌표29":346.313,"X좌표28":296.383,"X좌표27":284.4,"X좌표26":286.397,"X좌표25":258.436,"X좌표24":253.443,"X좌표23":236.466,"X좌표22":216.494,"X좌표21":228.477,"X좌표20":248.45,"Y좌표19":317.565,"Y좌표18":375.485}],"하의":[{"X좌표8":362.829,"X좌표9":400.776,"Y좌표9":651.101,"Y좌표11":512.294,"Y좌표10":481.337,"Y좌표12":479.34,"X좌표12":231.012,"X좌표11":322.884,"X좌표2":233.009,"Y좌표4":638.119,"X좌표10":374.812,"X좌표3":240.998,"Y좌표3":645.11,"Y좌표2":629.132,"X좌표1":230.013,"Y좌표1":480.339,"X좌표6":325.88,"Y좌표8":663.085,"X좌표7":346.851,"Y좌표7":652.1,"X좌표4":277.947,"Y좌표6":512.294,"X좌표5":283.938,"Y좌표5":488.328}],"원피스":[{}],"상의":[{}]},"라벨링":{"스타일":[{"스타일":"스트리트","서브스타일":"스포티"}],"아우터":[{"기장":"롱","색상":"베이지","카테고리":"점퍼","디테일":["포켓","슬릿"],"소매기장":"긴팔","소재":["우븐"],"핏":"오버사이즈"}],"하의":[{"기장":"미디","색상":"블루","카테고리":"청바지","소재":["데님"],"핏":"스키니"}],"원피스":[{}],"상의":[{}]}},"파일 번호":277727,"파일 이름":"MUN_944_11.jpg"}}