{"이미지 정보":{"이미지 식별자":304887,"이미지 높이":800,"이미지 파일명":"Blondie_041_11.jpg","이미지 너비":800},"데이터셋 정보":{"파일 생성일자":"2020-09-11 01:51:14","데이터셋 상세설명":{"렉트좌표":{"아우터":[{"X좌표":243.507,"Y좌표":0.506943,"가로":314,"세로":643}],"하의":[{}],"원피스":[{}],"상의":[{}]},"폴리곤좌표":{"아우터":[{"X좌표33":414.007,"X좌표32":347.007,"X좌표31":284.007,"X좌표30":261.007,"X좌표8":522.007,"X좌표9":502.007,"Y좌표33":4.00694,"Y좌표32":6.00694,"Y좌표31":56.0069,"Y좌표30":97.0069,"X좌표2":444.007,"X좌표3":480.007,"X좌표1":410.007,"X좌표6":538.007,"X좌표7":530.007,"X좌표4":507.007,"X좌표5":526.007,"Y좌표26":310.229,"Y좌표25":346.229,"Y좌표28":207.118,"Y좌표9":333.007,"Y좌표27":274.229,"Y좌표22":535.229,"Y좌표21":575.229,"Y좌표24":425.229,"Y좌표23":488.229,"Y좌표20":618.229,"X좌표19":328.007,"X좌표18":353.007,"X좌표17":418.007,"X좌표16":420.007,"X좌표15":472.007,"X좌표14":526.007,"X좌표13":520.007,"X좌표12":559.007,"X좌표11":509.007,"Y좌표4":93.0069,"X좌표10":494.007,"Y좌표3":49.0069,"Y좌표2":31.0069,"Y좌표1":1.00694,"Y좌표8":269.007,"Y좌표7":224.007,"Y좌표29":188.007,"Y좌표6":198.007,"Y좌표5":151.007,"Y좌표15":628.229,"Y좌표14":614.229,"Y좌표17":632.229,"Y좌표16":619.229,"Y좌표11":388.007,"Y좌표10":333.007,"Y좌표13":575.229,"Y좌표12":556.229,"X좌표29":244.007,"X좌표28":250.007,"X좌표27":261.007,"X좌표26":267.007,"X좌표25":292.007,"X좌표24":279.007,"X좌표23":267.007,"X좌표22":261.007,"X좌표21":252.007,"X좌표20":253.007,"Y좌표19":644.229,"Y좌표18":642.229}],"하의":[{}],"원피스":[{}],"상의":[{}]},"라벨링":{"스타일":[{"스타일":"클래식"}],"아우터":[{"기장":"롱","색상":"베이지","서브색상":"그레이","카테고리":"코트","옷깃":"테일러드칼라","디테일":["리본"],"소매기장":"긴팔","소재":["우븐"],"프린트":["무지"],"핏":"노멀"}],"하의":[{"기장":"발목","카테고리":"팬츠","소재":["우븐"],"프린트":["무지"],"핏":"노멀"}],"원피스":[{}],"상의":[{}]}},"파일 번호":304887,"파일 이름":"Blondie_041_11.jpg"}}