{"이미지 정보":{"이미지 식별자":337491,"이미지 높이":800,"이미지 파일명":"STEP_124_07.jpg","이미지 너비":800},"데이터셋 정보":{"파일 생성일자":"2020-09-14 03:26:40","데이터셋 상세설명":{"렉트좌표":{"아우터":[{}],"하의":[{"X좌표":266.041,"Y좌표":201.277,"가로":178,"세로":471}],"원피스":[{}],"상의":[{"X좌표":218.099,"Y좌표":3.51756,"가로":303,"세로":224}]},"폴리곤좌표":{"아우터":[{}],"하의":[{"Y좌표9":470.451,"X좌표19":291.51,"X좌표18":270.536,"X좌표17":266.541,"X좌표16":289.513,"X좌표15":288.514,"X좌표14":301.498,"X좌표13":325.469,"X좌표12":346.444,"X좌표11":346.444,"Y좌표4":314.64,"X좌표10":356.432,"Y좌표3":253.714,"Y좌표2":212.764,"Y좌표1":201.777,"Y좌표8":625.263,"Y좌표7":635.251,"Y좌표6":631.255,"Y좌표5":465.457,"Y좌표15":665.214,"Y좌표14":673.204,"X좌표8":350.439,"Y좌표17":327.624,"X좌표9":359.428,"Y좌표16":480.439,"Y좌표11":480.439,"Y좌표10":329.622,"Y좌표13":670.208,"Y좌표12":655.226,"X좌표2":424.349,"X좌표3":437.333,"X좌표1":292.509,"X좌표6":403.375,"Y좌표19":206.771,"X좌표7":383.399,"Y좌표18":264.701,"X좌표4":445.324,"X좌표5":417.358}],"원피스":[{}],"상의":[{"Y좌표9":192.788,"X좌표17":344.446,"X좌표16":266.541,"X좌표15":218.599,"X좌표14":257.552,"X좌표13":275.53,"X좌표12":278.526,"X좌표11":297.503,"Y좌표4":18.0006,"X좌표10":428.344,"Y좌표3":7.01392,"Y좌표2":15.0042,"Y좌표1":6.01514,"Y좌표8":127.867,"Y좌표7":156.832,"Y좌표6":154.834,"Y좌표5":126.868,"Y좌표15":91.9108,"Y좌표14":141.85,"X좌표8":462.303,"Y좌표17":4.01756,"X좌표9":445.324,"Y좌표16":15.0042,"Y좌표11":228.744,"Y좌표10":227.746,"Y좌표13":121.874,"Y좌표12":154.834,"X좌표2":390.39,"X좌표3":425.348,"X좌표1":346.444,"X좌표6":500.257,"X좌표7":466.298,"X좌표4":463.302,"X좌표5":522.23}]},"라벨링":{"스타일":[{"스타일":"스트리트"}],"아우터":[{}],"하의":[{"기장":"발목","색상":"스카이블루","카테고리":"조거팬츠","디테일":["디스트로이드","단추","포켓","스티치"],"소재":["데님"],"프린트":["무지"],"핏":"노멀"}],"원피스":[{}],"상의":[{"색상":"화이트","서브색상":"베이지","카테고리":"티셔츠","소매기장":"반팔","소재":["저지"],"프린트":["레터링"],"넥라인":"라운드넥","핏":"노멀"}]}},"파일 번호":337491,"파일 이름":"STEP_124_07.jpg"}}