{"이미지 정보":{"이미지 식별자":362667,"이미지 높이":800,"이미지 파일명":"Jamong_931_08.jpg","이미지 너비":800},"데이터셋 정보":{"파일 생성일자":"2020-09-15 01:34:29","데이터셋 상세설명":{"렉트좌표":{"아우터":[{}],"하의":[{"X좌표":317.093,"Y좌표":200.528,"가로":240,"세로":503}],"원피스":[{}],"상의":[{"X좌표":282.092,"Y좌표":-2.47502,"가로":292,"세로":231}]},"폴리곤좌표":{"아우터":[{}],"하의":[{"X좌표8":537.596,"X좌표9":514.596,"Y좌표9":201.028,"Y좌표10":207.028,"X좌표2":336.593,"Y좌표4":674.036,"X좌표10":363.593,"X좌표3":322.593,"Y좌표3":394.031,"Y좌표2":271.029,"X좌표1":355.593,"Y좌표1":210.028,"X좌표6":556.596,"Y좌표8":262.029,"X좌표7":557.596,"Y좌표7":387.031,"X좌표4":317.593,"Y좌표6":704.036,"X좌표5":439.594,"Y좌표5":693.036}],"원피스":[{}],"상의":[{"Y좌표9":192.028,"X좌표15":352.593,"X좌표14":423.594,"X좌표13":478.595,"X좌표12":539.596,"X좌표11":574.597,"Y좌표4":188.028,"X좌표10":563.596,"Y좌표3":148.027,"Y좌표2":44.0257,"Y좌표1":3.02506,"Y좌표8":210.028,"Y좌표7":210.028,"Y좌표6":218.028,"Y좌표5":229.029,"Y좌표15":2.02504,"Y좌표14":14.0252,"X좌표8":477.595,"X좌표9":535.596,"Y좌표11":120.027,"Y좌표10":170.028,"Y좌표13":-1.97502,"Y좌표12":22.0254,"X좌표2":306.592,"X좌표3":282.592,"X좌표1":352.593,"X좌표6":391.594,"X좌표7":474.595,"X좌표4":303.592,"X좌표5":341.593}]},"라벨링":{"스타일":[{"스타일":"스트리트"}],"아우터":[{}],"하의":[{"기장":"발목","색상":"스카이블루","카테고리":"스커트","디테일":["스티치"],"소재":["데님"],"프린트":["무지"],"핏":"와이드"}],"원피스":[{}],"상의":[{"색상":"화이트","서브색상":"그레이","카테고리":"티셔츠","디테일":["드롭숄더","롤업"],"소매기장":"반팔","소재":["저지"],"프린트":["페이즐리"],"넥라인":"라운드넥","핏":"노멀"}]}},"파일 번호":362667,"파일 이름":"Jamong_931_08.jpg"}}