{"이미지 정보":{"이미지 식별자":376836,"이미지 높이":1066,"이미지 파일명":"u_157231661525610899_1557739602.jpg","이미지 너비":800},"데이터셋 정보":{"파일 생성일자":"2020-09-15 03:25:45","데이터셋 상세설명":{"렉트좌표":{"아우터":[{"X좌표":6.375,"Y좌표":0.514676,"가로":769,"세로":1008}],"하의":[{}],"원피스":[{}],"상의":[{}]},"폴리곤좌표":{"아우터":[{"Y좌표9":944.382,"Y좌표22":157.868,"Y좌표21":153.872,"Y좌표23":9.0072,"Y좌표20":1.01468,"X좌표19":231.875,"X좌표18":209.875,"X좌표17":117.875,"X좌표16":37.875,"X좌표15":6.875,"X좌표14":46.875,"X좌표13":172.875,"X좌표12":419.875,"X좌표11":626.875,"Y좌표4":153.872,"X좌표10":732.875,"Y좌표3":100.921,"Y좌표2":76.9437,"Y좌표1":4.01187,"Y좌표8":856.465,"Y좌표7":868.453,"Y좌표6":520.529,"Y좌표5":423.619,"Y좌표15":789.527,"Y좌표14":963.365,"X좌표8":769.875,"Y좌표17":188.839,"X좌표9":771.875,"Y좌표16":595.459,"Y좌표11":982.347,"Y좌표10":976.352,"Y좌표13":991.338,"Y좌표12":1009.32,"X좌표23":512.875,"X좌표22":421.875,"X좌표2":607.875,"X좌표21":378.875,"X좌표3":613.875,"X좌표20":306.875,"X좌표1":514.875,"X좌표6":776.875,"Y좌표19":35.982,"X좌표7":776.875,"Y좌표18":90.9306,"X좌표4":689.875,"X좌표5":762.875}],"하의":[{}],"원피스":[{}],"상의":[{}]},"라벨링":{"스타일":[{"스타일":"스트리트"}],"아우터":[{"기장":"노말","색상":"브라운","카테고리":"점퍼","옷깃":"셔츠칼라","디테일":["단추","포켓"],"소매기장":"긴팔","소재":["플리스"],"프린트":["무지"],"핏":"루즈"}],"하의":[{"색상":"블루"}],"원피스":[{}],"상의":[{"넥라인":"터틀넥"}]}},"파일 번호":376836,"파일 이름":"u_157231661525610899_1557739602.jpg"}}