{"이미지 정보":{"이미지 식별자":383840,"이미지 높이":1066,"이미지 파일명":"u_152341116553868500_1038611373.jpg","이미지 너비":800},"데이터셋 정보":{"파일 생성일자":"2020-09-15 05:58:09","데이터셋 상세설명":{"렉트좌표":{"아우터":[{}],"하의":[{}],"원피스":[{}],"상의":[{"X좌표":290.864,"Y좌표":3.5018,"가로":311,"세로":432}]},"폴리곤좌표":{"아우터":[{}],"하의":[{}],"원피스":[{}],"상의":[{"X좌표33":302.364,"X좌표32":322.364,"X좌표31":343.364,"X좌표30":362.364,"X좌표8":335.364,"X좌표9":366.364,"Y좌표33":420.794,"Y좌표32":434.787,"Y좌표31":418.795,"Y좌표30":425.792,"X좌표2":319.364,"X좌표3":330.364,"X좌표1":306.364,"X좌표6":291.364,"X좌표7":295.364,"X좌표4":335.364,"X좌표5":296.364,"Y좌표26":418.795,"Y좌표25":401.804,"Y좌표28":436.786,"Y좌표9":8.99931,"Y좌표27":432.788,"Y좌표22":321.844,"Y좌표21":295.857,"Y좌표24":383.813,"Y좌표23":361.824,"Y좌표20":229.889,"X좌표19":559.364,"X좌표18":583.364,"X좌표17":602.364,"X좌표16":549.364,"X좌표15":505.364,"X좌표14":474.364,"X좌표13":438.364,"X좌표12":438.364,"X좌표11":420.364,"Y좌표4":221.893,"X좌표10":403.364,"Y좌표3":260.874,"Y좌표2":344.832,"Y좌표1":418.795,"Y좌표8":19.9938,"Y좌표7":35.9859,"Y좌표29":430.789,"Y좌표6":141.933,"Y좌표5":221.893,"Y좌표15":8.99931,"Y좌표14":4.0018,"Y좌표17":158.925,"Y좌표16":57.9749,"Y좌표11":36.9854,"Y좌표10":29.9889,"Y좌표13":7.00031,"Y좌표12":25.9909,"X좌표29":391.364,"X좌표28":431.364,"X좌표27":471.364,"X좌표26":514.364,"X좌표25":543.364,"X좌표24":574.364,"X좌표23":582.364,"X좌표22":574.364,"X좌표21":555.364,"X좌표20":545.364,"Y좌표19":192.908,"Y좌표18":181.913}]},"라벨링":{"스타일":[{"스타일":"스트리트"}],"아우터":[{}],"하의":[{"기장":"발목","카테고리":"청바지","소재":["데님"],"프린트":["무지"],"핏":"스키니"}],"원피스":[{}],"상의":[{"기장":"롱","색상":"블랙","카테고리":"티셔츠","소매기장":"반팔","소재":["니트"],"프린트":["레터링"],"넥라인":"라운드넥","핏":"노멀"}]}},"파일 번호":383840,"파일 이름":"u_152341116553868500_1038611373.jpg"}}