{"이미지 정보":{"이미지 식별자":389326,"이미지 높이":1066,"이미지 파일명":"u_155324084168448900_1255335940.jpg","이미지 너비":800},"데이터셋 정보":{"파일 생성일자":"2020-09-15 06:44:00","데이터셋 상세설명":{"렉트좌표":{"아우터":[{}],"하의":[{"X좌표":259.933,"Y좌표":279.393,"가로":268,"세로":603}],"원피스":[{}],"상의":[{"X좌표":226.979,"Y좌표":5.5045,"가로":365,"세로":429}]},"폴리곤좌표":{"아우터":[{}],"하의":[{"Y좌표47":286.89,"Y좌표44":365.858,"Y좌표43":415.838,"Y좌표46":279.893,"Y좌표45":317.877,"Y좌표40":635.304,"Y좌표42":516.352,"Y좌표41":615.312,"X좌표39":475.134,"X좌표38":484.122,"X좌표37":483.123,"X좌표36":473.137,"X좌표35":466.147,"X좌표34":438.186,"X좌표33":414.219,"X좌표32":395.245,"X좌표31":400.238,"X좌표30":396.244,"Y좌표37":818.229,"Y좌표36":829.225,"X좌표8":286.397,"Y좌표39":666.291,"X좌표9":279.407,"Y좌표38":727.266,"Y좌표33":837.221,"Y좌표32":821.228,"Y좌표35":837.221,"Y좌표34":846.218,"Y좌표31":726.267,"Y좌표30":706.275,"X좌표47":326.341,"X좌표46":520.072,"X좌표45":526.063,"X좌표44":529.059,"X좌표2":302.375,"X좌표43":524.066,"X좌표3":285.398,"X좌표42":497.104,"X좌표41":476.133,"X좌표1":315.357,"X좌표40":476.133,"X좌표6":288.394,"X좌표7":287.395,"X좌표4":284.4,"X좌표5":286.397,"Y좌표26":565.332,"Y좌표25":524.349,"Y좌표28":663.292,"Y좌표9":666.291,"Y좌표27":643.3,"Y좌표22":533.345,"Y좌표21":586.324,"Y좌표24":483.366,"Y좌표23":451.379,"Y좌표20":642.301,"X좌표19":364.288,"X좌표18":364.288,"X좌표17":364.288,"X좌표16":353.304,"X좌표15":322.347,"X좌표14":290.391,"X좌표13":260.433,"X좌표12":268.422,"X좌표11":274.413,"Y좌표4":411.839,"X좌표10":274.413,"Y좌표3":375.854,"Y좌표2":330.872,"Y좌표1":292.888,"Y좌표8":602.317,"Y좌표7":561.334,"Y좌표29":686.283,"Y좌표6":511.354,"Y좌표5":461.819,"Y좌표15":882.203,"Y좌표14":883.203,"Y좌표17":803.235,"Y좌표16":881.204,"Y좌표11":777.246,"Y좌표10":734.263,"Y좌표13":871.208,"Y좌표12":839.221,"X좌표29":397.243,"X좌표28":388.255,"X좌표27":387.257,"X좌표26":396.244,"X좌표25":398.241,"X좌표24":399.24,"X좌표23":397.243,"X좌표22":379.268,"X좌표21":375.273,"X좌표20":370.28,"Y좌표19":681.285,"Y좌표18":722.268}],"원피스":[{}],"상의":[{"Y좌표40":8.00368,"Y좌표41":8.00368,"X좌표39":452.166,"X좌표38":425.204,"X좌표37":398.241,"X좌표36":380.266,"X좌표35":372.277,"X좌표34":335.329,"X좌표33":306.369,"X좌표32":293.387,"X좌표31":274.413,"X좌표30":227.479,"Y좌표37":37.9915,"Y좌표36":20.9984,"X좌표8":588.976,"Y좌표39":30.9943,"X좌표9":592.97,"Y좌표38":39.9907,"Y좌표33":29.9947,"Y좌표32":51.9858,"Y좌표35":10.0029,"Y좌표34":16.0004,"Y좌표31":101.965,"Y좌표30":238.91,"X좌표2":506.091,"X좌표3":536.05,"X좌표41":447.173,"X좌표1":444.177,"X좌표40":454.163,"X좌표6":576.993,"X좌표7":583.983,"X좌표4":554.025,"X좌표5":564.011,"Y좌표26":386.849,"Y좌표25":383.851,"Y좌표28":287.89,"Y좌표9":241.908,"Y좌표27":330.872,"Y좌표22":356.862,"Y좌표21":341.868,"Y좌표24":387.849,"Y좌표23":375.854,"Y좌표20":347.865,"X좌표19":507.09,"X좌표18":498.102,"X좌표17":520.072,"X좌표16":527.062,"X좌표15":527.062,"X좌표14":534.052,"X좌표13":532.055,"X좌표12":529.059,"X좌표11":537.048,"Y좌표4":27.9955,"X좌표10":584.982,"Y좌표3":17.9996,"Y좌표2":9.00327,"Y좌표1":6.0045,"Y좌표8":200.925,"Y좌표7":159.942,"Y좌표29":260.901,"Y좌표6":95.9678,"Y좌표5":47.9874,"Y좌표15":357.861,"Y좌표14":352.863,"Y좌표17":435.829,"Y좌표16":407.841,"Y좌표11":247.906,"Y좌표10":249.905,"Y좌표13":339.868,"Y좌표12":318.877,"X좌표29":300.377,"X좌표28":300.377,"X좌표27":299.379,"X좌표26":278.408,"X좌표25":329.337,"X좌표24":395.245,"X좌표23":434.191,"X좌표22":459.156,"X좌표21":467.145,"X좌표20":503.095,"Y좌표19":359.86,"Y좌표18":423.834}]},"라벨링":{"스타일":[{"스타일":"스트리트"}],"아우터":[{}],"하의":[{"기장":"발목","색상":"스카이블루","카테고리":"청바지","소재":["데님"],"프린트":["무지"],"핏":"노멀"}],"원피스":[{}],"상의":[{"기장":"노멀","색상":"오렌지","서브색상":"블랙","카테고리":"티셔츠","소매기장":"반팔","소재":["저지"],"프린트":["레터링"],"넥라인":"라운드넥","핏":"루즈"}]}},"파일 번호":389326,"파일 이름":"u_155324084168448900_1255335940.jpg"}}