{"이미지 정보":{"이미지 식별자":459207,"이미지 높이":1066,"이미지 파일명":"u_155565504731813999_627640394.jpg","이미지 너비":800},"데이터셋 정보":{"파일 생성일자":"2020-09-17 03:32:26","데이터셋 상세설명":{"렉트좌표":{"아우터":[{}],"하의":[{}],"원피스":[{"X좌표":-0.91207,"Y좌표":9.78291,"가로":769,"세로":1026}],"상의":[{}]},"폴리곤좌표":{"아우터":[{}],"하의":[{}],"원피스":[{"X좌표8":201.805,"X좌표9":161.376,"X좌표2":282.661,"X좌표3":171.483,"X좌표1":329.828,"X좌표6":99.6107,"X좌표7":199.559,"X좌표4":83.8886,"X좌표5":-0.41207,"Y좌표26":15.9014,"Y좌표25":10.2829,"Y좌표28":45.0091,"Y좌표9":662.029,"Y좌표27":12.5303,"Y좌표22":142.88,"Y좌표21":346.269,"Y좌표24":65.3442,"Y좌표23":77.7049,"Y좌표20":412.568,"X좌표19":597.104,"X좌표18":628.548,"X좌표17":666.73,"X좌표16":613.949,"X좌표15":425.283,"X좌표14":411.807,"X좌표13":360.149,"X좌표12":202.928,"X좌표11":105.226,"Y좌표4":174.343,"X좌표10":131.055,"Y좌표3":79.9523,"Y좌표2":58.602,"Y좌표1":10.2829,"Y좌표8":578.875,"Y좌표7":521.566,"Y좌표6":475.495,"Y좌표5":393.879,"Y좌표15":1032.76,"Y좌표14":987.811,"Y좌표17":912.523,"Y좌표16":986.687,"Y좌표11":963.089,"Y좌표10":793.411,"Y좌표13":1037.25,"Y좌표12":1030.51,"X좌표28":350.157,"X좌표27":332.073,"X좌표26":455.605,"X좌표25":487.049,"X좌표24":526.354,"X좌표23":595.981,"X좌표22":676.837,"X좌표21":768.924,"X좌표20":767.801,"Y좌표19":493.383,"Y좌표18":650.701}],"상의":[{}]},"라벨링":{"스타일":[{"스타일":"스트리트"}],"아우터":[{}],"하의":[{}],"원피스":[{"기장":"미니","색상":"화이트","서브색상":"그레이","카테고리":"점프수트","옷깃":"셔츠칼라","디테일":["띠","포켓"],"소매기장":"반팔","소재":["우븐"],"프린트":["스트라이프"],"핏":"노멀"}],"상의":[{}]}},"파일 번호":459207,"파일 이름":"u_155565504731813999_627640394.jpg"}}