{"이미지 정보":{"이미지 식별자":474352,"이미지 높이":1066,"이미지 파일명":"159885752672310900_1673185692.jpg","이미지 너비":800},"데이터셋 정보":{"파일 생성일자":"2020-09-17 08:03:35","데이터셋 상세설명":{"렉트좌표":{"아우터":[{}],"하의":[{}],"원피스":[{"X좌표":227.5,"Y좌표":1.49925,"가로":308,"세로":923}],"상의":[{}]},"폴리곤좌표":{"아우터":[{}],"하의":[{}],"원피스":[{"Y좌표47":15.994,"Y좌표44":91.9655,"Y좌표43":83.9685,"Y좌표46":18.9929,"Y좌표45":70.9734,"Y좌표40":32.9876,"Y좌표42":54.9794,"Y좌표41":43.9835,"X좌표39":460.0,"X좌표38":463.0,"X좌표37":492.0,"X좌표36":484.0,"X좌표35":470.0,"X좌표34":460.0,"X좌표33":454.0,"X좌표32":454.0,"X좌표31":471.0,"X좌표30":488.0,"Y좌표37":1.99925,"Y좌표36":11.9955,"X좌표8":263.0,"Y좌표39":18.9929,"X좌표9":248.0,"Y좌표38":3.9985,"Y좌표33":104.961,"Y좌표32":145.945,"Y좌표35":39.985,"Y좌표34":63.976,"Y좌표31":188.929,"Y좌표30":203.923,"X좌표47":338.0,"X좌표46":361.0,"X좌표45":337.0,"X좌표44":356.0,"X좌표2":328.0,"X좌표43":380.0,"X좌표3":319.0,"X좌표42":440.0,"X좌표41":446.0,"X좌표1":337.0,"X좌표40":453.0,"X좌표6":283.0,"X좌표7":271.0,"X좌표4":293.0,"X좌표5":284.0,"Y좌표26":446.832,"Y좌표25":491.815,"Y좌표28":316.881,"Y좌표9":762.114,"Y좌표27":375.859,"Y좌표22":772.11,"Y좌표21":889.066,"Y좌표24":510.808,"Y좌표23":578.183,"Y좌표20":925.053,"X좌표19":487.0,"X좌표18":478.0,"X좌표17":445.0,"X좌표16":407.0,"X좌표15":326.0,"X좌표14":313.0,"X좌표13":240.0,"X좌표12":240.0,"X좌표11":246.0,"Y좌표4":107.959,"X좌표10":228.0,"Y좌표3":63.976,"Y좌표2":42.9839,"Y좌표1":19.9925,"Y좌표8":558.19,"Y좌표7":422.242,"Y좌표29":251.905,"Y좌표6":270.898,"Y좌표5":186.93,"Y좌표15":922.054,"Y좌표14":910.058,"Y좌표17":904.061,"Y좌표16":924.053,"Y좌표11":859.078,"Y좌표10":843.084,"Y좌표13":899.062,"Y좌표12":882.069,"X좌표29":489.0,"X좌표28":480.0,"X좌표27":480.0,"X좌표26":480.0,"X좌표25":483.0,"X좌표24":521.0,"X좌표23":524.0,"X좌표22":533.0,"X좌표21":536.0,"X좌표20":535.0,"Y좌표19":916.056,"Y좌표18":893.065}],"상의":[{}]},"라벨링":{"스타일":[{"스타일":"스포티","서브스타일":"스트리트"}],"아우터":[{}],"하의":[{}],"원피스":[{"기장":"발목","색상":"스카이블루","카테고리":"점프수트","소매기장":"민소매","소재":["저지"],"프린트":["무지"],"핏":"오버사이즈"}],"상의":[{}]}},"파일 번호":474352,"파일 이름":"159885752672310900_1673185692.jpg"}}