{"이미지 정보":{"이미지 식별자":482095,"이미지 높이":1066,"이미지 파일명":"158859537736707900_796620060.jpg","이미지 너비":800},"데이터셋 정보":{"파일 생성일자":"2020-09-21 01:45:21","데이터셋 상세설명":{"렉트좌표":{"아우터":[{}],"하의":[{}],"원피스":[{}],"상의":[{"X좌표":77.3986,"Y좌표":0.506533,"가로":595,"세로":649}]},"폴리곤좌표":{"아우터":[{}],"하의":[{}],"원피스":[{}],"상의":[{"Y좌표80":1.00653,"Y좌표82":31.9939,"Y좌표81":1.00653,"X좌표39":621.143,"X좌표38":637.121,"X좌표37":653.099,"X좌표36":662.086,"X좌표35":665.082,"X좌표34":661.087,"X좌표33":668.078,"X좌표32":673.071,"X좌표31":671.074,"X좌표30":656.094,"Y좌표77":65.9801,"Y좌표76":76.9756,"Y좌표79":18.9992,"Y좌표78":47.9874,"Y좌표73":173.936,"Y좌표72":227.914,"Y좌표75":101.965,"Y좌표74":132.953,"Y좌표71":263.899,"Y좌표70":308.881,"X좌표49":455.374,"X좌표48":480.339,"X좌표47":489.326,"X좌표46":497.315,"X좌표45":511.296,"X좌표44":530.269,"X좌표43":547.246,"X좌표42":570.214,"X좌표41":599.174,"X좌표40":587.19,"Y좌표26":59.9825,"Y좌표25":46.9878,"Y좌표28":113.961,"Y좌표27":81.9735,"Y좌표22":30.9943,"Y좌표21":20.9984,"Y좌표24":38.9911,"Y좌표23":32.9935,"Y좌표20":18.9992,"X좌표59":261.643,"X좌표58":260.644,"X좌표57":272.628,"X좌표56":287.607,"X좌표55":309.576,"X좌표54":321.56,"X좌표53":351.518,"X좌표52":363.501,"X좌표51":389.465,"X좌표50":425.415,"Y좌표29":155.943,"Y좌표15":87.9711,"Y좌표14":129.954,"Y좌표17":58.9829,"Y좌표16":75.976,"Y좌표11":163.94,"Y좌표10":141.949,"Y좌표13":142.949,"Y좌표12":180.933,"X좌표69":111.851,"X좌표68":111.851,"X좌표67":126.831,"X좌표66":132.822,"X좌표65":141.81,"X좌표64":156.789,"X좌표63":180.756,"X좌표62":210.714,"Y좌표19":31.9939,"X좌표61":237.676,"Y좌표18":39.9907,"X좌표60":259.646,"Y좌표48":552.782,"Y좌표47":557.78,"Y좌표49":559.779,"Y좌표44":592.766,"Y좌표43":588.767,"Y좌표46":575.772,"Y좌표45":587.768,"Y좌표40":650.742,"Y좌표42":591.766,"Y좌표41":596.764,"X좌표79":202.725,"X좌표78":189.743,"X좌표77":168.772,"X좌표76":142.808,"X좌표75":109.854,"X좌표74":92.8778,"X좌표73":85.8875,"X좌표72":77.8986,"X좌표71":92.8778,"X좌표70":107.857,"Y좌표37":607.759,"Y좌표36":600.762,"X좌표8":367.496,"Y좌표39":633.749,"X좌표9":365.499,"Y좌표38":621.754,"Y좌표33":480.811,"Y좌표32":396.845,"Y좌표35":549.783,"Y좌표34":532.79,"Y좌표31":330.872,"Y좌표30":242.908,"X좌표2":299.59,"X좌표3":315.568,"X좌표1":285.61,"X좌표6":363.501,"X좌표7":367.496,"X좌표82":287.607,"X좌표4":335.54,"X좌표81":278.619,"X좌표5":352.517,"X좌표80":220.7,"Y좌표69":340.868,"Y좌표9":123.956,"Y좌표66":457.82,"Y좌표65":490.807,"Y좌표68":389.848,"Y좌표67":432.831,"Y좌표62":492.806,"Y좌표61":488.808,"Y좌표64":508.8,"Y좌표63":493.806,"Y좌표60":482.81,"X좌표19":441.393,"X좌표18":457.371,"X좌표17":438.397,"X좌표16":416.428,"X좌표15":396.456,"X좌표14":399.451,"X좌표13":393.46,"X좌표12":378.481,"X좌표11":375.485,"Y좌표4":67.9793,"X좌표10":369.493,"Y좌표3":57.9833,"Y좌표2":47.9874,"Y좌표1":30.9943,"Y좌표8":109.962,"Y좌표7":93.9687,"Y좌표6":81.9735,"Y좌표5":72.9772,"Y좌표59":526.792,"Y좌표58":545.785,"Y좌표55":572.774,"Y좌표54":562.778,"Y좌표57":579.771,"Y좌표56":578.771,"Y좌표51":570.774,"Y좌표50":570.774,"Y좌표53":567.776,"Y좌표52":560.779,"X좌표29":646.108,"X좌표28":641.115,"X좌표27":628.133,"X좌표26":611.157,"X좌표25":586.192,"X좌표24":551.24,"X좌표23":523.279,"X좌표22":508.3,"X좌표21":500.311,"X좌표20":483.335}]},"라벨링":{"스타일":[{"스타일":"스트리트"}],"아우터":[{}],"하의":[{"카테고리":"청바지"}],"원피스":[{}],"상의":[{"기장":"노멀","색상":"화이트","카테고리":"셔츠","옷깃":"밴드칼라","소매기장":"7부소매","소재":["우븐"],"프린트":["무지"],"넥라인":"브이넥","핏":"노멀"}]}},"파일 번호":482095,"파일 이름":"158859537736707900_796620060.jpg"}}