{"이미지 정보":{"이미지 식별자":489876,"이미지 높이":1184,"이미지 파일명":"jk1740k98-270_1.jpg","이미지 너비":800},"데이터셋 정보":{"파일 생성일자":"2020-10-06 17:18:31","데이터셋 상세설명":{"렉트좌표":{"아우터":[{"X좌표":231.997,"Y좌표":-0.460954,"가로":395,"세로":581}],"하의":[{"X좌표":277.143,"Y좌표":322.041,"가로":253,"세로":680}],"원피스":[{}],"상의":[{}]},"폴리곤좌표":{"아우터":[{"X좌표37":379.407,"X좌표36":388.402,"X좌표35":391.4,"X좌표34":389.401,"X좌표33":391.4,"X좌표32":385.403,"X좌표31":401.393,"X좌표30":382.405,"Y좌표37":565.804,"Y좌표36":463.846,"X좌표8":625.256,"X좌표9":613.263,"Y좌표33":217.948,"Y좌표32":128.985,"Y좌표35":379.881,"Y좌표34":293.917,"Y좌표31":11.0345,"Y좌표30":5.03697,"X좌표2":425.379,"X좌표3":484.342,"X좌표1":389.401,"X좌표6":493.337,"X좌표7":524.318,"X좌표4":482.344,"X좌표5":484.342,"Y좌표26":298.915,"Y좌표25":506.828,"Y좌표28":33.0253,"Y좌표9":93.0004,"Y좌표27":154.975,"Y좌표22":562.805,"Y좌표21":580.797,"Y좌표24":521.822,"Y좌표23":569.802,"Y좌표20":569.802,"X좌표19":458.358,"X좌표18":532.313,"X좌표17":580.283,"X좌표16":584.281,"X좌표15":577.285,"X좌표14":590.277,"X좌표13":614.262,"X좌표12":625.256,"X좌표11":628.254,"Y좌표4":89.002,"X좌표10":613.263,"Y좌표3":202.955,"Y좌표2":347.894,"Y좌표1":569.802,"Y좌표8":44.0208,"Y좌표7":2.03821,"Y좌표29":0.0390463,"Y좌표6":9.03531,"Y좌표5":38.0232,"Y좌표15":412.867,"Y좌표14":391.876,"Y좌표17":568.802,"Y좌표16":503.83,"Y좌표11":224.946,"Y좌표10":160.972,"Y좌표13":338.898,"Y좌표12":271.926,"X좌표29":352.424,"X좌표28":284.465,"X좌표27":253.485,"X좌표26":233.497,"X좌표25":232.497,"X좌표24":275.471,"X좌표23":259.481,"X좌표22":287.464,"X좌표21":347.427,"X좌표20":392.399,"Y좌표19":578.798,"Y좌표18":581.797}],"하의":[{"Y좌표9":988.546,"X좌표14":391.644,"X좌표13":373.644,"X좌표12":277.643,"X좌표11":287.643,"Y좌표4":577.543,"X좌표10":284.643,"Y좌표3":555.543,"Y좌표2":324.541,"Y좌표1":322.541,"Y좌표8":553.543,"Y좌표7":568.543,"Y좌표6":958.545,"Y좌표5":970.545,"Y좌표14":328.541,"X좌표8":389.644,"X좌표9":376.644,"Y좌표11":727.544,"Y좌표10":1002.55,"Y좌표13":573.543,"Y좌표12":540.543,"X좌표2":454.645,"X좌표3":395.645,"X좌표1":376.644,"X좌표6":409.645,"X좌표7":424.645,"X좌표4":530.646,"X좌표5":509.646}],"원피스":[{}],"상의":[{}]},"라벨링":{"스타일":[{"스타일":"클래식","서브스타일":"스트리트"}],"아우터":[{"기장":"하프","색상":"브라운","서브색상":"베이지","카테고리":"재킷","옷깃":"테일러드칼라","디테일":["포켓","싱글브레스티드"],"소매기장":"긴팔","소재":["우븐"],"프린트":["체크"],"핏":"노멀"}],"하의":[{"기장":"발목","카테고리":"청바지","소재":["데님"],"프린트":["무지"],"핏":"스키니"}],"원피스":[{}],"상의":[{}]}},"파일 번호":489876,"파일 이름":"jk1740k98-270_1.jpg"}}