{"이미지 정보":{"이미지 식별자":490116,"이미지 높이":1049,"이미지 파일명":"jk1805c99l-s9.jpg","이미지 너비":800},"데이터셋 정보":{"파일 생성일자":"2020-10-06 17:20:03","데이터셋 상세설명":{"렉트좌표":{"아우터":[{"X좌표":153.017,"Y좌표":1.86592,"가로":478,"세로":673}],"하의":[{"X좌표":127.142,"Y좌표":335.221,"가로":376,"세로":701}],"원피스":[{}],"상의":[{}]},"폴리곤좌표":{"아우터":[{"Y좌표40":16.2448,"Y좌표42":44.8191,"Y좌표41":12.9792,"X좌표39":204.15,"X좌표38":199.25,"X좌표37":195.983,"X좌표36":197.617,"X좌표35":172.3,"X좌표34":153.517,"X좌표33":168.217,"X좌표32":210.683,"X좌표31":213.95,"X좌표30":201.7,"Y좌표37":119.112,"Y좌표36":188.507,"X좌표8":603.5,"Y좌표39":26.8581,"X좌표9":493.25,"Y좌표38":55.4324,"Y좌표33":350.155,"Y좌표32":353.421,"Y좌표35":241.573,"Y좌표34":292.19,"Y좌표31":386.077,"Y좌표30":448.941,"X좌표2":507.95,"X좌표3":556.133,"X좌표42":291.533,"X좌표41":260.5,"X좌표1":433.633,"X좌표40":226.2,"X좌표6":614.933,"X좌표7":632.083,"X좌표4":596.967,"X좌표5":623.1,"Y좌표26":470.167,"Y좌표25":361.585,"Y좌표28":596.71,"Y좌표9":643.245,"Y좌표27":549.359,"Y좌표22":30.9402,"Y좌표21":17.8776,"Y좌표24":264.433,"Y좌표23":124.011,"Y좌표20":14.612,"X좌표19":394.433,"X좌표18":382.183,"X좌표17":349.517,"X좌표16":328.283,"X좌표15":295.617,"X좌표14":293.167,"X좌표13":294.8,"X좌표12":311.95,"X좌표11":325.017,"Y좌표4":221.163,"X좌표10":384.633,"Y좌표3":124.827,"Y좌표2":35.8386,"Y좌표1":2.36592,"Y좌표8":600.792,"Y좌표7":586.913,"Y좌표29":545.277,"Y좌표6":462.003,"Y좌표5":358.319,"Y좌표15":333.827,"Y좌표14":411.386,"Y좌표17":159.932,"Y좌표16":241.573,"Y좌표11":668.554,"Y좌표10":675.902,"Y좌표13":504.456,"Y좌표12":586.097,"X좌표29":183.733,"X좌표28":181.283,"X좌표27":200.067,"X좌표26":235.183,"X좌표25":253.967,"X좌표24":267.033,"X좌표23":285.0,"X좌표22":294.8,"X좌표21":352.783,"X좌표20":404.233,"Y좌표19":41.5535,"Y좌표18":88.9051}],"하의":[{"X좌표8":478.645,"X좌표9":127.642,"Y좌표9":1037.06,"Y좌표11":499.566,"Y좌표10":694.382,"Y좌표12":337.719,"X좌표12":259.643,"X좌표11":230.643,"X좌표2":307.644,"Y좌표4":670.404,"X좌표10":181.642,"X좌표3":299.644,"Y좌표3":677.398,"Y좌표2":344.713,"X좌표1":265.643,"Y좌표1":335.721,"X좌표6":485.645,"Y좌표8":1037.06,"X좌표7":496.645,"Y좌표7":1019.07,"X좌표4":503.646,"Y좌표6":865.22,"X좌표5":503.646,"Y좌표5":808.274}],"원피스":[{}],"상의":[{}]},"라벨링":{"스타일":[{"스타일":"클래식","서브스타일":"레트로"}],"아우터":[{"기장":"하프","색상":"화이트","카테고리":"재킷","옷깃":"테일러드칼라","소매기장":"긴팔","소재":["우븐"],"프린트":["무지"],"핏":"노멀"}],"하의":[{"카테고리":"스커트","소재":["우븐"],"프린트":["무지"],"핏":"노멀"}],"원피스":[{}],"상의":[{}]}},"파일 번호":490116,"파일 이름":"jk1805c99l-s9.jpg"}}