{"이미지 정보":{"이미지 식별자":490761,"이미지 높이":800,"이미지 파일명":"jk2029k9b-600_2.jpg","이미지 너비":800},"데이터셋 정보":{"파일 생성일자":"2020-10-06 17:24:00","데이터셋 상세설명":{"렉트좌표":{"아우터":[{"X좌표":169.203,"Y좌표":4.5,"가로":475,"세로":788}],"하의":[{}],"원피스":[{}],"상의":[{"X좌표":311.5,"Y좌표":4.16669,"가로":184,"세로":420}]},"폴리곤좌표":{"아우터":[{"X좌표39":432.703,"X좌표38":439.703,"X좌표37":452.703,"X좌표36":467.703,"X좌표35":477.703,"X좌표34":473.703,"X좌표33":467.703,"X좌표32":447.703,"X좌표31":361.703,"X좌표30":353.703,"X좌표49":550.703,"X좌표48":554.703,"X좌표47":402.703,"X좌표46":404.703,"X좌표45":395.703,"X좌표44":408.703,"X좌표43":408.703,"X좌표42":416.703,"X좌표41":426.703,"X좌표40":418.703,"Y좌표26":266.0,"Y좌표25":320.0,"Y좌표28":134.0,"Y좌표27":178.0,"Y좌표22":472.0,"Y좌표21":531.0,"Y좌표24":374.0,"Y좌표23":461.0,"Y좌표20":635.0,"X좌표59":616.703,"X좌표58":644.703,"X좌표57":638.703,"X좌표56":611.703,"X좌표55":604.703,"X좌표54":610.703,"X좌표53":604.703,"X좌표52":588.703,"X좌표51":558.703,"X좌표50":552.703,"Y좌표29":98.0,"Y좌표15":705.0,"Y좌표14":581.0,"Y좌표17":793.0,"Y좌표16":793.0,"Y좌표11":313.0,"Y좌표10":231.0,"Y좌표13":474.0,"Y좌표12":396.0,"X좌표64":312.703,"X좌표63":443.703,"X좌표62":491.703,"Y좌표19":710.0,"X좌표61":551.703,"Y좌표18":744.0,"X좌표60":576.703,"Y좌표48":790.0,"Y좌표47":780.0,"Y좌표49":707.0,"Y좌표44":591.0,"Y좌표43":554.0,"Y좌표46":686.0,"Y좌표45":629.0,"Y좌표40":437.0,"Y좌표42":515.0,"Y좌표41":499.0,"Y좌표37":274.0,"Y좌표36":219.0,"X좌표8":184.703,"Y좌표39":401.0,"X좌표9":199.703,"Y좌표38":344.0,"Y좌표33":72.0,"Y좌표32":41.0,"Y좌표35":159.0,"Y좌표34":115.0,"Y좌표31":37.0,"Y좌표30":55.0,"X좌표2":260.703,"X좌표3":227.703,"X좌표1":306.703,"X좌표6":169.703,"X좌표7":171.703,"X좌표4":223.703,"X좌표5":200.703,"Y좌표9":194.0,"Y좌표62":14.0,"Y좌표61":48.0,"Y좌표64":7.0,"Y좌표63":5.0,"Y좌표60":55.0,"X좌표19":335.703,"X좌표18":317.703,"X좌표17":326.703,"X좌표16":179.703,"X좌표15":179.703,"X좌표14":199.703,"X좌표13":193.703,"X좌표12":180.703,"X좌표11":172.703,"Y좌표4":46.0,"X좌표10":189.703,"Y좌표3":33.0,"Y좌표2":12.0,"Y좌표1":5.0,"Y좌표8":174.0,"Y좌표7":134.0,"Y좌표6":69.0,"Y좌표5":54.0,"Y좌표59":61.0,"Y좌표58":117.0,"Y좌표55":233.0,"Y좌표54":275.0,"Y좌표57":154.0,"Y좌표56":183.0,"Y좌표51":518.0,"Y좌표50":565.0,"Y좌표53":348.0,"Y좌표52":469.0,"X좌표29":353.703,"X좌표28":342.703,"X좌표27":326.703,"X좌표26":363.703,"X좌표25":357.703,"X좌표24":367.703,"X좌표23":355.703,"X좌표22":331.703,"X좌표21":358.703,"X좌표20":346.703}],"하의":[{}],"원피스":[{}],"상의":[{"X좌표35":360.0,"X좌표34":380.0,"X좌표33":400.0,"X좌표32":420.0,"X좌표31":440.0,"X좌표30":438.667,"X좌표8":317.333,"X좌표9":312.0,"Y좌표33":31.3333,"Y좌표32":26.0,"Y좌표35":12.6667,"Y좌표34":24.6667,"Y좌표31":4.66669,"Y좌표30":16.6667,"X좌표2":360.0,"X좌표3":344.0,"X좌표1":361.333,"X좌표6":333.333,"X좌표7":322.667,"X좌표4":344.0,"X좌표5":332.0,"Y좌표26":95.3333,"Y좌표25":126.0,"Y좌표28":52.6667,"Y좌표9":198.0,"Y좌표27":66.0,"Y좌표22":262.0,"Y좌표21":310.0,"Y좌표24":163.333,"Y좌표23":210.0,"Y좌표20":343.333,"X좌표19":448.0,"X좌표18":444.0,"X좌표17":385.333,"X좌표16":333.333,"X좌표15":334.667,"X좌표14":337.333,"X좌표13":338.667,"X좌표12":345.333,"X좌표11":345.333,"Y좌표4":71.3333,"X좌표10":328.0,"Y좌표3":52.6667,"Y좌표2":32.6667,"Y좌표1":11.3333,"Y좌표8":172.667,"Y좌표7":135.333,"Y좌표29":38.0,"Y좌표6":114.0,"Y좌표5":90.0,"Y좌표15":384.667,"Y좌표14":359.333,"Y좌표17":414.0,"Y좌표16":411.333,"Y좌표11":264.667,"Y좌표10":224.667,"Y좌표13":326.0,"Y좌표12":299.333,"X좌표29":452.0,"X좌표28":465.333,"X좌표27":482.667,"X좌표26":482.667,"X좌표25":490.667,"X좌표24":496.0,"X좌표23":486.667,"X좌표22":465.333,"X좌표21":458.667,"X좌표20":460.0,"Y좌표19":384.667,"Y좌표18":424.667}]},"라벨링":{"스타일":[{"스타일":"스트리트","서브스타일":"밀리터리"}],"아우터":[{"기장":"롱","색상":"카키","카테고리":"패딩","디테일":["퍼트리밍","스트링"],"소매기장":"긴팔","소재":["우븐"],"프린트":["무지"],"넥라인":"후드","핏":"루즈"}],"하의":[{}],"원피스":[{}],"상의":[{"기장":"노멀","카테고리":"니트웨어","소재":["니트"],"프린트":["무지"],"넥라인":"터틀넥"}]}},"파일 번호":490761,"파일 이름":"jk2029k9b-600_2.jpg"}}