{"이미지 정보":{"이미지 식별자":509650,"이미지 높이":1049,"이미지 파일명":"cd798k9a-s_1.jpg","이미지 너비":800},"데이터셋 정보":{"파일 생성일자":"2020-10-12 18:28:06","데이터셋 상세설명":{"렉트좌표":{"아우터":[{"X좌표":59.375,"Y좌표":40.5065,"가로":683,"세로":874}],"하의":[{}],"원피스":[{}],"상의":[{"X좌표":56.375,"Y좌표":3.51473,"가로":670,"세로":684}]},"폴리곤좌표":{"아우터":[{"Y좌표48":44.0058,"Y좌표47":116.989,"Y좌표44":465.911,"Y좌표43":593.883,"Y좌표46":198.971,"Y좌표45":320.944,"Y좌표40":790.839,"Y좌표42":717.855,"Y좌표41":800.837,"X좌표39":187.875,"X좌표38":118.875,"X좌표37":59.875,"X좌표36":69.875,"X좌표35":91.875,"X좌표34":111.875,"X좌표33":136.875,"X좌표32":147.875,"X좌표31":169.875,"X좌표30":203.875,"Y좌표37":763.845,"Y좌표36":668.866,"X좌표8":659.875,"Y좌표39":771.843,"X좌표9":658.875,"Y좌표38":766.844,"Y좌표33":303.948,"Y좌표32":225.965,"Y좌표35":581.886,"Y좌표34":461.912,"Y좌표31":91.9951,"Y좌표30":86.9962,"X좌표48":422.875,"X좌표47":408.875,"X좌표46":384.875,"X좌표45":372.875,"X좌표44":369.875,"X좌표2":628.875,"X좌표43":351.875,"X좌표3":679.875,"X좌표42":318.875,"X좌표41":298.875,"X좌표1":567.875,"X좌표40":247.875,"X좌표6":743.875,"X좌표7":724.875,"X좌표4":699.875,"X좌표5":712.875,"Y좌표26":62.0018,"Y좌표25":58.0027,"Y좌표28":71.9995,"Y좌표9":528.897,"Y좌표27":63.0015,"Y좌표22":131.986,"Y좌표21":253.959,"Y좌표24":41.0065,"Y좌표23":57.0029,"Y좌표20":446.666,"X좌표19":504.875,"X좌표18":484.875,"X좌표17":459.875,"X좌표16":494.875,"X좌표15":529.875,"X좌표14":593.875,"X좌표13":606.875,"X좌표12":621.875,"X좌표11":631.875,"Y좌표4":206.969,"X좌표10":647.875,"Y좌표3":136.985,"Y좌표2":80.9975,"Y좌표1":58.0027,"Y좌표8":445.916,"Y좌표7":402.926,"Y좌표29":82.9971,"Y좌표6":385.929,"Y좌표5":271.955,"Y좌표15":864.572,"Y좌표14":915.561,"Y좌표17":826.581,"Y좌표16":847.576,"Y좌표11":777.592,"Y좌표10":652.87,"Y좌표13":884.568,"Y좌표12":881.569,"X좌표29":231.875,"X좌표28":266.875,"X좌표27":303.875,"X좌표26":333.875,"X좌표25":369.875,"X좌표24":423.875,"X좌표23":568.875,"X좌표22":561.875,"X좌표21":553.875,"X좌표20":528.875,"Y좌표19":570.638,"Y좌표18":697.61}],"하의":[{}],"원피스":[{}],"상의":[{"Y좌표47":62.0018,"Y좌표44":58.0027,"Y좌표43":44.0058,"Y좌표46":67.0006,"Y좌표45":67.0006,"Y좌표40":63.0015,"Y좌표42":48.0049,"Y좌표41":59.0024,"X좌표39":301.875,"X좌표38":272.875,"X좌표37":239.875,"X좌표36":208.875,"X좌표35":199.875,"X좌표34":213.875,"X좌표33":249.875,"X좌표32":288.875,"X좌표31":281.875,"X좌표30":218.875,"Y좌표37":81.9973,"Y좌표36":85.9964,"X좌표8":706.875,"Y좌표39":68.0004,"X좌표9":686.875,"Y좌표38":69.0002,"Y좌표33":36.0076,"Y좌표32":18.0116,"Y좌표35":80.9975,"Y좌표34":59.0024,"Y좌표31":4.01473,"Y좌표30":8.01383,"X좌표47":561.875,"X좌표46":548.875,"X좌표45":489.875,"X좌표44":444.875,"X좌표2":626.875,"X좌표43":417.875,"X좌표3":668.875,"X좌표42":381.875,"X좌표41":362.875,"X좌표1":564.875,"X좌표40":332.875,"X좌표6":718.875,"X좌표7":727.875,"X좌표4":706.875,"X좌표5":718.875,"Y좌표26":66.0009,"Y좌표25":130.986,"Y좌표28":49.0047,"Y좌표9":577.886,"Y좌표27":47.0051,"Y좌표22":232.964,"Y좌표21":258.958,"Y좌표24":165.979,"Y좌표23":211.968,"Y좌표20":296.949,"X좌표19":257.875,"X좌표18":243.875,"X좌표17":308.875,"X좌표16":404.875,"X좌표15":513.875,"X좌표14":587.875,"X좌표13":647.875,"X좌표12":644.875,"X좌표11":634.875,"Y좌표4":230.964,"X좌표10":676.875,"Y좌표3":123.988,"Y좌표2":77.9982,"Y좌표1":61.002,"Y좌표8":552.892,"Y좌표7":485.907,"Y좌표29":28.0094,"Y좌표6":396.927,"Y좌표5":310.946,"Y좌표15":565.889,"Y좌표14":553.892,"Y좌표17":547.893,"Y좌표16":553.892,"Y좌표11":680.863,"Y좌표10":688.862,"Y좌표13":545.894,"Y좌표12":580.886,"X좌표29":187.875,"X좌표28":133.875,"X좌표27":103.875,"X좌표26":77.875,"X좌표25":56.875,"X좌표24":68.875,"X좌표23":144.875,"X좌표22":193.875,"X좌표21":259.875,"X좌표20":276.875,"Y좌표19":407.924,"Y좌표18":531.897}]},"라벨링":{"스타일":[{"스타일":"스트리트"}],"아우터":[{"색상":"블랙","카테고리":"베스트","디테일":["드롭숄더","포켓"],"소매기장":"반팔","소재":["니트"],"프린트":["무지"],"넥라인":"노카라","핏":"오버사이즈"}],"하의":[{}],"원피스":[{}],"상의":[{"기장":"노멀","색상":"베이지","카테고리":"니트웨어","디테일":["퍼프"],"소매기장":"긴팔","소재":["니트"],"프린트":["무지"],"넥라인":"라운드넥","핏":"노멀"}]}},"파일 번호":509650,"파일 이름":"cd798k9a-s_1.jpg"}}