{"이미지 정보":{"이미지 식별자":523208,"이미지 높이":1049,"이미지 파일명":"pt5155k05-s_2.jpg","이미지 너비":800},"데이터셋 정보":{"파일 생성일자":"2020-10-12 19:50:58","데이터셋 상세설명":{"렉트좌표":{"아우터":[{}],"하의":[{"X좌표":145.1,"Y좌표":534.598,"가로":490,"세로":459}],"원피스":[{}],"상의":[{"X좌표":71.5,"Y좌표":1.89956,"가로":709,"세로":587}]},"폴리곤좌표":{"아우터":[{}],"하의":[{"Y좌표9":973.414,"Y좌표21":541.497,"Y좌표20":602.285,"X좌표19":459.2,"X좌표18":458.4,"X좌표17":492.8,"X좌표16":543.2,"X좌표15":548.0,"X좌표14":563.2,"X좌표13":593.6,"X좌표12":636.0,"X좌표11":597.6,"Y좌표4":550.295,"X좌표10":503.2,"Y좌표3":564.692,"Y좌표2":565.492,"Y좌표1":546.296,"Y좌표8":976.614,"Y좌표7":908.627,"Y좌표6":693.468,"Y좌표5":535.098,"Y좌표15":651.076,"Y좌표14":591.087,"X좌표8":211.2,"Y좌표17":741.459,"X좌표9":352.8,"Y좌표16":703.866,"Y좌표11":963.016,"Y좌표10":995.01,"Y좌표13":695.867,"Y좌표12":905.427,"X좌표2":415.2,"X좌표21":496.8,"X좌표3":363.2,"X좌표20":456.8,"X좌표1":489.6,"X좌표6":180.0,"Y좌표19":655.075,"X좌표7":145.6,"Y좌표18":722.262,"X좌표4":288.8,"X좌표5":224.8}],"원피스":[{}],"상의":[{"X좌표39":764.8,"X좌표38":704.0,"X좌표37":673.6,"X좌표36":738.4,"X좌표35":677.6,"X좌표34":639.2,"X좌표33":644.8,"X좌표32":560.0,"X좌표31":577.6,"X좌표30":556.8,"X좌표49":509.6,"X좌표48":516.0,"X좌표47":568.0,"X좌표46":608.8,"X좌표45":668.8,"X좌표44":729.6,"X좌표43":776.0,"X좌표42":781.6,"X좌표41":761.6,"X좌표40":775.2,"Y좌표26":557.494,"Y좌표25":537.498,"Y좌표28":548.695,"Y좌표27":556.694,"Y좌표22":575.09,"Y좌표21":583.089,"Y좌표24":535.898,"Y좌표23":590.287,"Y좌표20":487.107,"Y좌표29":500.704,"Y좌표15":83.1842,"Y좌표14":137.574,"Y좌표17":85.5837,"Y좌표16":27.9947,"Y좌표11":315.94,"Y좌표10":390.326,"Y좌표13":205.561,"Y좌표12":279.947,"Y좌표19":342.335,"Y좌표18":156.77,"Y좌표48":3.19939,"Y좌표47":26.395,"Y좌표49":2.39956,"Y좌표44":224.757,"Y좌표43":304.742,"Y좌표46":38.3927,"Y좌표45":102.38,"Y좌표40":483.908,"Y좌표42":379.128,"Y좌표41":412.721,"Y좌표37":515.902,"Y좌표36":483.908,"X좌표8":233.6,"Y좌표39":521.501,"X좌표9":285.6,"Y좌표38":526.3,"Y좌표33":428.718,"Y좌표32":388.726,"Y좌표35":449.514,"Y좌표34":451.114,"Y좌표31":467.111,"Y좌표30":473.51,"X좌표2":454.4,"X좌표3":400.8,"X좌표1":505.6,"X좌표6":312.0,"X좌표7":263.2,"X좌표4":385.6,"X좌표5":352.8,"Y좌표9":329.537,"X좌표19":84.0,"X좌표18":96.8,"X좌표17":120.0,"X좌표16":207.2,"X좌표15":168.0,"X좌표14":133.6,"X좌표13":129.6,"X좌표12":132.8,"X좌표11":168.0,"Y좌표4":201.562,"X좌표10":234.4,"Y좌표3":144.772,"Y좌표2":88.7831,"Y좌표1":3.99924,"Y좌표8":238.355,"Y좌표7":160.769,"Y좌표6":57.589,"Y좌표5":158.37,"X좌표29":520.8,"X좌표28":496.0,"X좌표27":460.0,"X좌표26":360.0,"X좌표25":271.2,"X좌표24":227.2,"X좌표23":212.0,"X좌표22":178.4,"X좌표21":72.0,"X좌표20":90.4}]},"라벨링":{"스타일":[{"스타일":"톰보이","서브스타일":"클래식"}],"아우터":[{}],"하의":[{"기장":"미니","색상":"베이지","카테고리":"팬츠","소재":["우븐"],"프린트":["무지"],"핏":"루즈"}],"원피스":[{}],"상의":[{"색상":"스카이블루","카테고리":"셔츠","옷깃":"셔츠칼라","소매기장":"7부소매","소재":["우븐"],"프린트":["무지"],"핏":"노멀"}]}},"파일 번호":523208,"파일 이름":"pt5155k05-s_2.jpg"}}