{"이미지 정보":{"이미지 식별자":527551,"이미지 높이":1049,"이미지 파일명":"vt291k9a-s4.jpg","이미지 너비":800},"데이터셋 정보":{"파일 생성일자":"2020-10-12 20:17:43","데이터셋 상세설명":{"렉트좌표":{"아우터":[{"X좌표":180.5,"Y좌표":68.4868,"가로":443,"세로":890}],"하의":[{}],"원피스":[{}],"상의":[{"X좌표":43.5,"Y좌표":6.49867,"가로":588,"세로":742}]},"폴리곤좌표":{"아우터":[{"Y좌표44":68.9868,"Y좌표43":79.9847,"Y좌표40":207.96,"Y좌표42":112.978,"Y좌표41":143.973,"X좌표39":598.0,"X좌표38":580.0,"X좌표37":544.0,"X좌표36":572.0,"X좌표35":614.0,"X좌표34":602.0,"X좌표33":606.0,"X좌표32":624.0,"X좌표31":610.0,"X좌표30":595.0,"Y좌표37":277.947,"Y좌표36":357.932,"X좌표8":332.0,"Y좌표39":137.974,"X좌표9":288.0,"Y좌표38":172.967,"Y좌표33":573.491,"Y좌표32":719.463,"Y좌표35":420.92,"Y좌표34":536.498,"Y좌표31":819.444,"Y좌표30":888.431,"X좌표44":504.0,"X좌표2":469.0,"X좌표43":569.0,"X좌표3":394.0,"X좌표42":619.0,"X좌표41":623.0,"X좌표1":504.0,"X좌표40":620.0,"X좌표6":291.0,"X좌표7":311.0,"X좌표4":361.0,"X좌표5":316.0,"Y좌표26":893.43,"Y좌표25":885.431,"Y좌표28":959.417,"Y좌표9":99.9809,"Y좌표27":754.456,"Y좌표22":863.435,"Y좌표21":867.435,"Y좌표24":865.435,"Y좌표23":859.436,"Y좌표20":881.432,"X좌표19":196.0,"X좌표18":192.0,"X좌표17":188.0,"X좌표16":181.0,"X좌표15":194.0,"X좌표14":219.0,"X좌표13":217.0,"X좌표12":202.0,"X좌표11":196.0,"Y좌표4":344.934,"X좌표10":244.0,"Y좌표3":245.953,"Y좌표2":121.977,"Y좌표1":70.9865,"Y좌표8":87.9832,"Y좌표7":151.971,"Y좌표29":952.418,"Y좌표6":239.954,"Y좌표5":292.944,"Y좌표15":597.886,"Y좌표14":494.906,"Y좌표17":817.444,"Y좌표16":695.467,"Y좌표11":149.971,"Y좌표10":114.978,"Y좌표13":407.922,"Y좌표12":275.947,"X좌표29":596.0,"X좌표28":584.0,"X좌표27":584.0,"X좌표26":567.0,"X좌표25":525.0,"X좌표24":476.0,"X좌표23":433.0,"X좌표22":373.0,"X좌표21":321.0,"X좌표20":245.0,"Y좌표19":877.433,"Y좌표18":857.437}],"하의":[{}],"원피스":[{}],"상의":[{"X좌표39":532.0,"X좌표38":588.0,"X좌표37":604.0,"X좌표36":623.0,"X좌표35":629.0,"X좌표34":632.0,"X좌표33":628.0,"X좌표32":607.0,"X좌표31":588.0,"X좌표30":562.0,"Y좌표73":382.927,"Y좌표72":383.927,"Y좌표74":394.925,"Y좌표71":381.927,"Y좌표70":387.926,"X좌표49":172.0,"X좌표48":189.0,"X좌표47":197.0,"X좌표46":204.0,"X좌표45":222.0,"X좌표44":234.0,"X좌표43":296.0,"X좌표42":352.0,"X좌표41":390.0,"X좌표40":454.0,"Y좌표26":387.926,"Y좌표25":387.926,"Y좌표28":332.937,"Y좌표27":371.929,"Y좌표22":398.924,"Y좌표21":395.924,"Y좌표24":394.925,"Y좌표23":386.926,"Y좌표20":363.931,"X좌표59":180.0,"X좌표58":148.0,"X좌표57":141.0,"X좌표56":136.0,"X좌표55":108.0,"X좌표54":99.0,"X좌표53":44.0,"X좌표52":72.0,"X좌표51":120.0,"X좌표50":142.0,"Y좌표29":264.949,"Y좌표15":46.991,"Y좌표14":30.9941,"Y좌표17":112.978,"Y좌표16":79.9847,"Y좌표11":30.9941,"Y좌표10":33.9935,"Y좌표13":6.99867,"Y좌표12":10.9979,"X좌표69":218.0,"X좌표68":220.0,"X좌표67":231.0,"X좌표66":220.0,"X좌표65":218.0,"X좌표64":228.0,"X좌표63":219.0,"X좌표62":206.0,"Y좌표19":291.944,"X좌표61":207.0,"Y좌표18":204.961,"X좌표60":201.0,"Y좌표48":600.885,"Y좌표47":586.888,"Y좌표49":643.877,"Y좌표44":488.907,"Y좌표43":491.906,"Y좌표46":568.892,"Y좌표45":550.895,"Y좌표40":528.899,"Y좌표42":516.901,"Y좌표41":525.9,"X좌표74":366.0,"X좌표73":338.0,"X좌표72":291.0,"X좌표71":260.0,"X좌표70":231.0,"Y좌표37":458.912,"Y좌표36":398.924,"X좌표8":321.0,"Y좌표39":514.902,"X좌표9":354.0,"Y좌표38":505.904,"Y좌표33":208.96,"Y좌표32":122.977,"Y좌표35":299.943,"Y좌표34":233.955,"Y좌표31":127.976,"Y좌표30":170.967,"X좌표2":308.0,"X좌표3":276.0,"X좌표1":363.0,"X좌표6":323.0,"X좌표7":334.0,"X좌표4":283.0,"X좌표5":306.0,"Y좌표69":443.915,"Y좌표9":23.9954,"Y좌표66":484.908,"Y좌표65":443.915,"Y좌표68":483.908,"Y좌표67":490.906,"Y좌표62":240.954,"Y좌표61":168.968,"Y좌표64":387.926,"Y좌표63":325.938,"Y좌표60":177.966,"X좌표19":396.0,"X좌표18":442.0,"X좌표17":492.0,"X좌표16":516.0,"X좌표15":491.0,"X좌표14":490.0,"X좌표13":480.0,"X좌표12":457.0,"X좌표11":419.0,"Y좌표4":194.963,"X좌표10":367.0,"Y좌표3":261.95,"Y좌표2":321.939,"Y좌표1":363.931,"Y좌표8":34.9933,"Y좌표7":63.9878,"Y좌표6":87.9832,"Y좌표5":120.977,"Y좌표59":241.954,"Y좌표58":355.932,"Y좌표55":512.902,"Y좌표54":591.887,"Y좌표57":419.92,"Y좌표56":459.912,"Y좌표51":749.857,"Y좌표50":692.868,"Y좌표53":713.864,"Y좌표52":727.861,"X좌표29":532.0,"X좌표28":516.0,"X좌표27":504.0,"X좌표26":488.0,"X좌표25":445.0,"X좌표24":432.0,"X좌표23":419.0,"X좌표22":387.0,"X좌표21":365.0,"X좌표20":365.0}]},"라벨링":{"스타일":[{"스타일":"컨트리","서브스타일":"스트리트"}],"아우터":[{"기장":"하프","카테고리":"베스트","디테일":["단추","포켓"],"소재":["니트"],"프린트":["무지"],"넥라인":"브이넥","핏":"루즈"}],"하의":[{}],"원피스":[{}],"상의":[{"색상":"브라운","카테고리":"니트웨어","옷깃":"밴드칼라","디테일":["드롭숄더"],"소매기장":"민소매","소재":["니트"],"프린트":["무지"],"넥라인":"터틀넥","핏":"노멀"}]}},"파일 번호":527551,"파일 이름":"vt291k9a-s4.jpg"}}