{"이미지 정보":{"이미지 식별자":537951,"이미지 높이":1184,"이미지 파일명":"pt5387k06-270_4.jpg","이미지 너비":800},"데이터셋 정보":{"파일 생성일자":"2020-10-14 15:25:46","데이터셋 상세설명":{"렉트좌표":{"아우터":[{}],"하의":[{"X좌표":265.5,"Y좌표":287.412,"가로":301,"세로":780}],"원피스":[{}],"상의":[{"X좌표":357.5,"Y좌표":8.49724,"가로":224,"세로":296}]},"폴리곤좌표":{"아우터":[{}],"하의":[{"Y좌표40":301.907,"X좌표39":545.0,"X좌표38":557.0,"X좌표37":568.0,"X좌표36":559.0,"X좌표35":558.0,"X좌표34":545.0,"X좌표33":543.0,"X좌표32":537.0,"X좌표31":520.0,"X좌표30":511.0,"Y좌표37":458.859,"Y좌표36":568.825,"X좌표8":307.0,"Y좌표39":287.912,"X좌표9":297.0,"Y좌표38":381.883,"Y좌표33":885.728,"Y좌표32":960.705,"Y좌표35":665.795,"Y좌표34":795.755,"Y좌표31":1030.68,"Y좌표30":1068.67,"X좌표2":344.0,"X좌표3":327.0,"X좌표1":372.0,"X좌표40":372.0,"X좌표6":307.0,"X좌표7":301.0,"X좌표4":321.0,"X좌표5":306.0,"Y좌표26":1005.69,"Y좌표25":981.698,"Y좌표28":1061.67,"Y좌표9":789.757,"Y좌표27":1034.68,"Y좌표22":781.76,"Y좌표21":811.751,"Y좌표24":932.713,"Y좌표23":834.744,"Y좌표20":893.725,"X좌표19":373.0,"X좌표18":354.0,"X좌표17":349.0,"X좌표16":334.0,"X좌표15":312.0,"X좌표14":266.0,"X좌표13":269.0,"X좌표12":272.0,"X좌표11":281.0,"Y좌표4":529.837,"X좌표10":288.0,"Y좌표3":441.864,"Y좌표2":350.892,"Y좌표1":299.908,"Y좌표8":772.763,"Y좌표7":757.767,"Y좌표29":1066.67,"Y좌표6":693.787,"Y좌표5":607.813,"Y좌표15":1032.68,"Y좌표14":1008.69,"Y좌표17":1029.68,"Y좌표16":1033.68,"Y좌표11":881.729,"Y좌표10":836.743,"Y좌표13":960.705,"Y좌표12":925.716,"X좌표29":484.0,"X좌표28":455.0,"X좌표27":435.0,"X좌표26":432.0,"X좌표25":436.0,"X좌표24":432.0,"X좌표23":428.0,"X좌표22":423.0,"X좌표21":416.0,"X좌표20":386.0,"Y좌표19":950.708,"Y좌표18":997.693}],"원피스":[{}],"상의":[{"X좌표35":580.0,"X좌표34":583.0,"X좌표33":559.0,"X좌표32":542.0,"X좌표31":529.0,"X좌표30":509.0,"X좌표8":562.0,"X좌표9":567.0,"Y좌표33":13.9957,"Y좌표32":25.992,"Y좌표35":24.9923,"Y좌표34":8.99724,"Y좌표31":51.984,"Y좌표30":73.9773,"X좌표2":563.0,"X좌표3":555.0,"X좌표1":579.0,"X좌표6":531.0,"X좌표7":545.0,"X좌표4":537.0,"X좌표5":532.0,"Y좌표26":117.964,"Y좌표25":92.9714,"Y좌표28":116.964,"Y좌표9":233.928,"Y좌표27":121.963,"Y좌표22":26.9917,"Y좌표21":36.9886,"Y좌표24":63.9803,"Y좌표23":43.9865,"Y좌표20":73.9773,"X좌표19":389.0,"X좌표18":369.0,"X좌표17":358.0,"X좌표16":369.0,"X좌표15":380.0,"X좌표14":386.0,"X좌표13":410.0,"X좌표12":477.0,"X좌표11":512.0,"Y좌표4":57.9822,"X좌표10":552.0,"Y좌표3":38.988,"Y좌표2":27.9914,"Y좌표1":21.9932,"Y좌표8":161.95,"Y좌표7":141.956,"Y좌표29":99.9693,"Y좌표6":112.965,"Y좌표5":79.9754,"Y좌표15":251.923,"Y좌표14":305.906,"Y좌표17":173.947,"Y좌표16":215.934,"Y좌표11":295.909,"Y좌표10":285.912,"Y좌표13":304.906,"Y좌표12":295.909,"X좌표29":491.0,"X좌표28":467.0,"X좌표27":433.0,"X좌표26":413.0,"X좌표25":412.0,"X좌표24":418.0,"X좌표23":425.0,"X좌표22":428.0,"X좌표21":413.0,"X좌표20":402.0,"Y좌표19":101.969,"Y좌표18":132.959}]},"라벨링":{"스타일":[{"스타일":"힙합"}],"아우터":[{}],"하의":[{"기장":"발목","색상":"화이트","카테고리":"조거팬츠","소재":["린넨"],"프린트":["무지"],"핏":"루즈"}],"원피스":[{}],"상의":[{"색상":"블랙","카테고리":"탑","소매기장":"민소매","소재":["저지"],"프린트":["무지"],"넥라인":"유넥","핏":"타이트"}]}},"파일 번호":537951,"파일 이름":"pt5387k06-270_4.jpg"}}