{"이미지 정보":{"이미지 식별자":603984,"이미지 높이":1066,"이미지 파일명":"160006984155259100_88200182.jpg","이미지 너비":800},"데이터셋 정보":{"파일 생성일자":"2020-10-20 11:33:19","데이터셋 상세설명":{"렉트좌표":{"아우터":[{"X좌표":17.375,"Y좌표":0.514676,"가로":758,"세로":1037}],"하의":[{}],"원피스":[{}],"상의":[{}]},"폴리곤좌표":{"아우터":[{"X좌표39":64.875,"X좌표38":48.875,"X좌표37":17.875,"X좌표36":72.875,"X좌표35":103.875,"X좌표34":176.875,"X좌표33":244.875,"X좌표32":373.875,"X좌표31":396.875,"X좌표30":443.875,"X좌표49":367.875,"X좌표48":322.875,"X좌표47":304.875,"X좌표46":272.875,"X좌표45":196.875,"X좌표44":114.875,"X좌표43":51.875,"X좌표42":38.875,"X좌표41":56.875,"X좌표40":78.875,"Y좌표26":230.8,"Y좌표25":272.76,"Y좌표28":103.918,"Y좌표27":147.877,"Y좌표22":616.439,"Y좌표21":625.431,"Y좌표24":363.675,"Y좌표23":498.549,"Y좌표20":613.442,"X좌표59":482.875,"X좌표58":509.875,"X좌표57":486.875,"X좌표56":494.875,"X좌표55":526.875,"X좌표54":533.875,"X좌표53":503.875,"X좌표52":473.875,"X좌표51":448.875,"X좌표50":408.875,"Y좌표29":60.9586,"Y좌표15":693.367,"Y좌표14":667.391,"Y좌표17":675.384,"Y좌표16":706.355,"Y좌표11":537.513,"Y좌표10":410.632,"Y좌표13":586.467,"Y좌표12":582.471,"Y좌표19":622.433,"X좌표61":449.875,"Y좌표18":640.417,"X좌표60":459.875,"Y좌표48":989.59,"Y좌표47":1038.54,"Y좌표49":890.683,"Y좌표44":893.18,"Y좌표43":825.244,"Y좌표46":1029.55,"Y좌표45":953.124,"Y좌표40":636.42,"Y좌표42":765.3,"Y좌표41":675.384,"Y좌표37":471.575,"Y좌표36":275.758,"X좌표8":766.875,"Y좌표39":532.518,"X좌표9":754.875,"Y좌표38":502.546,"Y좌표33":73.9465,"Y좌표32":27.9894,"Y좌표35":191.836,"Y좌표34":122.901,"Y좌표31":2.01374,"Y좌표30":1.01468,"X좌표2":623.875,"X좌표3":657.875,"X좌표1":602.875,"X좌표6":724.875,"X좌표7":757.875,"X좌표4":709.875,"X좌표5":701.875,"Y좌표9":340.697,"Y좌표61":4.01187,"Y좌표60":46.9717,"X좌표19":554.875,"X좌표18":571.875,"X좌표17":576.875,"X좌표16":557.875,"X좌표15":614.875,"X좌표14":643.875,"X좌표13":699.875,"X좌표12":729.875,"X좌표11":776.875,"Y좌표4":126.897,"X좌표10":771.875,"Y좌표3":85.9352,"Y좌표2":61.9577,"Y좌표1":32.9848,"Y좌표8":308.727,"Y좌표7":253.778,"Y좌표6":191.836,"Y좌표5":132.891,"Y좌표59":90.9306,"Y좌표58":86.9343,"Y좌표55":273.76,"Y좌표54":361.677,"Y좌표57":182.845,"Y좌표56":198.83,"Y좌표51":698.862,"Y좌표50":812.755,"Y좌표53":497.8,"Y좌표52":616.689,"X좌표29":557.875,"X좌표28":568.875,"X좌표27":547.875,"X좌표26":522.875,"X좌표25":538.875,"X좌표24":527.875,"X좌표23":497.875,"X좌표22":469.875,"X좌표21":507.875,"X좌표20":524.875}],"하의":[{}],"원피스":[{}],"상의":[{}]},"라벨링":{"스타일":[{"스타일":"스트리트"}],"아우터":[{"기장":"노말","색상":"블루","카테고리":"패딩","소매기장":"긴팔","소재":["우븐"],"프린트":["무지"],"넥라인":"터틀넥","핏":"노멀"}],"하의":[{}],"원피스":[{}],"상의":[{}]}},"파일 번호":603984,"파일 이름":"160006984155259100_88200182.jpg"}}