{"이미지 정보":{"이미지 식별자":622541,"이미지 높이":1066,"이미지 파일명":"u_156715273383605400_525425397.jpg","이미지 너비":800},"데이터셋 정보":{"파일 생성일자":"2020-10-20 17:31:19","데이터셋 상세설명":{"렉트좌표":{"아우터":[{}],"하의":[{"X좌표":216.5,"Y좌표":282.663,"가로":332,"세로":610}],"원피스":[{}],"상의":[{"X좌표":231.5,"Y좌표":-0.5,"가로":348,"세로":407}]},"폴리곤좌표":{"아우터":[{}],"하의":[{"X좌표30":334.0,"X좌표8":282.0,"X좌표9":339.0,"Y좌표30":290.162,"X좌표2":308.0,"X좌표3":288.0,"X좌표1":337.0,"X좌표6":237.0,"X좌표7":217.0,"X좌표4":283.0,"X좌표5":271.0,"Y좌표26":516.115,"Y좌표25":633.09,"Y좌표28":364.146,"Y좌표9":876.04,"Y좌표27":430.133,"Y좌표22":880.039,"Y좌표21":876.04,"Y좌표24":765.063,"Y좌표23":858.043,"Y좌표20":796.056,"X좌표19":434.0,"X좌표18":430.0,"X좌표17":434.0,"X좌표16":417.0,"X좌표15":422.0,"X좌표14":413.0,"X좌표13":396.0,"X좌표12":380.0,"X좌표11":371.0,"Y좌표4":605.096,"X좌표10":360.0,"Y좌표3":560.883,"Y좌표2":406.915,"Y좌표1":286.94,"Y좌표8":894.036,"Y좌표7":860.043,"Y좌표29":283.163,"Y좌표6":789.058,"Y좌표5":666.083,"Y좌표15":461.126,"Y좌표14":461.126,"Y좌표17":506.117,"Y좌표16":491.12,"Y좌표11":648.087,"Y좌표10":748.066,"Y좌표13":497.119,"Y좌표12":564.105,"X좌표29":433.0,"X좌표28":536.0,"X좌표27":538.0,"X좌표26":527.0,"X좌표25":527.0,"X좌표24":535.0,"X좌표23":549.0,"X좌표22":483.0,"X좌표21":423.0,"X좌표20":419.0,"Y좌표19":677.081,"Y좌표18":598.098}],"원피스":[{}],"상의":[{"X좌표35":360.0,"X좌표34":388.0,"X좌표33":377.0,"X좌표32":396.0,"X좌표31":420.0,"X좌표30":454.0,"X좌표8":232.0,"X좌표9":237.0,"Y좌표33":27.9942,"Y좌표32":35.9925,"Y좌표35":0.0,"Y좌표34":2.99937,"Y좌표31":60.9873,"Y좌표30":40.9915,"X좌표2":309.0,"X좌표3":268.0,"X좌표1":360.0,"X좌표6":239.0,"X좌표7":236.0,"X좌표4":252.0,"X좌표5":267.0,"Y좌표26":69.9854,"Y좌표25":145.97,"Y좌표28":13.9971,"Y좌표9":194.959,"Y좌표27":29.9937,"Y좌표22":384.92,"Y좌표21":404.916,"Y좌표24":251.947,"Y좌표23":357.925,"Y좌표20":407.915,"X좌표19":524.0,"X좌표18":496.0,"X좌표17":456.0,"X좌표16":426.0,"X좌표15":387.0,"X좌표14":344.0,"X좌표13":340.0,"X좌표12":307.0,"X좌표11":284.0,"Y좌표4":110.977,"X좌표10":248.0,"Y좌표3":74.9844,"Y좌표2":28.994,"Y좌표1":5.99875,"Y좌표8":161.966,"Y좌표7":141.97,"Y좌표29":12.9973,"Y좌표6":149.969,"Y좌표5":147.969,"Y좌표15":301.937,"Y좌표14":298.938,"Y좌표17":311.935,"Y좌표16":294.939,"Y좌표11":261.945,"Y좌표10":253.947,"Y좌표13":271.943,"Y좌표12":253.947,"X좌표29":449.0,"X좌표28":500.0,"X좌표27":526.0,"X좌표26":556.0,"X좌표25":565.0,"X좌표24":566.0,"X좌표23":570.0,"X좌표22":580.0,"X좌표21":570.0,"X좌표20":538.0,"Y좌표19":371.922,"Y좌표18":347.927}]},"라벨링":{"스타일":[{"스타일":"모던"}],"아우터":[{}],"하의":[{"기장":"발목","색상":"블랙","카테고리":"팬츠","소재":["우븐"],"프린트":["무지"],"핏":"노멀"}],"원피스":[{}],"상의":[{"색상":"핑크","카테고리":"셔츠","옷깃":"셔츠칼라","디테일":["드롭숄더"],"소매기장":"긴팔","소재":["우븐"],"프린트":["무지"],"핏":"루즈"}]}},"파일 번호":622541,"파일 이름":"u_156715273383605400_525425397.jpg"}}