{"이미지 정보":{"이미지 식별자":63600,"이미지 높이":800,"이미지 파일명":"JoliJoli_017_08.jpg","이미지 너비":800},"데이터셋 정보":{"파일 생성일자":"2020-08-10 03:05:28","데이터셋 상세설명":{"렉트좌표":{"아우터":[{"X좌표":45.0114,"Y좌표":-0.49147,"가로":559,"세로":613}],"하의":[{}],"원피스":[{}],"상의":[{}]},"폴리곤좌표":{"아우터":[{"X좌표39":563.511,"X좌표38":605.511,"X좌표37":592.511,"X좌표36":568.511,"X좌표35":567.511,"X좌표34":541.511,"X좌표33":511.511,"X좌표32":475.511,"X좌표31":435.511,"X좌표30":393.511,"X좌표49":279.511,"X좌표48":273.511,"X좌표47":266.511,"X좌표46":297.511,"X좌표45":311.511,"X좌표44":335.511,"X좌표43":346.511,"X좌표42":430.511,"X좌표41":459.511,"X좌표40":527.511,"Y좌표26":568.009,"Y좌표25":551.009,"Y좌표28":506.009,"Y좌표27":548.009,"Y좌표22":501.009,"Y좌표21":539.009,"Y좌표24":527.009,"Y좌표23":501.009,"Y좌표20":610.009,"X좌표50":274.511,"Y좌표29":486.009,"Y좌표15":496.009,"Y좌표14":481.009,"Y좌표17":591.009,"Y좌표16":540.009,"Y좌표11":457.009,"Y좌표10":417.009,"Y좌표13":468.009,"Y좌표12":468.009,"Y좌표19":614.009,"Y좌표18":599.009,"Y좌표48":47.0085,"Y좌표47":88.0085,"Y좌표49":29.0085,"Y좌표44":26.0085,"Y좌표43":0.00852966,"Y좌표46":93.0085,"Y좌표45":73.0085,"Y좌표40":46.0085,"Y좌표42":0.00852966,"Y좌표41":16.0085,"Y좌표37":334.009,"Y좌표36":375.009,"X좌표8":45.5114,"Y좌표39":123.009,"X좌표9":64.5114,"Y좌표38":251.009,"Y좌표33":498.009,"Y좌표32":491.009,"Y좌표35":405.009,"Y좌표34":469.009,"Y좌표31":477.009,"Y좌표30":476.009,"X좌표2":255.511,"X좌표3":195.511,"X좌표1":273.511,"X좌표6":73.5114,"X좌표7":49.5114,"X좌표4":133.511,"X좌표5":75.5114,"Y좌표9":392.009,"X좌표19":213.511,"X좌표18":208.511,"X좌표17":218.511,"X좌표16":229.511,"X좌표15":239.511,"X좌표14":180.511,"X좌표13":161.511,"X좌표12":128.511,"X좌표11":107.511,"Y좌표4":116.009,"X좌표10":68.5114,"Y좌표3":72.0085,"Y좌표2":2.00853,"Y좌표1":0.00852966,"Y좌표8":372.009,"Y좌표7":306.009,"Y좌표6":270.009,"Y좌표5":251.009,"Y좌표50":3.00853,"X좌표29":367.511,"X좌표28":355.511,"X좌표27":361.511,"X좌표26":345.511,"X좌표25":327.511,"X좌표24":312.511,"X좌표23":296.511,"X좌표22":263.511,"X좌표21":257.511,"X좌표20":236.511}],"하의":[{}],"원피스":[{}],"상의":[{}]},"라벨링":{"스타일":[{"스타일":"스포티"}],"아우터":[{"기장":"크롭","색상":"그레이","카테고리":"점퍼","옷깃":"셔츠칼라","디테일":["포켓","셔링"],"소매기장":"7부소매","소재":["우븐"],"핏":"루즈"}],"하의":[{}],"원피스":[{}],"상의":[{}]}},"파일 번호":63600,"파일 이름":"JoliJoli_017_08.jpg"}}