{"이미지 정보":{"이미지 식별자":64330,"이미지 높이":800,"이미지 파일명":"JoliJoli_047_05.jpg","이미지 너비":800},"데이터셋 정보":{"파일 생성일자":"2020-08-10 03:10:05","데이터셋 상세설명":{"렉트좌표":{"아우터":[{"X좌표":219.201,"Y좌표":-1.71359,"가로":310,"세로":566}],"하의":[{}],"원피스":[{}],"상의":[{}]},"폴리곤좌표":{"아우터":[{"Y좌표87":510.075,"Y좌표84":231.463,"Y좌표83":133.599,"Y좌표86":439.174,"Y좌표85":347.302,"Y좌표80":39.7295,"Y좌표82":73.6822,"Y좌표81":61.6989,"X좌표39":247.662,"X좌표38":235.679,"X좌표37":228.689,"X좌표36":228.689,"X좌표35":238.675,"X좌표34":235.679,"X좌표33":233.682,"X좌표32":240.672,"X좌표31":235.679,"X좌표30":219.701,"Y좌표77":-0.21498,"Y좌표76":5.77669,"Y좌표79":17.76,"Y좌표78":0.783631,"Y좌표73":53.71,"Y좌표72":73.6822,"Y좌표75":30.742,"Y좌표74":37.7322,"Y좌표71":98.6475,"Y좌표70":133.599,"X좌표49":423.418,"X좌표48":392.461,"X좌표47":382.475,"X좌표46":346.525,"X좌표45":346.525,"X좌표44":350.519,"X좌표43":341.532,"X좌표42":301.587,"X좌표41":283.612,"X좌표40":265.637,"Y좌표26":210.492,"Y좌표25":184.528,"Y좌표28":277.399,"Y좌표27":238.453,"Y좌표22":75.6795,"Y좌표21":47.7183,"Y좌표24":159.563,"Y좌표23":128.606,"Y좌표20":36.7336,"X좌표59":487.329,"X좌표58":500.311,"X좌표57":467.357,"X좌표56":468.356,"X좌표55":482.336,"X좌표54":483.335,"X좌표53":476.344,"X좌표52":473.349,"X좌표51":453.376,"X좌표50":438.397,"Y좌표29":308.356,"Y좌표15":17.76,"Y좌표14":36.7336,"Y좌표17":-1.21359,"Y좌표16":-0.21498,"Y좌표11":111.629,"Y좌표10":148.578,"Y좌표13":58.7031,"Y좌표12":76.6781,"X좌표69":530.269,"X좌표68":521.282,"X좌표67":527.274,"X좌표66":520.283,"X좌표65":530.269,"X좌표64":520.283,"X좌표63":507.301,"X좌표62":499.312,"Y좌표19":20.7559,"X좌표61":485.332,"Y좌표18":7.77391,"X좌표60":486.331,"Y좌표48":547.024,"Y좌표47":556.011,"Y좌표49":545.027,"Y좌표44":517.066,"Y좌표43":509.077,"Y좌표46":559.007,"Y좌표45":548.023,"Y좌표40":527.052,"Y좌표42":511.074,"Y좌표41":523.057,"X좌표79":389.465,"X좌표78":406.442,"X좌표77":423.418,"X좌표76":432.406,"X좌표75":449.382,"X좌표74":465.36,"X좌표73":480.339,"X좌표72":497.315,"X좌표71":513.293,"X좌표70":523.279,"Y좌표37":511.074,"Y좌표36":480.117,"X좌표8":303.585,"Y좌표39":530.047,"X좌표9":309.576,"Y좌표38":545.027,"Y좌표33":400.228,"Y좌표32":371.268,"Y좌표35":450.159,"Y좌표34":433.182,"Y좌표31":353.293,"Y좌표30":346.303,"X좌표2":279.618,"X좌표87":349.521,"X좌표3":275.624,"X좌표86":352.517,"X좌표85":358.508,"X좌표1":271.629,"X좌표84":361.504,"X좌표6":297.593,"X좌표83":360.506,"X좌표7":297.593,"X좌표82":370.492,"X좌표4":283.612,"X좌표81":380.478,"X좌표5":283.612,"X좌표80":383.474,"Y좌표69":166.553,"Y좌표9":187.524,"Y좌표66":236.456,"Y좌표65":283.391,"Y좌표68":203.502,"Y좌표67":218.481,"Y좌표62":369.271,"Y좌표61":368.272,"Y좌표64":315.346,"Y좌표63":346.303,"Y좌표60":380.256,"X좌표19":297.593,"X좌표18":308.578,"X좌표17":329.549,"X좌표16":341.532,"X좌표15":338.536,"X좌표14":333.543,"X좌표13":325.554,"X좌표12":327.551,"X좌표11":326.553,"Y좌표4":327.329,"X좌표10":326.553,"Y좌표3":367.274,"Y좌표2":407.218,"Y좌표1":434.181,"Y좌표8":224.473,"Y좌표7":261.421,"Y좌표6":283.391,"Y좌표5":314.348,"Y좌표59":400.228,"Y좌표58":433.182,"Y좌표55":494.098,"Y좌표54":524.056,"Y좌표57":436.178,"Y좌표56":461.143,"Y좌표51":545.027,"Y좌표50":539.035,"Y좌표53":535.041,"Y좌표52":564.999,"X좌표29":220.7,"X좌표28":220.7,"X좌표27":226.692,"X좌표26":237.676,"X좌표25":231.685,"X좌표24":239.674,"X좌표23":242.669,"X좌표22":259.646,"X좌표21":273.626,"X좌표20":292.6}],"하의":[{}],"원피스":[{}],"상의":[{}]},"라벨링":{"스타일":[{"스타일":"스트리트"}],"아우터":[{"기장":"롱","색상":"브라운","카테고리":"패딩","소매기장":"긴팔","소재":["패딩"],"프린트":["무지"],"핏":"노멀"}],"하의":[{}],"원피스":[{}],"상의":[{}]}},"파일 번호":64330,"파일 이름":"JoliJoli_047_05.jpg"}}