{"이미지 정보":{"이미지 식별자":886034,"이미지 높이":533,"이미지 파일명":"20191018-pt4156k9a(2)-세븐스타(대행,1081)10.18-2.얼굴컷 사진 셀렉 신경써주시고 제품컷 색상 맞춰서 작업해주세여~-DHP06486.jpg","이미지 너비":800},"데이터셋 정보":{"파일 생성일자":"2020-11-05 16:54:37","데이터셋 상세설명":{"렉트좌표":{"아우터":[{}],"하의":[{"X좌표":264.4,"Y좌표":83.9609,"가로":144,"세로":349}],"원피스":[{}],"상의":[{"X좌표":203.658,"Y좌표":0.34404,"가로":230,"세로":134}]},"폴리곤좌표":{"아우터":[{}],"하의":[{"Y좌표9":181.397,"X좌표19":267.863,"X좌표18":407.124,"X좌표17":409.346,"X좌표16":404.902,"X좌표15":394.531,"X좌표14":393.79,"X좌표13":346.382,"X좌표12":328.604,"X좌표11":346.382,"Y좌표4":302.013,"X좌표10":338.234,"Y좌표3":236.155,"Y좌표2":179.177,"Y좌표1":89.6407,"Y좌표8":262.794,"Y좌표7":367.87,"Y좌표6":433.728,"Y좌표5":430.028,"Y좌표15":333.091,"Y좌표14":417.448,"X좌표8":330.827,"Y좌표17":145.139,"X좌표9":336.753,"Y좌표16":253.914,"Y좌표11":286.473,"Y좌표10":179.177,"Y좌표13":418.928,"Y좌표12":401.909,"X좌표2":264.9,"X좌표3":264.9,"X좌표1":270.085,"X좌표6":322.678,"Y좌표19":88.9007,"X좌표7":324.16,"Y좌표18":84.4609,"X좌표4":276.752,"X좌표5":270.085}],"원피스":[{}],"상의":[{"X좌표8":427.124,"X좌표9":434.532,"Y좌표9":28.223,"Y좌표10":0.84404,"X좌표2":218.232,"Y좌표4":124.419,"X좌표10":430.828,"X좌표3":238.973,"Y좌표3":60.0418,"Y좌표2":54.862,"X좌표1":204.158,"Y좌표1":2.32398,"X좌표6":348.605,"Y좌표8":74.8412,"X좌표7":403.42,"Y좌표7":124.419,"X좌표4":231.566,"Y좌표6":135.519,"X좌표5":255.27,"Y좌표5":131.079}]},"라벨링":{"스타일":[{"스타일":"스트리트"}],"아우터":[{}],"하의":[{"기장":"발목","색상":"베이지","카테고리":"팬츠","소재":["우븐"],"프린트":["무지"],"핏":"노멀"}],"원피스":[{}],"상의":[{"색상":"그린","카테고리":"티셔츠","소매기장":"긴팔","소재":["우븐"],"프린트":["무지"],"핏":"루즈"}]}},"파일 번호":886034,"파일 이름":"20191018-pt4156k9a(2)-세븐스타(대행,1081)10.18-2.얼굴컷 사진 셀렉 신경써주시고 제품컷 색상 맞춰서 작업해주세여~-DHP06486.jpg"}}