{"이미지 정보":{"이미지 식별자":982743,"이미지 높이":800,"이미지 파일명":"1103 신규작업-4-output-2-(1821)-1.jpg","이미지 너비":800},"데이터셋 정보":{"파일 생성일자":"2020-11-10 13:24:20","데이터셋 상세설명":{"렉트좌표":{"아우터":[{}],"하의":[{"X좌표":47.47,"Y좌표":373.932,"가로":335,"세로":383}],"원피스":[{}],"상의":[{"X좌표":1.49875,"Y좌표":50.135,"가로":451,"세로":533}]},"폴리곤좌표":{"아우터":[{}],"하의":[{"Y좌표9":733.208,"X좌표17":194.878,"X좌표16":147.908,"X좌표15":71.955,"X좌표14":47.97,"X좌표13":150.906,"X좌표12":219.862,"X좌표11":271.83,"Y좌표4":386.425,"X좌표10":323.797,"Y좌표3":380.429,"Y좌표2":381.428,"Y좌표1":381.428,"Y좌표8":685.238,"Y좌표7":588.299,"Y좌표6":520.341,"Y좌표5":452.384,"Y좌표15":485.363,"Y좌표14":694.232,"X좌표8":375.765,"Y좌표17":374.432,"X좌표9":371.767,"Y좌표16":421.403,"Y좌표11":758.193,"Y좌표10":753.196,"Y좌표13":750.197,"Y좌표12":758.193,"X좌표2":247.845,"X좌표3":318.801,"X좌표1":195.877,"X좌표6":382.761,"X좌표7":383.76,"X좌표4":347.783,"X좌표5":363.772}],"원피스":[{}],"상의":[{"Y좌표9":566.312,"Y좌표22":50.635,"Y좌표21":50.635,"Y좌표23":74.62,"Y좌표20":66.625,"X좌표19":430.731,"X좌표18":450.718,"X좌표17":453.716,"X좌표16":453.716,"X좌표15":429.731,"X좌표14":359.775,"X좌표13":301.811,"X좌표12":261.836,"X좌표11":197.876,"Y좌표4":273.496,"X좌표10":150.906,"Y좌표3":196.544,"Y좌표2":113.596,"Y좌표1":78.6175,"Y좌표8":584.301,"Y좌표7":438.392,"Y좌표6":397.418,"Y좌표5":342.452,"Y좌표15":414.407,"Y좌표14":458.38,"X좌표8":1.99875,"Y좌표17":260.504,"X좌표9":82.9481,"Y좌표16":337.456,"Y좌표11":489.361,"Y좌표10":538.33,"Y좌표13":452.384,"Y좌표12":453.383,"X좌표23":185.884,"X좌표22":263.835,"X좌표2":131.917,"X좌표21":327.795,"X좌표3":98.9381,"X좌표20":385.759,"X좌표1":175.89,"X좌표6":31.98,"Y좌표19":121.591,"X좌표7":1.99875,"Y좌표18":174.557,"X좌표4":79.95,"X좌표5":59.9625}]},"라벨링":{"스타일":[{"스타일":"로맨틱"}],"아우터":[{}],"하의":[{"기장":"미니","색상":"베이지","카테고리":"스커트","디테일":["플리츠"],"소재":["우븐"],"핏":"노멀"}],"원피스":[{}],"상의":[{"색상":"핑크","서브색상":"화이트","카테고리":"니트웨어","옷깃":"세일러칼라","디테일":["레이스","단추"],"소매기장":"긴팔","소재":["니트","레이스"],"핏":"노멀"}]}},"파일 번호":982743,"파일 이름":"1103 신규작업-4-output-2-(1821)-1.jpg"}}