{"이미지 정보":{"이미지 식별자":99466,"이미지 높이":800,"이미지 파일명":"AnotherC_001_07.jpg","이미지 너비":800},"데이터셋 정보":{"파일 생성일자":"2020-08-10 08:29:35","데이터셋 상세설명":{"렉트좌표":{"아우터":[{}],"하의":[{}],"원피스":[{"X좌표":279.645,"Y좌표":0.515625,"가로":287,"세로":534}],"상의":[{}]},"폴리곤좌표":{"아우터":[{}],"하의":[{}],"원피스":[{"X좌표34":295.145,"X좌표33":559.145,"X좌표32":568.145,"X좌표31":543.145,"X좌표30":499.145,"X좌표8":305.145,"X좌표9":306.145,"Y좌표33":1.01562,"Y좌표32":52.0156,"Y좌표34":6.01562,"Y좌표31":58.0156,"Y좌표30":64.0156,"X좌표2":280.145,"X좌표3":295.145,"X좌표1":295.145,"X좌표6":314.145,"X좌표7":309.145,"X좌표4":316.145,"X좌표5":325.145,"Y좌표26":223.016,"Y좌표25":318.016,"Y좌표28":63.0156,"Y좌표9":362.016,"Y좌표27":109.016,"Y좌표22":446.016,"Y좌표21":506.016,"Y좌표24":353.016,"Y좌표23":403.016,"Y좌표20":513.016,"X좌표19":488.145,"X좌표18":465.145,"X좌표17":423.145,"X좌표16":391.145,"X좌표15":375.145,"X좌표14":351.145,"X좌표13":331.145,"X좌표12":304.145,"X좌표11":295.145,"Y좌표4":52.0156,"X좌표10":299.145,"Y좌표3":38.0156,"Y좌표2":28.0156,"Y좌표1":2.01562,"Y좌표8":316.016,"Y좌표7":213.016,"Y좌표29":2.01562,"Y좌표6":127.016,"Y좌표5":4.01562,"Y좌표15":513.016,"Y좌표14":497.016,"Y좌표17":533.016,"Y좌표16":524.016,"Y좌표11":477.016,"Y좌표10":432.016,"Y좌표13":494.016,"Y좌표12":491.016,"X좌표29":494.145,"X좌표28":511.145,"X좌표27":518.145,"X좌표26":516.145,"X좌표25":521.145,"X좌표24":518.145,"X좌표23":510.145,"X좌표22":510.145,"X좌표21":514.145,"X좌표20":504.145,"Y좌표19":528.016,"Y좌표18":536.016}],"상의":[{}]},"라벨링":{"스타일":[{"스타일":"스트리트"}],"아우터":[{}],"하의":[{}],"원피스":[{"기장":"니렝스","색상":"스카이블루","카테고리":"드레스","디테일":["슬릿"],"소매기장":"반팔","소재":["우븐"],"프린트":["무지"],"핏":"노멀"}],"상의":[{}]}},"파일 번호":99466,"파일 이름":"AnotherC_001_07.jpg"}}